household_id,hour_of_day,avg_kw
MAC000017,0.0,0.1756
MAC000017,0.5,0.1451
MAC000017,1.0,0.1185
MAC000017,1.5,0.1107
MAC000017,2.0,0.1129
MAC000017,2.5,0.121
MAC000017,3.0,0.1048
MAC000017,3.5,0.1087
MAC000017,4.0,0.1148
MAC000017,4.5,0.1004
MAC000017,5.0,0.1067
MAC000017,5.5,0.1376
MAC000017,6.0,0.1357
MAC000017,6.5,0.2116
MAC000017,7.0,0.2546
MAC000017,7.5,0.2679
MAC000017,8.0,0.2986
MAC000017,8.5,0.2796
MAC000017,9.0,0.2805
MAC000017,9.5,0.2873
MAC000017,10.0,0.2861
MAC000017,10.5,0.3058
MAC000017,11.0,0.3153
MAC000017,11.5,0.3445
MAC000017,12.0,0.3484
MAC000017,12.5,0.3779
MAC000017,13.0,0.3064
MAC000017,13.5,0.2709
MAC000017,14.0,0.2631
MAC000017,14.5,0.2668
MAC000017,15.0,0.2638
MAC000017,15.5,0.2987
MAC000017,16.0,0.2965
MAC000017,16.5,0.3632
MAC000017,17.0,0.4013
MAC000017,17.5,0.422
MAC000017,18.0,0.4408
MAC000017,18.5,0.4315
MAC000017,19.0,0.4212
MAC000017,19.5,0.379
MAC000017,20.0,0.349
MAC000017,20.5,0.3619
MAC000017,21.0,0.3484
MAC000017,21.5,0.3432
MAC000017,22.0,0.3499
MAC000017,22.5,0.3028
MAC000017,23.0,0.2738
MAC000017,23.5,0.2212
MAC000023,0.0,0.2442
MAC000023,0.5,0.2055
MAC000023,1.0,0.188
MAC000023,1.5,0.1714
MAC000023,2.0,0.1652
MAC000023,2.5,0.1655
MAC000023,3.0,0.1579
MAC000023,3.5,0.1574
MAC000023,4.0,0.1567
MAC000023,4.5,0.1589
MAC000023,5.0,0.2116
MAC000023,5.5,0.2155
MAC000023,6.0,0.2775
MAC000023,6.5,0.4335
MAC000023,7.0,0.4699
MAC000023,7.5,0.6081
MAC000023,8.0,0.7024
MAC000023,8.5,0.6873
MAC000023,9.0,0.76
MAC000023,9.5,0.6622
MAC000023,10.0,0.6106
MAC000023,10.5,0.5778
MAC000023,11.0,0.6017
MAC000023,11.5,0.6591
MAC000023,12.0,0.7763
MAC000023,12.5,0.793
MAC000023,13.0,0.8203
MAC000023,13.5,0.8212
MAC000023,14.0,0.7388
MAC000023,14.5,0.7223
MAC000023,15.0,0.7111
MAC000023,15.5,0.6553
MAC000023,16.0,0.623
MAC000023,16.5,0.6406
MAC000023,17.0,0.6908
MAC000023,17.5,0.7782
MAC000023,18.0,0.8885
MAC000023,18.5,1.0332
MAC000023,19.0,1.1654
MAC000023,19.5,1.1566
MAC000023,20.0,1.0824
MAC000023,20.5,0.9293
MAC000023,21.0,0.7997
MAC000023,21.5,0.681
MAC000023,22.0,0.5957
MAC000023,22.5,0.4734
MAC000023,23.0,0.3686
MAC000023,23.5,0.315
MAC000025,0.0,0.0318
MAC000025,0.5,0.0309
MAC000025,1.0,0.0327
MAC000025,1.5,0.0319
MAC000025,2.0,0.0322
MAC000025,2.5,0.0313
MAC000025,3.0,0.0379
MAC000025,3.5,0.0392
MAC000025,4.0,0.0403
MAC000025,4.5,0.053
MAC000025,5.0,0.0594
MAC000025,5.5,0.0773
MAC000025,6.0,0.1558
MAC000025,6.5,0.3276
MAC000025,7.0,0.4728
MAC000025,7.5,0.4947
MAC000025,8.0,0.4113
MAC000025,8.5,0.3425
MAC000025,9.0,0.1797
MAC000025,9.5,0.1539
MAC000025,10.0,0.1637
MAC000025,10.5,0.1746
MAC000025,11.0,0.2041
MAC000025,11.5,0.2603
MAC000025,12.0,0.3826
MAC000025,12.5,0.6669
MAC000025,13.0,0.7517
MAC000025,13.5,0.8034
MAC000025,14.0,0.749
MAC000025,14.5,0.5563
MAC000025,15.0,0.3963
MAC000025,15.5,0.2792
MAC000025,16.0,0.249
MAC000025,16.5,0.1859
MAC000025,17.0,0.1658
MAC000025,17.5,0.1653
MAC000025,18.0,0.1461
MAC000025,18.5,0.1559
MAC000025,19.0,0.1299
MAC000025,19.5,0.0845
MAC000025,20.0,0.068
MAC000025,20.5,0.0585
MAC000025,21.0,0.0459
MAC000025,21.5,0.0372
MAC000025,22.0,0.0343
MAC000025,22.5,0.0335
MAC000025,23.0,0.0334
MAC000025,23.5,0.0318
MAC000040,0.0,0.9485
MAC000040,0.5,0.9178
MAC000040,1.0,0.9615
MAC000040,1.5,0.9839
MAC000040,2.0,0.9875
MAC000040,2.5,0.9772
MAC000040,3.0,0.9389
MAC000040,3.5,0.9709
MAC000040,4.0,0.9161
MAC000040,4.5,0.9642
MAC000040,5.0,0.9289
MAC000040,5.5,1.0982
MAC000040,6.0,1.2558
MAC000040,6.5,1.3769
MAC000040,7.0,1.51
MAC000040,7.5,1.5168
MAC000040,8.0,1.4849
MAC000040,8.5,1.483
MAC000040,9.0,1.4311
MAC000040,9.5,1.4361
MAC000040,10.0,1.4135
MAC000040,10.5,1.3014
MAC000040,11.0,1.2489
MAC000040,11.5,1.2339
MAC000040,12.0,1.2268
MAC000040,12.5,1.2631
MAC000040,13.0,1.2856
MAC000040,13.5,1.3072
MAC000040,14.0,1.3117
MAC000040,14.5,1.3757
MAC000040,15.0,1.3329
MAC000040,15.5,1.2978
MAC000040,16.0,1.3494
MAC000040,16.5,1.4579
MAC000040,17.0,1.4379
MAC000040,17.5,1.4109
MAC000040,18.0,1.5582
MAC000040,18.5,1.6396
MAC000040,19.0,1.7351
MAC000040,19.5,1.7474
MAC000040,20.0,1.7555
MAC000040,20.5,1.7242
MAC000040,21.0,1.7276
MAC000040,21.5,1.7523
MAC000040,22.0,1.5306
MAC000040,22.5,1.3675
MAC000040,23.0,1.135
MAC000040,23.5,1.0023
MAC000046,0.0,0.4841
MAC000046,0.5,0.49
MAC000046,1.0,0.4192
MAC000046,1.5,0.3282
MAC000046,2.0,0.2102
MAC000046,2.5,0.1178
MAC000046,3.0,0.1073
MAC000046,3.5,0.1005
MAC000046,4.0,0.1004
MAC000046,4.5,0.0966
MAC000046,5.0,0.1001
MAC000046,5.5,0.1258
MAC000046,6.0,0.2198
MAC000046,6.5,0.2757
MAC000046,7.0,0.4286
MAC000046,7.5,0.4241
MAC000046,8.0,0.4832
MAC000046,8.5,0.611
MAC000046,9.0,0.6068
MAC000046,9.5,0.6775
MAC000046,10.0,0.7008
MAC000046,10.5,0.6912
MAC000046,11.0,0.6913
MAC000046,11.5,0.6559
MAC000046,12.0,0.626
MAC000046,12.5,0.6155
MAC000046,13.0,0.5874
MAC000046,13.5,0.6164
MAC000046,14.0,0.6657
MAC000046,14.5,0.6617
MAC000046,15.0,0.6784
MAC000046,15.5,0.7549
MAC000046,16.0,0.8965
MAC000046,16.5,1.0195
MAC000046,17.0,1.0142
MAC000046,17.5,0.8986
MAC000046,18.0,0.7024
MAC000046,18.5,0.6042
MAC000046,19.0,0.5661
MAC000046,19.5,0.5997
MAC000046,20.0,0.6175
MAC000046,20.5,0.6026
MAC000046,21.0,0.5824
MAC000046,21.5,0.5479
MAC000046,22.0,0.5263
MAC000046,22.5,0.5008
MAC000046,23.0,0.4955
MAC000046,23.5,0.4753
MAC000051,0.0,0.6257
MAC000051,0.5,0.5046
MAC000051,1.0,0.4163
MAC000051,1.5,0.3549
MAC000051,2.0,0.3159
MAC000051,2.5,0.2864
MAC000051,3.0,0.2633
MAC000051,3.5,0.2453
MAC000051,4.0,0.236
MAC000051,4.5,0.2356
MAC000051,5.0,0.2338
MAC000051,5.5,0.2537
MAC000051,6.0,0.2697
MAC000051,6.5,0.3318
MAC000051,7.0,0.3994
MAC000051,7.5,0.4532
MAC000051,8.0,0.6143
MAC000051,8.5,0.5971
MAC000051,9.0,0.7195
MAC000051,9.5,0.727
MAC000051,10.0,0.7883
MAC000051,10.5,0.7813
MAC000051,11.0,0.793
MAC000051,11.5,0.8729
MAC000051,12.0,0.8061
MAC000051,12.5,0.8698
MAC000051,13.0,0.7823
MAC000051,13.5,0.8036
MAC000051,14.0,0.769
MAC000051,14.5,0.6912
MAC000051,15.0,0.6613
MAC000051,15.5,0.6838
MAC000051,16.0,0.7451
MAC000051,16.5,0.7497
MAC000051,17.0,0.6897
MAC000051,17.5,0.7462
MAC000051,18.0,0.7554
MAC000051,18.5,0.7367
MAC000051,19.0,0.7358
MAC000051,19.5,0.7337
MAC000051,20.0,0.7696
MAC000051,20.5,0.769
MAC000051,21.0,0.7668
MAC000051,21.5,0.7977
MAC000051,22.0,0.7937
MAC000051,22.5,0.7774
MAC000051,23.0,0.763
MAC000051,23.5,0.6898
MAC000076,0.0,0.4677
MAC000076,0.5,0.4204
MAC000076,1.0,0.3871
MAC000076,1.5,0.3555
MAC000076,2.0,0.3261
MAC000076,2.5,0.3006
MAC000076,3.0,0.2924
MAC000076,3.5,0.2851
MAC000076,4.0,0.2844
MAC000076,4.5,0.2962
MAC000076,5.0,0.3371
MAC000076,5.5,0.4
MAC000076,6.0,0.5128
MAC000076,6.5,0.5375
MAC000076,7.0,0.5696
MAC000076,7.5,0.5567
MAC000076,8.0,0.5913
MAC000076,8.5,0.6535
MAC000076,9.0,0.7387
MAC000076,9.5,0.8319
MAC000076,10.0,0.8707
MAC000076,10.5,0.8947
MAC000076,11.0,0.9017
MAC000076,11.5,0.8611
MAC000076,12.0,0.8921
MAC000076,12.5,0.9154
MAC000076,13.0,0.8885
MAC000076,13.5,0.8867
MAC000076,14.0,1.0041
MAC000076,14.5,0.9838
MAC000076,15.0,0.9785
MAC000076,15.5,0.996
MAC000076,16.0,1.1056
MAC000076,16.5,1.2226
MAC000076,17.0,1.2896
MAC000076,17.5,1.2983
MAC000076,18.0,1.3308
MAC000076,18.5,1.2999
MAC000076,19.0,1.3137
MAC000076,19.5,1.2219
MAC000076,20.0,1.1284
MAC000076,20.5,0.9748
MAC000076,21.0,0.9367
MAC000076,21.5,0.79
MAC000076,22.0,0.7425
MAC000076,22.5,0.6362
MAC000076,23.0,0.5709
MAC000076,23.5,0.514
MAC000082,0.0,0.0975
MAC000082,0.5,0.0939
MAC000082,1.0,0.0898
MAC000082,1.5,0.0805
MAC000082,2.0,0.0792
MAC000082,2.5,0.0705
MAC000082,3.0,0.0671
MAC000082,3.5,0.0688
MAC000082,4.0,0.0663
MAC000082,4.5,0.0648
MAC000082,5.0,0.0581
MAC000082,5.5,0.0566
MAC000082,6.0,0.0585
MAC000082,6.5,0.0621
MAC000082,7.0,0.0617
MAC000082,7.5,0.0679
MAC000082,8.0,0.0795
MAC000082,8.5,0.0644
MAC000082,9.0,0.0617
MAC000082,9.5,0.0687
MAC000082,10.0,0.072
MAC000082,10.5,0.0726
MAC000082,11.0,0.068
MAC000082,11.5,0.0766
MAC000082,12.0,0.0898
MAC000082,12.5,0.1002
MAC000082,13.0,0.1218
MAC000082,13.5,0.1682
MAC000082,14.0,0.1887
MAC000082,14.5,0.1818
MAC000082,15.0,0.193
MAC000082,15.5,0.2287
MAC000082,16.0,0.1878
MAC000082,16.5,0.2239
MAC000082,17.0,0.2826
MAC000082,17.5,0.2963
MAC000082,18.0,0.3049
MAC000082,18.5,0.2662
MAC000082,19.0,0.1769
MAC000082,19.5,0.1356
MAC000082,20.0,0.1221
MAC000082,20.5,0.1094
MAC000082,21.0,0.1073
MAC000082,21.5,0.1063
MAC000082,22.0,0.108
MAC000082,22.5,0.102
MAC000082,23.0,0.0973
MAC000082,23.5,0.1129
MAC000089,0.0,0.1174
MAC000089,0.5,0.1136
MAC000089,1.0,0.1114
MAC000089,1.5,0.1089
MAC000089,2.0,0.1142
MAC000089,2.5,0.1108
MAC000089,3.0,0.1065
MAC000089,3.5,0.11
MAC000089,4.0,0.1237
MAC000089,4.5,0.1374
MAC000089,5.0,0.186
MAC000089,5.5,0.2401
MAC000089,6.0,0.2742
MAC000089,6.5,0.354
MAC000089,7.0,0.4007
MAC000089,7.5,0.3955
MAC000089,8.0,0.3677
MAC000089,8.5,0.3255
MAC000089,9.0,0.2888
MAC000089,9.5,0.2792
MAC000089,10.0,0.2608
MAC000089,10.5,0.2417
MAC000089,11.0,0.2239
MAC000089,11.5,0.2055
MAC000089,12.0,0.2076
MAC000089,12.5,0.2239
MAC000089,13.0,0.212
MAC000089,13.5,0.2119
MAC000089,14.0,0.2352
MAC000089,14.5,0.2328
MAC000089,15.0,0.2544
MAC000089,15.5,0.3105
MAC000089,16.0,0.341
MAC000089,16.5,0.4131
MAC000089,17.0,0.4489
MAC000089,17.5,0.5284
MAC000089,18.0,0.5774
MAC000089,18.5,0.5715
MAC000089,19.0,0.4973
MAC000089,19.5,0.4666
MAC000089,20.0,0.4959
MAC000089,20.5,0.4811
MAC000089,21.0,0.4148
MAC000089,21.5,0.3573
MAC000089,22.0,0.2592
MAC000089,22.5,0.2083
MAC000089,23.0,0.1368
MAC000089,23.5,0.1254
MAC000109,0.0,0.167
MAC000109,0.5,0.157
MAC000109,1.0,0.1461
MAC000109,1.5,0.1453
MAC000109,2.0,0.1462
MAC000109,2.5,0.1427
MAC000109,3.0,0.1431
MAC000109,3.5,0.1487
MAC000109,4.0,0.1511
MAC000109,4.5,0.1511
MAC000109,5.0,0.1656
MAC000109,5.5,0.207
MAC000109,6.0,0.2444
MAC000109,6.5,0.2663
MAC000109,7.0,0.2658
MAC000109,7.5,0.264
MAC000109,8.0,0.2685
MAC000109,8.5,0.2742
MAC000109,9.0,0.2901
MAC000109,9.5,0.2821
MAC000109,10.0,0.2858
MAC000109,10.5,0.2654
MAC000109,11.0,0.2618
MAC000109,11.5,0.2864
MAC000109,12.0,0.3295
MAC000109,12.5,0.3377
MAC000109,13.0,0.3424
MAC000109,13.5,0.3323
MAC000109,14.0,0.329
MAC000109,14.5,0.294
MAC000109,15.0,0.273
MAC000109,15.5,0.283
MAC000109,16.0,0.2955
MAC000109,16.5,0.3261
MAC000109,17.0,0.3628
MAC000109,17.5,0.3941
MAC000109,18.0,0.3682
MAC000109,18.5,0.3744
MAC000109,19.0,0.3751
MAC000109,19.5,0.3539
MAC000109,20.0,0.3638
MAC000109,20.5,0.3399
MAC000109,21.0,0.3497
MAC000109,21.5,0.3402
MAC000109,22.0,0.2812
MAC000109,22.5,0.2461
MAC000109,23.0,0.2187
MAC000109,23.5,0.191
MAC000124,0.0,0.3786
MAC000124,0.5,0.3442
MAC000124,1.0,0.3152
MAC000124,1.5,0.2888
MAC000124,2.0,0.2777
MAC000124,2.5,0.2647
MAC000124,3.0,0.2601
MAC000124,3.5,0.2567
MAC000124,4.0,0.2535
MAC000124,4.5,0.2539
MAC000124,5.0,0.27
MAC000124,5.5,0.2954
MAC000124,6.0,0.3564
MAC000124,6.5,0.37
MAC000124,7.0,0.4146
MAC000124,7.5,0.3899
MAC000124,8.0,0.42
MAC000124,8.5,0.433
MAC000124,9.0,0.4449
MAC000124,9.5,0.4663
MAC000124,10.0,0.4944
MAC000124,10.5,0.5304
MAC000124,11.0,0.5207
MAC000124,11.5,0.4996
MAC000124,12.0,0.5108
MAC000124,12.5,0.499
MAC000124,13.0,0.4929
MAC000124,13.5,0.5027
MAC000124,14.0,0.4941
MAC000124,14.5,0.4798
MAC000124,15.0,0.4575
MAC000124,15.5,0.4614
MAC000124,16.0,0.4793
MAC000124,16.5,0.5261
MAC000124,17.0,0.5443
MAC000124,17.5,0.5925
MAC000124,18.0,0.6255
MAC000124,18.5,0.6338
MAC000124,19.0,0.6333
MAC000124,19.5,0.6534
MAC000124,20.0,0.6612
MAC000124,20.5,0.6651
MAC000124,21.0,0.6415
MAC000124,21.5,0.594
MAC000124,22.0,0.5504
MAC000124,22.5,0.5078
MAC000124,23.0,0.4684
MAC000124,23.5,0.4235
MAC000132,0.0,0.3205
MAC000132,0.5,0.2781
MAC000132,1.0,0.2482
MAC000132,1.5,0.2328
MAC000132,2.0,0.2349
MAC000132,2.5,0.2349
MAC000132,3.0,0.2307
MAC000132,3.5,0.2242
MAC000132,4.0,0.2235
MAC000132,4.5,0.2471
MAC000132,5.0,0.3072
MAC000132,5.5,0.4636
MAC000132,6.0,0.4959
MAC000132,6.5,0.6795
MAC000132,7.0,0.5411
MAC000132,7.5,0.4856
MAC000132,8.0,0.455
MAC000132,8.5,0.5187
MAC000132,9.0,0.498
MAC000132,9.5,0.454
MAC000132,10.0,0.4974
MAC000132,10.5,0.5019
MAC000132,11.0,0.4852
MAC000132,11.5,0.4625
MAC000132,12.0,0.501
MAC000132,12.5,0.5002
MAC000132,13.0,0.5119
MAC000132,13.5,0.5134
MAC000132,14.0,0.5291
MAC000132,14.5,0.5539
MAC000132,15.0,0.5798
MAC000132,15.5,0.673
MAC000132,16.0,0.7975
MAC000132,16.5,0.9276
MAC000132,17.0,1.1053
MAC000132,17.5,1.2388
MAC000132,18.0,1.2751
MAC000132,18.5,1.1546
MAC000132,19.0,1.0794
MAC000132,19.5,1.0219
MAC000132,20.0,1.0105
MAC000132,20.5,0.9604
MAC000132,21.0,0.8679
MAC000132,21.5,0.7413
MAC000132,22.0,0.6562
MAC000132,22.5,0.5446
MAC000132,23.0,0.4335
MAC000132,23.5,0.3715
MAC000145,0.0,0.4652
MAC000145,0.5,0.4184
MAC000145,1.0,0.3746
MAC000145,1.5,0.3564
MAC000145,2.0,0.3488
MAC000145,2.5,0.3293
MAC000145,3.0,0.3084
MAC000145,3.5,0.3059
MAC000145,4.0,0.3035
MAC000145,4.5,0.2963
MAC000145,5.0,0.2917
MAC000145,5.5,0.3444
MAC000145,6.0,0.4155
MAC000145,6.5,0.4317
MAC000145,7.0,0.4685
MAC000145,7.5,0.4614
MAC000145,8.0,0.4968
MAC000145,8.5,0.5203
MAC000145,9.0,0.519
MAC000145,9.5,0.5484
MAC000145,10.0,0.5097
MAC000145,10.5,0.5022
MAC000145,11.0,0.562
MAC000145,11.5,0.5744
MAC000145,12.0,0.5642
MAC000145,12.5,0.5611
MAC000145,13.0,0.575
MAC000145,13.5,0.5838
MAC000145,14.0,0.5505
MAC000145,14.5,0.5419
MAC000145,15.0,0.592
MAC000145,15.5,0.6378
MAC000145,16.0,0.6813
MAC000145,16.5,0.6749
MAC000145,17.0,0.7157
MAC000145,17.5,0.7657
MAC000145,18.0,0.7857
MAC000145,18.5,0.7786
MAC000145,19.0,0.7809
MAC000145,19.5,0.8481
MAC000145,20.0,0.8389
MAC000145,20.5,0.8198
MAC000145,21.0,0.8119
MAC000145,21.5,0.75
MAC000145,22.0,0.6654
MAC000145,22.5,0.6248
MAC000145,23.0,0.5597
MAC000145,23.5,0.5224
MAC000158,0.0,0.1157
MAC000158,0.5,0.0844
MAC000158,1.0,0.0603
MAC000158,1.5,0.0632
MAC000158,2.0,0.0694
MAC000158,2.5,0.0607
MAC000158,3.0,0.0605
MAC000158,3.5,0.0636
MAC000158,4.0,0.0607
MAC000158,4.5,0.0594
MAC000158,5.0,0.0666
MAC000158,5.5,0.0656
MAC000158,6.0,0.0648
MAC000158,6.5,0.0683
MAC000158,7.0,0.1098
MAC000158,7.5,0.1705
MAC000158,8.0,0.1468
MAC000158,8.5,0.195
MAC000158,9.0,0.1526
MAC000158,9.5,0.1427
MAC000158,10.0,0.1378
MAC000158,10.5,0.1732
MAC000158,11.0,0.2026
MAC000158,11.5,0.4978
MAC000158,12.0,0.3764
MAC000158,12.5,0.4182
MAC000158,13.0,0.3328
MAC000158,13.5,0.2269
MAC000158,14.0,0.2004
MAC000158,14.5,0.174
MAC000158,15.0,0.1386
MAC000158,15.5,0.1299
MAC000158,16.0,0.1275
MAC000158,16.5,0.1459
MAC000158,17.0,0.1661
MAC000158,17.5,0.2032
MAC000158,18.0,0.1751
MAC000158,18.5,0.2137
MAC000158,19.0,0.1983
MAC000158,19.5,0.2016
MAC000158,20.0,0.2191
MAC000158,20.5,0.2424
MAC000158,21.0,0.2642
MAC000158,21.5,0.2603
MAC000158,22.0,0.2533
MAC000158,22.5,0.221
MAC000158,23.0,0.2312
MAC000158,23.5,0.1643
MAC000162,0.0,0.2072
MAC000162,0.5,0.1895
MAC000162,1.0,0.1773
MAC000162,1.5,0.1698
MAC000162,2.0,0.1572
MAC000162,2.5,0.1446
MAC000162,3.0,0.1354
MAC000162,3.5,0.1196
MAC000162,4.0,0.1
MAC000162,4.5,0.1033
MAC000162,5.0,0.0989
MAC000162,5.5,0.0893
MAC000162,6.0,0.1038
MAC000162,6.5,0.1346
MAC000162,7.0,0.1633
MAC000162,7.5,0.1894
MAC000162,8.0,0.2136
MAC000162,8.5,0.1951
MAC000162,9.0,0.1808
MAC000162,9.5,0.1779
MAC000162,10.0,0.1825
MAC000162,10.5,0.17
MAC000162,11.0,0.1565
MAC000162,11.5,0.163
MAC000162,12.0,0.1843
MAC000162,12.5,0.1735
MAC000162,13.0,0.1759
MAC000162,13.5,0.1797
MAC000162,14.0,0.1808
MAC000162,14.5,0.1667
MAC000162,15.0,0.1776
MAC000162,15.5,0.1801
MAC000162,16.0,0.2192
MAC000162,16.5,0.2355
MAC000162,17.0,0.2251
MAC000162,17.5,0.2441
MAC000162,18.0,0.2461
MAC000162,18.5,0.2703
MAC000162,19.0,0.2823
MAC000162,19.5,0.2788
MAC000162,20.0,0.2965
MAC000162,20.5,0.3056
MAC000162,21.0,0.2967
MAC000162,21.5,0.2895
MAC000162,22.0,0.2685
MAC000162,22.5,0.2719
MAC000162,23.0,0.2448
MAC000162,23.5,0.2144
MAC000175,0.0,0.2885
MAC000175,0.5,0.2755
MAC000175,1.0,0.2585
MAC000175,1.5,0.2468
MAC000175,2.0,0.2426
MAC000175,2.5,0.2371
MAC000175,3.0,0.2383
MAC000175,3.5,0.2494
MAC000175,4.0,0.2652
MAC000175,4.5,0.277
MAC000175,5.0,0.2957
MAC000175,5.5,0.3101
MAC000175,6.0,0.3293
MAC000175,6.5,0.3332
MAC000175,7.0,0.338
MAC000175,7.5,0.3405
MAC000175,8.0,0.3567
MAC000175,8.5,0.3494
MAC000175,9.0,0.3414
MAC000175,9.5,0.3329
MAC000175,10.0,0.3278
MAC000175,10.5,0.3352
MAC000175,11.0,0.3453
MAC000175,11.5,0.3572
MAC000175,12.0,0.3706
MAC000175,12.5,0.3508
MAC000175,13.0,0.3483
MAC000175,13.5,0.3484
MAC000175,14.0,0.3357
MAC000175,14.5,0.3418
MAC000175,15.0,0.3618
MAC000175,15.5,0.3865
MAC000175,16.0,0.4338
MAC000175,16.5,0.4571
MAC000175,17.0,0.4837
MAC000175,17.5,0.4681
MAC000175,18.0,0.4423
MAC000175,18.5,0.4417
MAC000175,19.0,0.4248
MAC000175,19.5,0.399
MAC000175,20.0,0.3848
MAC000175,20.5,0.3803
MAC000175,21.0,0.3735
MAC000175,21.5,0.3621
MAC000175,22.0,0.349
MAC000175,22.5,0.3376
MAC000175,23.0,0.3264
MAC000175,23.5,0.3046
MAC000180,0.0,0.2915
MAC000180,0.5,0.2613
MAC000180,1.0,0.2247
MAC000180,1.5,0.2083
MAC000180,2.0,0.202
MAC000180,2.5,0.2106
MAC000180,3.0,0.2111
MAC000180,3.5,0.2041
MAC000180,4.0,0.199
MAC000180,4.5,0.1881
MAC000180,5.0,0.2144
MAC000180,5.5,0.2515
MAC000180,6.0,0.4512
MAC000180,6.5,0.9507
MAC000180,7.0,0.5852
MAC000180,7.5,1.4422
MAC000180,8.0,0.5662
MAC000180,8.5,0.524
MAC000180,9.0,0.4195
MAC000180,9.5,0.3265
MAC000180,10.0,0.3761
MAC000180,10.5,0.3621
MAC000180,11.0,0.4062
MAC000180,11.5,0.4479
MAC000180,12.0,0.4752
MAC000180,12.5,0.4522
MAC000180,13.0,0.4621
MAC000180,13.5,0.4462
MAC000180,14.0,0.3999
MAC000180,14.5,0.375
MAC000180,15.0,0.4112
MAC000180,15.5,0.4862
MAC000180,16.0,0.4578
MAC000180,16.5,0.4773
MAC000180,17.0,0.5462
MAC000180,17.5,0.5493
MAC000180,18.0,0.5727
MAC000180,18.5,0.6665
MAC000180,19.0,0.7125
MAC000180,19.5,0.6578
MAC000180,20.0,0.6564
MAC000180,20.5,0.7015
MAC000180,21.0,0.5899
MAC000180,21.5,0.5458
MAC000180,22.0,0.5142
MAC000180,22.5,0.4681
MAC000180,23.0,0.4112
MAC000180,23.5,0.3526
MAC000182,0.0,0.1479
MAC000182,0.5,0.1497
MAC000182,1.0,0.1371
MAC000182,1.5,0.1362
MAC000182,2.0,0.1335
MAC000182,2.5,0.1321
MAC000182,3.0,0.133
MAC000182,3.5,0.1305
MAC000182,4.0,0.1305
MAC000182,4.5,0.1322
MAC000182,5.0,0.1449
MAC000182,5.5,0.1459
MAC000182,6.0,0.1698
MAC000182,6.5,0.2011
MAC000182,7.0,0.2483
MAC000182,7.5,0.2227
MAC000182,8.0,0.2536
MAC000182,8.5,0.2514
MAC000182,9.0,0.2563
MAC000182,9.5,0.3116
MAC000182,10.0,0.3387
MAC000182,10.5,0.318
MAC000182,11.0,0.3542
MAC000182,11.5,0.3176
MAC000182,12.0,0.3238
MAC000182,12.5,0.3176
MAC000182,13.0,0.3088
MAC000182,13.5,0.3025
MAC000182,14.0,0.3209
MAC000182,14.5,0.3117
MAC000182,15.0,0.3052
MAC000182,15.5,0.3083
MAC000182,16.0,0.3212
MAC000182,16.5,0.3462
MAC000182,17.0,0.3588
MAC000182,17.5,0.36
MAC000182,18.0,0.3475
MAC000182,18.5,0.4264
MAC000182,19.0,0.3916
MAC000182,19.5,0.4186
MAC000182,20.0,0.4622
MAC000182,20.5,0.4222
MAC000182,21.0,0.4065
MAC000182,21.5,0.3229
MAC000182,22.0,0.2618
MAC000182,22.5,0.2168
MAC000182,23.0,0.1732
MAC000182,23.5,0.1661
MAC000190,0.0,0.1655
MAC000190,0.5,0.1538
MAC000190,1.0,0.1549
MAC000190,1.5,0.1495
MAC000190,2.0,0.1491
MAC000190,2.5,0.1509
MAC000190,3.0,0.1463
MAC000190,3.5,0.1513
MAC000190,4.0,0.1562
MAC000190,4.5,0.1686
MAC000190,5.0,0.2317
MAC000190,5.5,0.2625
MAC000190,6.0,0.2905
MAC000190,6.5,0.2961
MAC000190,7.0,0.2867
MAC000190,7.5,0.2959
MAC000190,8.0,0.2748
MAC000190,8.5,0.2617
MAC000190,9.0,0.2713
MAC000190,9.5,0.2695
MAC000190,10.0,0.2771
MAC000190,10.5,0.2729
MAC000190,11.0,0.282
MAC000190,11.5,0.2686
MAC000190,12.0,0.2583
MAC000190,12.5,0.2623
MAC000190,13.0,0.2482
MAC000190,13.5,0.2311
MAC000190,14.0,0.2448
MAC000190,14.5,0.2518
MAC000190,15.0,0.2829
MAC000190,15.5,0.3144
MAC000190,16.0,0.3332
MAC000190,16.5,0.3549
MAC000190,17.0,0.3859
MAC000190,17.5,0.428
MAC000190,18.0,0.3919
MAC000190,18.5,0.3568
MAC000190,19.0,0.371
MAC000190,19.5,0.3838
MAC000190,20.0,0.3987
MAC000190,20.5,0.3732
MAC000190,21.0,0.3256
MAC000190,21.5,0.2923
MAC000190,22.0,0.2461
MAC000190,22.5,0.2091
MAC000190,23.0,0.179
MAC000190,23.5,0.1676
MAC000194,0.0,0.2365
MAC000194,0.5,0.2271
MAC000194,1.0,0.211
MAC000194,1.5,0.2203
MAC000194,2.0,0.2057
MAC000194,2.5,0.2172
MAC000194,3.0,0.2195
MAC000194,3.5,0.2031
MAC000194,4.0,0.2053
MAC000194,4.5,0.1929
MAC000194,5.0,0.212
MAC000194,5.5,0.1956
MAC000194,6.0,0.1973
MAC000194,6.5,0.211
MAC000194,7.0,0.2395
MAC000194,7.5,0.3427
MAC000194,8.0,0.4248
MAC000194,8.5,0.3822
MAC000194,9.0,0.4743
MAC000194,9.5,0.532
MAC000194,10.0,0.403
MAC000194,10.5,0.3286
MAC000194,11.0,0.3019
MAC000194,11.5,0.3277
MAC000194,12.0,0.3332
MAC000194,12.5,0.3266
MAC000194,13.0,0.3366
MAC000194,13.5,0.3372
MAC000194,14.0,0.3616
MAC000194,14.5,0.3475
MAC000194,15.0,0.3703
MAC000194,15.5,0.4195
MAC000194,16.0,0.4909
MAC000194,16.5,0.5712
MAC000194,17.0,0.6644
MAC000194,17.5,0.8178
MAC000194,18.0,1.1053
MAC000194,18.5,1.2482
MAC000194,19.0,1.0682
MAC000194,19.5,0.844
MAC000194,20.0,0.6629
MAC000194,20.5,0.5737
MAC000194,21.0,0.5057
MAC000194,21.5,0.4066
MAC000194,22.0,0.3349
MAC000194,22.5,0.2886
MAC000194,23.0,0.2574
MAC000194,23.5,0.2451
MAC000195,0.0,0.4614
MAC000195,0.5,0.4703
MAC000195,1.0,0.4865
MAC000195,1.5,0.4975
MAC000195,2.0,0.5565
MAC000195,2.5,0.5482
MAC000195,3.0,0.6022
MAC000195,3.5,0.6187
MAC000195,4.0,0.6023
MAC000195,4.5,0.5937
MAC000195,5.0,0.5776
MAC000195,5.5,0.5787
MAC000195,6.0,0.565
MAC000195,6.5,0.5623
MAC000195,7.0,0.5597
MAC000195,7.5,0.5529
MAC000195,8.0,0.5601
MAC000195,8.5,0.5753
MAC000195,9.0,0.5864
MAC000195,9.5,0.6027
MAC000195,10.0,0.608
MAC000195,10.5,0.6011
MAC000195,11.0,0.584
MAC000195,11.5,0.59
MAC000195,12.0,0.5966
MAC000195,12.5,0.5869
MAC000195,13.0,0.6099
MAC000195,13.5,0.6659
MAC000195,14.0,0.7012
MAC000195,14.5,0.7011
MAC000195,15.0,0.674
MAC000195,15.5,0.6363
MAC000195,16.0,0.5688
MAC000195,16.5,0.5584
MAC000195,17.0,0.5525
MAC000195,17.5,0.5515
MAC000195,18.0,0.5524
MAC000195,18.5,0.5845
MAC000195,19.0,0.6013
MAC000195,19.5,0.6196
MAC000195,20.0,0.6323
MAC000195,20.5,0.6217
MAC000195,21.0,0.5962
MAC000195,21.5,0.5566
MAC000195,22.0,0.5097
MAC000195,22.5,0.4664
MAC000195,23.0,0.4599
MAC000195,23.5,0.4724
MAC000198,0.0,1.1451
MAC000198,0.5,1.033
MAC000198,1.0,0.8254
MAC000198,1.5,0.697
MAC000198,2.0,0.5725
MAC000198,2.5,0.5008
MAC000198,3.0,0.4486
MAC000198,3.5,0.4729
MAC000198,4.0,0.4743
MAC000198,4.5,0.6188
MAC000198,5.0,0.6475
MAC000198,5.5,0.7394
MAC000198,6.0,0.7271
MAC000198,6.5,0.7433
MAC000198,7.0,0.7829
MAC000198,7.5,0.6188
MAC000198,8.0,0.4589
MAC000198,8.5,0.4057
MAC000198,9.0,0.3738
MAC000198,9.5,0.4422
MAC000198,10.0,0.495
MAC000198,10.5,0.537
MAC000198,11.0,0.545
MAC000198,11.5,0.5768
MAC000198,12.0,0.6586
MAC000198,12.5,0.656
MAC000198,13.0,0.6817
MAC000198,13.5,0.6616
MAC000198,14.0,0.6961
MAC000198,14.5,0.6508
MAC000198,15.0,0.6309
MAC000198,15.5,0.6197
MAC000198,16.0,0.6417
MAC000198,16.5,0.6037
MAC000198,17.0,0.5902
MAC000198,17.5,0.5804
MAC000198,18.0,0.5929
MAC000198,18.5,0.6695
MAC000198,19.0,0.7524
MAC000198,19.5,0.7619
MAC000198,20.0,0.8486
MAC000198,20.5,0.9256
MAC000198,21.0,0.9724
MAC000198,21.5,1.0266
MAC000198,22.0,1.0404
MAC000198,22.5,1.1045
MAC000198,23.0,1.1431
MAC000198,23.5,1.1748
MAC000212,0.0,0.1067
MAC000212,0.5,0.0946
MAC000212,1.0,0.0876
MAC000212,1.5,0.0699
MAC000212,2.0,0.0573
MAC000212,2.5,0.0485
MAC000212,3.0,0.0444
MAC000212,3.5,0.0455
MAC000212,4.0,0.044
MAC000212,4.5,0.0445
MAC000212,5.0,0.0424
MAC000212,5.5,0.0456
MAC000212,6.0,0.0412
MAC000212,6.5,0.0459
MAC000212,7.0,0.0425
MAC000212,7.5,0.0468
MAC000212,8.0,0.045
MAC000212,8.5,0.0505
MAC000212,9.0,0.0571
MAC000212,9.5,0.0729
MAC000212,10.0,0.1171
MAC000212,10.5,0.1997
MAC000212,11.0,0.1776
MAC000212,11.5,0.1768
MAC000212,12.0,0.1679
MAC000212,12.5,0.1764
MAC000212,13.0,0.2079
MAC000212,13.5,0.1852
MAC000212,14.0,0.1106
MAC000212,14.5,0.0981
MAC000212,15.0,0.0854
MAC000212,15.5,0.0958
MAC000212,16.0,0.1143
MAC000212,16.5,0.1161
MAC000212,17.0,0.1258
MAC000212,17.5,0.1272
MAC000212,18.0,0.1311
MAC000212,18.5,0.1249
MAC000212,19.0,0.1284
MAC000212,19.5,0.1307
MAC000212,20.0,0.1373
MAC000212,20.5,0.1369
MAC000212,21.0,0.1348
MAC000212,21.5,0.1333
MAC000212,22.0,0.1325
MAC000212,22.5,0.1313
MAC000212,23.0,0.1313
MAC000212,23.5,0.1212
MAC000216,0.0,0.6371
MAC000216,0.5,0.5546
MAC000216,1.0,0.5168
MAC000216,1.5,0.4886
MAC000216,2.0,0.4716
MAC000216,2.5,0.4581
MAC000216,3.0,0.4581
MAC000216,3.5,0.4481
MAC000216,4.0,0.4496
MAC000216,4.5,0.4646
MAC000216,5.0,0.4921
MAC000216,5.5,0.5403
MAC000216,6.0,0.6563
MAC000216,6.5,0.7831
MAC000216,7.0,1.0188
MAC000216,7.5,1.1004
MAC000216,8.0,1.2628
MAC000216,8.5,1.2693
MAC000216,9.0,1.3007
MAC000216,9.5,1.2897
MAC000216,10.0,1.3932
MAC000216,10.5,1.5112
MAC000216,11.0,1.5754
MAC000216,11.5,1.4971
MAC000216,12.0,1.4618
MAC000216,12.5,1.3802
MAC000216,13.0,1.2629
MAC000216,13.5,1.1651
MAC000216,14.0,1.1188
MAC000216,14.5,1.1238
MAC000216,15.0,1.1731
MAC000216,15.5,1.2961
MAC000216,16.0,1.6409
MAC000216,16.5,1.7379
MAC000216,17.0,1.6883
MAC000216,17.5,1.6533
MAC000216,18.0,1.6486
MAC000216,18.5,1.5127
MAC000216,19.0,1.3871
MAC000216,19.5,1.2704
MAC000216,20.0,1.1757
MAC000216,20.5,1.0726
MAC000216,21.0,1.0464
MAC000216,21.5,0.9895
MAC000216,22.0,0.9161
MAC000216,22.5,0.8803
MAC000216,23.0,0.7887
MAC000216,23.5,0.7299
MAC000261,0.0,0.2173
MAC000261,0.5,0.2103
MAC000261,1.0,0.2082
MAC000261,1.5,0.2114
MAC000261,2.0,0.2047
MAC000261,2.5,0.2062
MAC000261,3.0,0.2084
MAC000261,3.5,0.2093
MAC000261,4.0,0.2145
MAC000261,4.5,0.2196
MAC000261,5.0,0.2052
MAC000261,5.5,0.2102
MAC000261,6.0,0.2253
MAC000261,6.5,0.2235
MAC000261,7.0,0.2175
MAC000261,7.5,0.2324
MAC000261,8.0,0.2274
MAC000261,8.5,0.2351
MAC000261,9.0,0.2622
MAC000261,9.5,0.2684
MAC000261,10.0,0.2623
MAC000261,10.5,0.2723
MAC000261,11.0,0.2989
MAC000261,11.5,0.3162
MAC000261,12.0,0.3244
MAC000261,12.5,0.3246
MAC000261,13.0,0.3241
MAC000261,13.5,0.3125
MAC000261,14.0,0.322
MAC000261,14.5,0.3273
MAC000261,15.0,0.3263
MAC000261,15.5,0.3513
MAC000261,16.0,0.376
MAC000261,16.5,0.3901
MAC000261,17.0,0.4048
MAC000261,17.5,0.4285
MAC000261,18.0,0.4244
MAC000261,18.5,0.5082
MAC000261,19.0,0.4996
MAC000261,19.5,0.5655
MAC000261,20.0,0.5526
MAC000261,20.5,0.4987
MAC000261,21.0,0.4552
MAC000261,21.5,0.4168
MAC000261,22.0,0.3663
MAC000261,22.5,0.3236
MAC000261,23.0,0.2626
MAC000261,23.5,0.2391
MAC000288,0.0,0.3774
MAC000288,0.5,0.3731
MAC000288,1.0,0.323
MAC000288,1.5,0.2859
MAC000288,2.0,0.254
MAC000288,2.5,0.2215
MAC000288,3.0,0.1931
MAC000288,3.5,0.1759
MAC000288,4.0,0.1825
MAC000288,4.5,0.1706
MAC000288,5.0,0.1815
MAC000288,5.5,0.2195
MAC000288,6.0,0.2432
MAC000288,6.5,0.4074
MAC000288,7.0,0.3768
MAC000288,7.5,0.3686
MAC000288,8.0,0.377
MAC000288,8.5,0.4085
MAC000288,9.0,0.433
MAC000288,9.5,0.4269
MAC000288,10.0,0.4558
MAC000288,10.5,0.4305
MAC000288,11.0,0.5022
MAC000288,11.5,0.5873
MAC000288,12.0,0.5682
MAC000288,12.5,0.5348
MAC000288,13.0,0.5295
MAC000288,13.5,0.5132
MAC000288,14.0,0.4215
MAC000288,14.5,0.4632
MAC000288,15.0,0.4641
MAC000288,15.5,0.4092
MAC000288,16.0,0.4206
MAC000288,16.5,0.4414
MAC000288,17.0,0.4894
MAC000288,17.5,0.5004
MAC000288,18.0,0.5332
MAC000288,18.5,0.5294
MAC000288,19.0,0.5455
MAC000288,19.5,0.5437
MAC000288,20.0,0.5853
MAC000288,20.5,0.538
MAC000288,21.0,0.5519
MAC000288,21.5,0.5437
MAC000288,22.0,0.5044
MAC000288,22.5,0.5085
MAC000288,23.0,0.4418
MAC000288,23.5,0.3873
MAC000290,0.0,0.1331
MAC000290,0.5,0.1202
MAC000290,1.0,0.1142
MAC000290,1.5,0.1102
MAC000290,2.0,0.1066
MAC000290,2.5,0.1052
MAC000290,3.0,0.1037
MAC000290,3.5,0.1038
MAC000290,4.0,0.1034
MAC000290,4.5,0.1211
MAC000290,5.0,0.146
MAC000290,5.5,0.1759
MAC000290,6.0,0.1848
MAC000290,6.5,0.2039
MAC000290,7.0,0.2046
MAC000290,7.5,0.2171
MAC000290,8.0,0.2402
MAC000290,8.5,0.2912
MAC000290,9.0,0.2563
MAC000290,9.5,0.3105
MAC000290,10.0,0.3326
MAC000290,10.5,0.2968
MAC000290,11.0,0.3276
MAC000290,11.5,0.3358
MAC000290,12.0,0.3653
MAC000290,12.5,0.3877
MAC000290,13.0,0.3489
MAC000290,13.5,0.333
MAC000290,14.0,0.3335
MAC000290,14.5,0.3363
MAC000290,15.0,0.3513
MAC000290,15.5,0.3615
MAC000290,16.0,0.3768
MAC000290,16.5,0.3723
MAC000290,17.0,0.4368
MAC000290,17.5,0.3928
MAC000290,18.0,0.4319
MAC000290,18.5,0.4387
MAC000290,19.0,0.4705
MAC000290,19.5,0.484
MAC000290,20.0,0.5201
MAC000290,20.5,0.4734
MAC000290,21.0,0.4587
MAC000290,21.5,0.3754
MAC000290,22.0,0.3071
MAC000290,22.5,0.2426
MAC000290,23.0,0.1793
MAC000290,23.5,0.1468
MAC000303,0.0,0.0818
MAC000303,0.5,0.081
MAC000303,1.0,0.0796
MAC000303,1.5,0.0816
MAC000303,2.0,0.0801
MAC000303,2.5,0.0808
MAC000303,3.0,0.0813
MAC000303,3.5,0.0808
MAC000303,4.0,0.0802
MAC000303,4.5,0.0794
MAC000303,5.0,0.0997
MAC000303,5.5,0.1761
MAC000303,6.0,0.1896
MAC000303,6.5,0.2656
MAC000303,7.0,0.2902
MAC000303,7.5,0.3509
MAC000303,8.0,0.2975
MAC000303,8.5,0.2817
MAC000303,9.0,0.2732
MAC000303,9.5,0.2372
MAC000303,10.0,0.2635
MAC000303,10.5,0.2907
MAC000303,11.0,0.4161
MAC000303,11.5,0.5577
MAC000303,12.0,0.4757
MAC000303,12.5,0.5879
MAC000303,13.0,0.4836
MAC000303,13.5,0.3833
MAC000303,14.0,0.403
MAC000303,14.5,0.3894
MAC000303,15.0,0.401
MAC000303,15.5,0.4446
MAC000303,16.0,0.4084
MAC000303,16.5,0.5061
MAC000303,17.0,0.4141
MAC000303,17.5,0.4451
MAC000303,18.0,0.4287
MAC000303,18.5,0.4193
MAC000303,19.0,0.3997
MAC000303,19.5,0.4175
MAC000303,20.0,0.4185
MAC000303,20.5,0.4157
MAC000303,21.0,0.4162
MAC000303,21.5,0.3521
MAC000303,22.0,0.2687
MAC000303,22.5,0.1795
MAC000303,23.0,0.1332
MAC000303,23.5,0.0891
MAC000305,0.0,0.0515
MAC000305,0.5,0.0347
MAC000305,1.0,0.0353
MAC000305,1.5,0.0354
MAC000305,2.0,0.037
MAC000305,2.5,0.0388
MAC000305,3.0,0.041
MAC000305,3.5,0.0422
MAC000305,4.0,0.0361
MAC000305,4.5,0.0395
MAC000305,5.0,0.2002
MAC000305,5.5,0.0765
MAC000305,6.0,0.3746
MAC000305,6.5,0.3095
MAC000305,7.0,0.3055
MAC000305,7.5,0.2447
MAC000305,8.0,0.2503
MAC000305,8.5,0.2809
MAC000305,9.0,0.2819
MAC000305,9.5,0.2981
MAC000305,10.0,0.2894
MAC000305,10.5,0.2968
MAC000305,11.0,0.3148
MAC000305,11.5,0.3196
MAC000305,12.0,0.3167
MAC000305,12.5,0.3188
MAC000305,13.0,0.3202
MAC000305,13.5,0.326
MAC000305,14.0,0.3374
MAC000305,14.5,0.3498
MAC000305,15.0,0.3835
MAC000305,15.5,0.388
MAC000305,16.0,0.4125
MAC000305,16.5,0.3823
MAC000305,17.0,0.3756
MAC000305,17.5,0.3612
MAC000305,18.0,0.2768
MAC000305,18.5,0.2429
MAC000305,19.0,0.2418
MAC000305,19.5,0.2413
MAC000305,20.0,0.2377
MAC000305,20.5,0.2374
MAC000305,21.0,0.2279
MAC000305,21.5,0.2205
MAC000305,22.0,0.1838
MAC000305,22.5,0.152
MAC000305,23.0,0.1093
MAC000305,23.5,0.0849
MAC000327,0.0,0.6023
MAC000327,0.5,0.5486
MAC000327,1.0,0.4783
MAC000327,1.5,0.4136
MAC000327,2.0,0.3233
MAC000327,2.5,0.2221
MAC000327,3.0,0.1714
MAC000327,3.5,0.1551
MAC000327,4.0,0.145
MAC000327,4.5,0.1426
MAC000327,5.0,0.1794
MAC000327,5.5,0.2795
MAC000327,6.0,0.4124
MAC000327,6.5,0.5659
MAC000327,7.0,0.7716
MAC000327,7.5,0.7778
MAC000327,8.0,0.648
MAC000327,8.5,0.5284
MAC000327,9.0,0.5888
MAC000327,9.5,0.6442
MAC000327,10.0,0.6872
MAC000327,10.5,0.718
MAC000327,11.0,0.7699
MAC000327,11.5,0.7516
MAC000327,12.0,0.7892
MAC000327,12.5,0.7394
MAC000327,13.0,0.7182
MAC000327,13.5,0.6902
MAC000327,14.0,0.7135
MAC000327,14.5,0.6579
MAC000327,15.0,0.6301
MAC000327,15.5,0.6263
MAC000327,16.0,0.5872
MAC000327,16.5,0.5968
MAC000327,17.0,0.6208
MAC000327,17.5,0.5672
MAC000327,18.0,0.5898
MAC000327,18.5,0.6164
MAC000327,19.0,0.71
MAC000327,19.5,0.7859
MAC000327,20.0,0.8524
MAC000327,20.5,0.8282
MAC000327,21.0,0.8329
MAC000327,21.5,0.8378
MAC000327,22.0,0.8406
MAC000327,22.5,0.8138
MAC000327,23.0,0.7586
MAC000327,23.5,0.6858
MAC000345,0.0,0.3235
MAC000345,0.5,0.2806
MAC000345,1.0,0.2615
MAC000345,1.5,0.2489
MAC000345,2.0,0.2446
MAC000345,2.5,0.2405
MAC000345,3.0,0.2396
MAC000345,3.5,0.2421
MAC000345,4.0,0.2497
MAC000345,4.5,0.261
MAC000345,5.0,0.29
MAC000345,5.5,0.3259
MAC000345,6.0,0.3741
MAC000345,6.5,0.3922
MAC000345,7.0,0.4603
MAC000345,7.5,0.4434
MAC000345,8.0,0.4112
MAC000345,8.5,0.3997
MAC000345,9.0,0.3688
MAC000345,9.5,0.3471
MAC000345,10.0,0.349
MAC000345,10.5,0.3537
MAC000345,11.0,0.3802
MAC000345,11.5,0.3547
MAC000345,12.0,0.3684
MAC000345,12.5,0.3434
MAC000345,13.0,0.341
MAC000345,13.5,0.3639
MAC000345,14.0,0.3432
MAC000345,14.5,0.3667
MAC000345,15.0,0.3978
MAC000345,15.5,0.4074
MAC000345,16.0,0.49
MAC000345,16.5,0.6306
MAC000345,17.0,0.6748
MAC000345,17.5,0.5601
MAC000345,18.0,0.4601
MAC000345,18.5,0.4181
MAC000345,19.0,0.3943
MAC000345,19.5,0.3871
MAC000345,20.0,0.402
MAC000345,20.5,0.4525
MAC000345,21.0,0.5378
MAC000345,21.5,0.6526
MAC000345,22.0,0.7217
MAC000345,22.5,0.7018
MAC000345,23.0,0.5996
MAC000345,23.5,0.4491
MAC000348,0.0,0.0848
MAC000348,0.5,0.0831
MAC000348,1.0,0.0812
MAC000348,1.5,0.0817
MAC000348,2.0,0.0842
MAC000348,2.5,0.0779
MAC000348,3.0,0.0806
MAC000348,3.5,0.078
MAC000348,4.0,0.0791
MAC000348,4.5,0.079
MAC000348,5.0,0.0767
MAC000348,5.5,0.0813
MAC000348,6.0,0.1076
MAC000348,6.5,0.1537
MAC000348,7.0,0.221
MAC000348,7.5,0.2574
MAC000348,8.0,0.2712
MAC000348,8.5,0.2462
MAC000348,9.0,0.2494
MAC000348,9.5,0.2418
MAC000348,10.0,0.2382
MAC000348,10.5,0.2219
MAC000348,11.0,0.2091
MAC000348,11.5,0.2142
MAC000348,12.0,0.2168
MAC000348,12.5,0.2046
MAC000348,13.0,0.2165
MAC000348,13.5,0.2195
MAC000348,14.0,0.226
MAC000348,14.5,0.2271
MAC000348,15.0,0.2339
MAC000348,15.5,0.2357
MAC000348,16.0,0.2501
MAC000348,16.5,0.2413
MAC000348,17.0,0.2649
MAC000348,17.5,0.2887
MAC000348,18.0,0.2668
MAC000348,18.5,0.2931
MAC000348,19.0,0.3009
MAC000348,19.5,0.3107
MAC000348,20.0,0.3118
MAC000348,20.5,0.3059
MAC000348,21.0,0.3012
MAC000348,21.5,0.2809
MAC000348,22.0,0.2549
MAC000348,22.5,0.1998
MAC000348,23.0,0.1518
MAC000348,23.5,0.1113
MAC000370,0.0,0.5457
MAC000370,0.5,0.5261
MAC000370,1.0,0.5051
MAC000370,1.5,0.4953
MAC000370,2.0,0.4749
MAC000370,2.5,0.4467
MAC000370,3.0,0.4389
MAC000370,3.5,0.4198
MAC000370,4.0,0.4093
MAC000370,4.5,0.4044
MAC000370,5.0,0.4009
MAC000370,5.5,0.398
MAC000370,6.0,0.426
MAC000370,6.5,0.4649
MAC000370,7.0,0.5007
MAC000370,7.5,0.4862
MAC000370,8.0,0.5297
MAC000370,8.5,0.4858
MAC000370,9.0,0.4672
MAC000370,9.5,0.4811
MAC000370,10.0,0.494
MAC000370,10.5,0.5069
MAC000370,11.0,0.5123
MAC000370,11.5,0.4972
MAC000370,12.0,0.5127
MAC000370,12.5,0.5134
MAC000370,13.0,0.5174
MAC000370,13.5,0.5004
MAC000370,14.0,0.5166
MAC000370,14.5,0.5238
MAC000370,15.0,0.5829
MAC000370,15.5,0.6578
MAC000370,16.0,0.7028
MAC000370,16.5,0.7351
MAC000370,17.0,0.8073
MAC000370,17.5,0.976
MAC000370,18.0,1.1506
MAC000370,18.5,1.1305
MAC000370,19.0,1.1285
MAC000370,19.5,1.0094
MAC000370,20.0,0.9257
MAC000370,20.5,0.8672
MAC000370,21.0,0.7939
MAC000370,21.5,0.7473
MAC000370,22.0,0.7254
MAC000370,22.5,0.6828
MAC000370,23.0,0.6364
MAC000370,23.5,0.5906
MAC000377,0.0,0.2298
MAC000377,0.5,0.1828
MAC000377,1.0,0.1417
MAC000377,1.5,0.1133
MAC000377,2.0,0.0986
MAC000377,2.5,0.091
MAC000377,3.0,0.0927
MAC000377,3.5,0.0884
MAC000377,4.0,0.0858
MAC000377,4.5,0.0841
MAC000377,5.0,0.091
MAC000377,5.5,0.0828
MAC000377,6.0,0.0879
MAC000377,6.5,0.0837
MAC000377,7.0,0.0924
MAC000377,7.5,0.11
MAC000377,8.0,0.1293
MAC000377,8.5,0.1822
MAC000377,9.0,0.2273
MAC000377,9.5,0.2697
MAC000377,10.0,0.2874
MAC000377,10.5,0.2862
MAC000377,11.0,0.287
MAC000377,11.5,0.2478
MAC000377,12.0,0.2405
MAC000377,12.5,0.2474
MAC000377,13.0,0.2739
MAC000377,13.5,0.2789
MAC000377,14.0,0.2936
MAC000377,14.5,0.2842
MAC000377,15.0,0.2707
MAC000377,15.5,0.2765
MAC000377,16.0,0.3012
MAC000377,16.5,0.3128
MAC000377,17.0,0.3481
MAC000377,17.5,0.4322
MAC000377,18.0,0.5134
MAC000377,18.5,0.4827
MAC000377,19.0,0.5183
MAC000377,19.5,0.422
MAC000377,20.0,0.4081
MAC000377,20.5,0.4044
MAC000377,21.0,0.3964
MAC000377,21.5,0.3856
MAC000377,22.0,0.3863
MAC000377,22.5,0.3794
MAC000377,23.0,0.3397
MAC000377,23.5,0.2933
MAC000380,0.0,0.1361
MAC000380,0.5,0.1345
MAC000380,1.0,0.1341
MAC000380,1.5,0.1337
MAC000380,2.0,0.1351
MAC000380,2.5,0.1294
MAC000380,3.0,0.1285
MAC000380,3.5,0.1301
MAC000380,4.0,0.1286
MAC000380,4.5,0.1248
MAC000380,5.0,0.1212
MAC000380,5.5,0.121
MAC000380,6.0,0.1286
MAC000380,6.5,0.1272
MAC000380,7.0,0.1321
MAC000380,7.5,0.1573
MAC000380,8.0,0.1634
MAC000380,8.5,0.1594
MAC000380,9.0,0.1683
MAC000380,9.5,0.1672
MAC000380,10.0,0.1715
MAC000380,10.5,0.1636
MAC000380,11.0,0.1594
MAC000380,11.5,0.1685
MAC000380,12.0,0.1634
MAC000380,12.5,0.1618
MAC000380,13.0,0.17
MAC000380,13.5,0.1426
MAC000380,14.0,0.1605
MAC000380,14.5,0.1658
MAC000380,15.0,0.1724
MAC000380,15.5,0.1738
MAC000380,16.0,0.1886
MAC000380,16.5,0.2196
MAC000380,17.0,0.2262
MAC000380,17.5,0.2261
MAC000380,18.0,0.2184
MAC000380,18.5,0.1962
MAC000380,19.0,0.1951
MAC000380,19.5,0.174
MAC000380,20.0,0.1696
MAC000380,20.5,0.1579
MAC000380,21.0,0.1591
MAC000380,21.5,0.1593
MAC000380,22.0,0.1484
MAC000380,22.5,0.144
MAC000380,23.0,0.1384
MAC000380,23.5,0.1417
MAC000448,0.0,0.0933
MAC000448,0.5,0.0878
MAC000448,1.0,0.0835
MAC000448,1.5,0.0819
MAC000448,2.0,0.0826
MAC000448,2.5,0.0819
MAC000448,3.0,0.0848
MAC000448,3.5,0.0822
MAC000448,4.0,0.09
MAC000448,4.5,0.102
MAC000448,5.0,0.1146
MAC000448,5.5,0.1336
MAC000448,6.0,0.1439
MAC000448,6.5,0.2185
MAC000448,7.0,0.24
MAC000448,7.5,0.2339
MAC000448,8.0,0.2581
MAC000448,8.5,0.1992
MAC000448,9.0,0.1605
MAC000448,9.5,0.1784
MAC000448,10.0,0.1507
MAC000448,10.5,0.153
MAC000448,11.0,0.149
MAC000448,11.5,0.2057
MAC000448,12.0,0.2241
MAC000448,12.5,0.2106
MAC000448,13.0,0.1804
MAC000448,13.5,0.1613
MAC000448,14.0,0.1461
MAC000448,14.5,0.1582
MAC000448,15.0,0.154
MAC000448,15.5,0.1552
MAC000448,16.0,0.189
MAC000448,16.5,0.1977
MAC000448,17.0,0.2626
MAC000448,17.5,0.3512
MAC000448,18.0,0.4751
MAC000448,18.5,0.4482
MAC000448,19.0,0.3867
MAC000448,19.5,0.2601
MAC000448,20.0,0.2304
MAC000448,20.5,0.1869
MAC000448,21.0,0.1998
MAC000448,21.5,0.1691
MAC000448,22.0,0.1983
MAC000448,22.5,0.159
MAC000448,23.0,0.1391
MAC000448,23.5,0.1097
MAC000454,0.0,0.1056
MAC000454,0.5,0.0858
MAC000454,1.0,0.0837
MAC000454,1.5,0.08
MAC000454,2.0,0.0772
MAC000454,2.5,0.0779
MAC000454,3.0,0.0787
MAC000454,3.5,0.0794
MAC000454,4.0,0.0784
MAC000454,4.5,0.0769
MAC000454,5.0,0.0768
MAC000454,5.5,0.0777
MAC000454,6.0,0.1092
MAC000454,6.5,0.0852
MAC000454,7.0,0.1225
MAC000454,7.5,0.1497
MAC000454,8.0,0.2806
MAC000454,8.5,0.3944
MAC000454,9.0,0.483
MAC000454,9.5,0.485
MAC000454,10.0,0.4083
MAC000454,10.5,0.3819
MAC000454,11.0,0.3143
MAC000454,11.5,0.2996
MAC000454,12.0,0.3166
MAC000454,12.5,0.398
MAC000454,13.0,0.3707
MAC000454,13.5,0.4068
MAC000454,14.0,0.3984
MAC000454,14.5,0.4143
MAC000454,15.0,0.4051
MAC000454,15.5,0.4196
MAC000454,16.0,0.4595
MAC000454,16.5,0.4987
MAC000454,17.0,0.6311
MAC000454,17.5,0.7608
MAC000454,18.0,0.825
MAC000454,18.5,0.8814
MAC000454,19.0,0.9387
MAC000454,19.5,0.88
MAC000454,20.0,0.9107
MAC000454,20.5,0.9111
MAC000454,21.0,0.9452
MAC000454,21.5,0.8853
MAC000454,22.0,0.7637
MAC000454,22.5,0.5832
MAC000454,23.0,0.3903
MAC000454,23.5,0.202
MAC000465,0.0,0.3554
MAC000465,0.5,0.2916
MAC000465,1.0,0.2559
MAC000465,1.5,0.1895
MAC000465,2.0,0.1388
MAC000465,2.5,0.1085
MAC000465,3.0,0.1019
MAC000465,3.5,0.0995
MAC000465,4.0,0.0982
MAC000465,4.5,0.0956
MAC000465,5.0,0.0959
MAC000465,5.5,0.0999
MAC000465,6.0,0.1018
MAC000465,6.5,0.1395
MAC000465,7.0,0.1383
MAC000465,7.5,0.1781
MAC000465,8.0,0.2643
MAC000465,8.5,0.356
MAC000465,9.0,0.4026
MAC000465,9.5,0.4299
MAC000465,10.0,0.459
MAC000465,10.5,0.4619
MAC000465,11.0,0.4535
MAC000465,11.5,0.3864
MAC000465,12.0,0.3492
MAC000465,12.5,0.3293
MAC000465,13.0,0.3007
MAC000465,13.5,0.3162
MAC000465,14.0,0.3151
MAC000465,14.5,0.3134
MAC000465,15.0,0.3402
MAC000465,15.5,0.3527
MAC000465,16.0,0.4179
MAC000465,16.5,0.4892
MAC000465,17.0,0.6293
MAC000465,17.5,0.8158
MAC000465,18.0,0.882
MAC000465,18.5,0.8314
MAC000465,19.0,0.8207
MAC000465,19.5,0.7819
MAC000465,20.0,0.7563
MAC000465,20.5,0.7114
MAC000465,21.0,0.6968
MAC000465,21.5,0.68
MAC000465,22.0,0.6835
MAC000465,22.5,0.59
MAC000465,23.0,0.4944
MAC000465,23.5,0.386
MAC000470,0.0,0.158
MAC000470,0.5,0.1534
MAC000470,1.0,0.1511
MAC000470,1.5,0.1464
MAC000470,2.0,0.1484
MAC000470,2.5,0.1465
MAC000470,3.0,0.1423
MAC000470,3.5,0.1447
MAC000470,4.0,0.1558
MAC000470,4.5,0.1465
MAC000470,5.0,0.1848
MAC000470,5.5,0.1775
MAC000470,6.0,0.2586
MAC000470,6.5,0.3056
MAC000470,7.0,0.356
MAC000470,7.5,0.4113
MAC000470,8.0,0.4226
MAC000470,8.5,0.4179
MAC000470,9.0,0.4014
MAC000470,9.5,0.4015
MAC000470,10.0,0.3926
MAC000470,10.5,0.4017
MAC000470,11.0,0.4089
MAC000470,11.5,0.414
MAC000470,12.0,0.3983
MAC000470,12.5,0.3962
MAC000470,13.0,0.3939
MAC000470,13.5,0.3839
MAC000470,14.0,0.381
MAC000470,14.5,0.3654
MAC000470,15.0,0.401
MAC000470,15.5,0.3804
MAC000470,16.0,0.4044
MAC000470,16.5,0.4276
MAC000470,17.0,0.4841
MAC000470,17.5,0.4997
MAC000470,18.0,0.5028
MAC000470,18.5,0.4824
MAC000470,19.0,0.4386
MAC000470,19.5,0.4109
MAC000470,20.0,0.3876
MAC000470,20.5,0.3769
MAC000470,21.0,0.3518
MAC000470,21.5,0.2893
MAC000470,22.0,0.2469
MAC000470,22.5,0.1918
MAC000470,23.0,0.1697
MAC000470,23.5,0.164
MAC000475,0.0,0.611
MAC000475,0.5,0.6503
MAC000475,1.0,0.6835
MAC000475,1.5,0.6955
MAC000475,2.0,0.7145
MAC000475,2.5,0.7481
MAC000475,3.0,0.7703
MAC000475,3.5,0.7867
MAC000475,4.0,0.7912
MAC000475,4.5,0.7939
MAC000475,5.0,0.7968
MAC000475,5.5,0.8324
MAC000475,6.0,0.8726
MAC000475,6.5,0.8969
MAC000475,7.0,1.0309
MAC000475,7.5,0.9385
MAC000475,8.0,0.9266
MAC000475,8.5,0.9802
MAC000475,9.0,0.9869
MAC000475,9.5,0.9322
MAC000475,10.0,0.9707
MAC000475,10.5,0.9622
MAC000475,11.0,0.9581
MAC000475,11.5,0.9546
MAC000475,12.0,1.0349
MAC000475,12.5,1.0733
MAC000475,13.0,1.0909
MAC000475,13.5,1.0949
MAC000475,14.0,1.1213
MAC000475,14.5,1.1364
MAC000475,15.0,1.1608
MAC000475,15.5,1.2321
MAC000475,16.0,1.2902
MAC000475,16.5,1.3088
MAC000475,17.0,1.3791
MAC000475,17.5,1.4374
MAC000475,18.0,1.5692
MAC000475,18.5,1.6959
MAC000475,19.0,1.6335
MAC000475,19.5,1.5494
MAC000475,20.0,1.5247
MAC000475,20.5,1.4928
MAC000475,21.0,1.5139
MAC000475,21.5,1.2506
MAC000475,22.0,1.0399
MAC000475,22.5,0.8422
MAC000475,23.0,0.6625
MAC000475,23.5,0.6089
MAC000497,0.0,0.3534
MAC000497,0.5,0.2974
MAC000497,1.0,0.2931
MAC000497,1.5,0.2966
MAC000497,2.0,0.313
MAC000497,2.5,0.3092
MAC000497,3.0,0.3161
MAC000497,3.5,0.3132
MAC000497,4.0,0.3088
MAC000497,4.5,0.3198
MAC000497,5.0,0.3957
MAC000497,5.5,0.388
MAC000497,6.0,0.4768
MAC000497,6.5,0.5194
MAC000497,7.0,0.5191
MAC000497,7.5,0.5346
MAC000497,8.0,0.5412
MAC000497,8.5,0.5415
MAC000497,9.0,0.5192
MAC000497,9.5,0.5088
MAC000497,10.0,0.4631
MAC000497,10.5,0.4632
MAC000497,11.0,0.4812
MAC000497,11.5,0.4952
MAC000497,12.0,0.5084
MAC000497,12.5,0.5151
MAC000497,13.0,0.5115
MAC000497,13.5,0.4997
MAC000497,14.0,0.5182
MAC000497,14.5,0.4806
MAC000497,15.0,0.5264
MAC000497,15.5,0.5207
MAC000497,16.0,0.5629
MAC000497,16.5,0.5703
MAC000497,17.0,0.6062
MAC000497,17.5,0.6791
MAC000497,18.0,0.7502
MAC000497,18.5,0.8086
MAC000497,19.0,0.8752
MAC000497,19.5,0.9848
MAC000497,20.0,0.9472
MAC000497,20.5,0.9585
MAC000497,21.0,1.0016
MAC000497,21.5,0.9517
MAC000497,22.0,0.8306
MAC000497,22.5,0.7233
MAC000497,23.0,0.5842
MAC000497,23.5,0.4292
MAC000499,0.0,0.1551
MAC000499,0.5,0.1862
MAC000499,1.0,0.1427
MAC000499,1.5,0.1162
MAC000499,2.0,0.1073
MAC000499,2.5,0.1139
MAC000499,3.0,0.1072
MAC000499,3.5,0.1046
MAC000499,4.0,0.1068
MAC000499,4.5,0.1086
MAC000499,5.0,0.1109
MAC000499,5.5,0.1478
MAC000499,6.0,0.1603
MAC000499,6.5,0.2412
MAC000499,7.0,0.2635
MAC000499,7.5,0.3103
MAC000499,8.0,0.3143
MAC000499,8.5,0.321
MAC000499,9.0,0.3375
MAC000499,9.5,0.3326
MAC000499,10.0,0.2943
MAC000499,10.5,0.2802
MAC000499,11.0,0.2969
MAC000499,11.5,0.293
MAC000499,12.0,0.2911
MAC000499,12.5,0.291
MAC000499,13.0,0.2952
MAC000499,13.5,0.284
MAC000499,14.0,0.2931
MAC000499,14.5,0.2963
MAC000499,15.0,0.3007
MAC000499,15.5,0.3063
MAC000499,16.0,0.3332
MAC000499,16.5,0.3903
MAC000499,17.0,0.4001
MAC000499,17.5,0.4834
MAC000499,18.0,0.5888
MAC000499,18.5,0.6236
MAC000499,19.0,0.6076
MAC000499,19.5,0.5329
MAC000499,20.0,0.4894
MAC000499,20.5,0.4591
MAC000499,21.0,0.4453
MAC000499,21.5,0.402
MAC000499,22.0,0.3578
MAC000499,22.5,0.2887
MAC000499,23.0,0.2325
MAC000499,23.5,0.2164
MAC000504,0.0,0.1536
MAC000504,0.5,0.1421
MAC000504,1.0,0.1414
MAC000504,1.5,0.1355
MAC000504,2.0,0.1362
MAC000504,2.5,0.1327
MAC000504,3.0,0.1349
MAC000504,3.5,0.133
MAC000504,4.0,0.1356
MAC000504,4.5,0.1395
MAC000504,5.0,0.1418
MAC000504,5.5,0.1863
MAC000504,6.0,0.2555
MAC000504,6.5,0.3404
MAC000504,7.0,0.3771
MAC000504,7.5,0.3891
MAC000504,8.0,0.3676
MAC000504,8.5,0.3385
MAC000504,9.0,0.3491
MAC000504,9.5,0.3347
MAC000504,10.0,0.3478
MAC000504,10.5,0.3522
MAC000504,11.0,0.3297
MAC000504,11.5,0.3262
MAC000504,12.0,0.3001
MAC000504,12.5,0.3154
MAC000504,13.0,0.2902
MAC000504,13.5,0.2725
MAC000504,14.0,0.2774
MAC000504,14.5,0.2673
MAC000504,15.0,0.3095
MAC000504,15.5,0.3309
MAC000504,16.0,0.4294
MAC000504,16.5,0.4883
MAC000504,17.0,0.57
MAC000504,17.5,0.5981
MAC000504,18.0,0.5478
MAC000504,18.5,0.4563
MAC000504,19.0,0.466
MAC000504,19.5,0.4189
MAC000504,20.0,0.3901
MAC000504,20.5,0.4097
MAC000504,21.0,0.3889
MAC000504,21.5,0.3619
MAC000504,22.0,0.3004
MAC000504,22.5,0.2537
MAC000504,23.0,0.1975
MAC000504,23.5,0.1809
MAC000520,0.0,0.223
MAC000520,0.5,0.2062
MAC000520,1.0,0.2009
MAC000520,1.5,0.199
MAC000520,2.0,0.1921
MAC000520,2.5,0.1928
MAC000520,3.0,0.193
MAC000520,3.5,0.1907
MAC000520,4.0,0.1996
MAC000520,4.5,0.2047
MAC000520,5.0,0.2149
MAC000520,5.5,0.2257
MAC000520,6.0,0.2384
MAC000520,6.5,0.2545
MAC000520,7.0,0.2665
MAC000520,7.5,0.2796
MAC000520,8.0,0.2785
MAC000520,8.5,0.2796
MAC000520,9.0,0.2886
MAC000520,9.5,0.2718
MAC000520,10.0,0.2775
MAC000520,10.5,0.2818
MAC000520,11.0,0.2952
MAC000520,11.5,0.2987
MAC000520,12.0,0.3115
MAC000520,12.5,0.2883
MAC000520,13.0,0.3021
MAC000520,13.5,0.3091
MAC000520,14.0,0.3067
MAC000520,14.5,0.3008
MAC000520,15.0,0.2986
MAC000520,15.5,0.3088
MAC000520,16.0,0.3267
MAC000520,16.5,0.3278
MAC000520,17.0,0.3369
MAC000520,17.5,0.3477
MAC000520,18.0,0.3498
MAC000520,18.5,0.3823
MAC000520,19.0,0.3947
MAC000520,19.5,0.3971
MAC000520,20.0,0.3876
MAC000520,20.5,0.381
MAC000520,21.0,0.3649
MAC000520,21.5,0.3386
MAC000520,22.0,0.322
MAC000520,22.5,0.2845
MAC000520,23.0,0.2587
MAC000520,23.5,0.2493
MAC000539,0.0,0.0378
MAC000539,0.5,0.0395
MAC000539,1.0,0.0502
MAC000539,1.5,0.0538
MAC000539,2.0,0.0562
MAC000539,2.5,0.0698
MAC000539,3.0,0.0754
MAC000539,3.5,0.0681
MAC000539,4.0,0.0598
MAC000539,4.5,0.0962
MAC000539,5.0,0.0944
MAC000539,5.5,0.1104
MAC000539,6.0,0.1209
MAC000539,6.5,0.1219
MAC000539,7.0,0.0886
MAC000539,7.5,0.0827
MAC000539,8.0,0.0722
MAC000539,8.5,0.0683
MAC000539,9.0,0.0827
MAC000539,9.5,0.0869
MAC000539,10.0,0.0975
MAC000539,10.5,0.0779
MAC000539,11.0,0.0697
MAC000539,11.5,0.0614
MAC000539,12.0,0.0697
MAC000539,12.5,0.0737
MAC000539,13.0,0.0663
MAC000539,13.5,0.0526
MAC000539,14.0,0.0435
MAC000539,14.5,0.0415
MAC000539,15.0,0.0491
MAC000539,15.5,0.0559
MAC000539,16.0,0.0499
MAC000539,16.5,0.0423
MAC000539,17.0,0.0393
MAC000539,17.5,0.0387
MAC000539,18.0,0.0372
MAC000539,18.5,0.0368
MAC000539,19.0,0.0355
MAC000539,19.5,0.0374
MAC000539,20.0,0.0369
MAC000539,20.5,0.0364
MAC000539,21.0,0.0373
MAC000539,21.5,0.0364
MAC000539,22.0,0.0327
MAC000539,22.5,0.0342
MAC000539,23.0,0.035
MAC000539,23.5,0.0351
MAC000561,0.0,0.1333
MAC000561,0.5,0.1248
MAC000561,1.0,0.1033
MAC000561,1.5,0.1014
MAC000561,2.0,0.1011
MAC000561,2.5,0.0913
MAC000561,3.0,0.0941
MAC000561,3.5,0.11
MAC000561,4.0,0.1214
MAC000561,4.5,0.1099
MAC000561,5.0,0.1171
MAC000561,5.5,0.1196
MAC000561,6.0,0.1328
MAC000561,6.5,0.1682
MAC000561,7.0,0.1692
MAC000561,7.5,0.186
MAC000561,8.0,0.2231
MAC000561,8.5,0.2672
MAC000561,9.0,0.3402
MAC000561,9.5,0.3682
MAC000561,10.0,0.4276
MAC000561,10.5,0.439
MAC000561,11.0,0.4094
MAC000561,11.5,0.4957
MAC000561,12.0,0.4754
MAC000561,12.5,0.4436
MAC000561,13.0,0.4477
MAC000561,13.5,0.4653
MAC000561,14.0,0.5218
MAC000561,14.5,0.502
MAC000561,15.0,0.4628
MAC000561,15.5,0.469
MAC000561,16.0,0.5426
MAC000561,16.5,0.5858
MAC000561,17.0,0.663
MAC000561,17.5,0.681
MAC000561,18.0,0.6476
MAC000561,18.5,0.6218
MAC000561,19.0,0.5919
MAC000561,19.5,0.5702
MAC000561,20.0,0.4762
MAC000561,20.5,0.3896
MAC000561,21.0,0.3118
MAC000561,21.5,0.2163
MAC000561,22.0,0.1948
MAC000561,22.5,0.1644
MAC000561,23.0,0.1579
MAC000561,23.5,0.1617
MAC000562,0.0,0.0924
MAC000562,0.5,0.0664
MAC000562,1.0,0.0624
MAC000562,1.5,0.0636
MAC000562,2.0,0.065
MAC000562,2.5,0.0635
MAC000562,3.0,0.0602
MAC000562,3.5,0.0573
MAC000562,4.0,0.0581
MAC000562,4.5,0.0555
MAC000562,5.0,0.0549
MAC000562,5.5,0.0563
MAC000562,6.0,0.0546
MAC000562,6.5,0.0536
MAC000562,7.0,0.0599
MAC000562,7.5,0.2597
MAC000562,8.0,0.1562
MAC000562,8.5,0.2534
MAC000562,9.0,0.1691
MAC000562,9.5,0.145
MAC000562,10.0,0.1424
MAC000562,10.5,0.1456
MAC000562,11.0,0.1408
MAC000562,11.5,0.1478
MAC000562,12.0,0.1965
MAC000562,12.5,0.1884
MAC000562,13.0,0.1961
MAC000562,13.5,0.1521
MAC000562,14.0,0.1236
MAC000562,14.5,0.115
MAC000562,15.0,0.1439
MAC000562,15.5,0.1636
MAC000562,16.0,0.1789
MAC000562,16.5,0.1784
MAC000562,17.0,0.2759
MAC000562,17.5,0.391
MAC000562,18.0,0.4345
MAC000562,18.5,0.3998
MAC000562,19.0,0.3062
MAC000562,19.5,0.2237
MAC000562,20.0,0.2031
MAC000562,20.5,0.1937
MAC000562,21.0,0.2025
MAC000562,21.5,0.1904
MAC000562,22.0,0.1895
MAC000562,22.5,0.1899
MAC000562,23.0,0.1613
MAC000562,23.5,0.1181
MAC000584,0.0,0.0546
MAC000584,0.5,0.0438
MAC000584,1.0,0.0381
MAC000584,1.5,0.0375
MAC000584,2.0,0.0395
MAC000584,2.5,0.0385
MAC000584,3.0,0.039
MAC000584,3.5,0.0362
MAC000584,4.0,0.038
MAC000584,4.5,0.0409
MAC000584,5.0,0.0425
MAC000584,5.5,0.0555
MAC000584,6.0,0.0904
MAC000584,6.5,0.1186
MAC000584,7.0,0.1418
MAC000584,7.5,0.1473
MAC000584,8.0,0.1538
MAC000584,8.5,0.1118
MAC000584,9.0,0.0675
MAC000584,9.5,0.0674
MAC000584,10.0,0.0606
MAC000584,10.5,0.0504
MAC000584,11.0,0.0518
MAC000584,11.5,0.0661
MAC000584,12.0,0.0782
MAC000584,12.5,0.0733
MAC000584,13.0,0.0764
MAC000584,13.5,0.0774
MAC000584,14.0,0.0914
MAC000584,14.5,0.0916
MAC000584,15.0,0.1067
MAC000584,15.5,0.13
MAC000584,16.0,0.1834
MAC000584,16.5,0.2326
MAC000584,17.0,0.2909
MAC000584,17.5,0.2607
MAC000584,18.0,0.3068
MAC000584,18.5,0.2443
MAC000584,19.0,0.2459
MAC000584,19.5,0.2473
MAC000584,20.0,0.2546
MAC000584,20.5,0.2721
MAC000584,21.0,0.2916
MAC000584,21.5,0.2887
MAC000584,22.0,0.2621
MAC000584,22.5,0.2061
MAC000584,23.0,0.1232
MAC000584,23.5,0.0914
MAC000586,0.0,0.2866
MAC000586,0.5,0.263
MAC000586,1.0,0.2571
MAC000586,1.5,0.247
MAC000586,2.0,0.2439
MAC000586,2.5,0.2417
MAC000586,3.0,0.2434
MAC000586,3.5,0.2401
MAC000586,4.0,0.238
MAC000586,4.5,0.2517
MAC000586,5.0,0.3525
MAC000586,5.5,0.4223
MAC000586,6.0,0.4577
MAC000586,6.5,0.5257
MAC000586,7.0,0.5004
MAC000586,7.5,0.457
MAC000586,8.0,0.3936
MAC000586,8.5,0.3401
MAC000586,9.0,0.3243
MAC000586,9.5,0.3141
MAC000586,10.0,0.2956
MAC000586,10.5,0.3059
MAC000586,11.0,0.3043
MAC000586,11.5,0.3135
MAC000586,12.0,0.3242
MAC000586,12.5,0.3456
MAC000586,13.0,0.3453
MAC000586,13.5,0.3586
MAC000586,14.0,0.3858
MAC000586,14.5,0.4123
MAC000586,15.0,0.4323
MAC000586,15.5,0.4567
MAC000586,16.0,0.5603
MAC000586,16.5,0.5407
MAC000586,17.0,0.5702
MAC000586,17.5,0.6202
MAC000586,18.0,0.5961
MAC000586,18.5,0.6286
MAC000586,19.0,0.6387
MAC000586,19.5,0.6341
MAC000586,20.0,0.605
MAC000586,20.5,0.6625
MAC000586,21.0,0.6266
MAC000586,21.5,0.6286
MAC000586,22.0,0.5804
MAC000586,22.5,0.489
MAC000586,23.0,0.4054
MAC000586,23.5,0.345
MAC000592,0.0,0.1549
MAC000592,0.5,0.1483
MAC000592,1.0,0.1477
MAC000592,1.5,0.1473
MAC000592,2.0,0.1464
MAC000592,2.5,0.1459
MAC000592,3.0,0.1462
MAC000592,3.5,0.1493
MAC000592,4.0,0.1489
MAC000592,4.5,0.152
MAC000592,5.0,0.3226
MAC000592,5.5,0.4968
MAC000592,6.0,0.6142
MAC000592,6.5,0.6029
MAC000592,7.0,0.4809
MAC000592,7.5,0.3704
MAC000592,8.0,0.3357
MAC000592,8.5,0.3426
MAC000592,9.0,0.3729
MAC000592,9.5,0.3645
MAC000592,10.0,0.3558
MAC000592,10.5,0.3589
MAC000592,11.0,0.3834
MAC000592,11.5,0.3461
MAC000592,12.0,0.3664
MAC000592,12.5,0.3987
MAC000592,13.0,0.4093
MAC000592,13.5,0.4203
MAC000592,14.0,0.4046
MAC000592,14.5,0.4126
MAC000592,15.0,0.4047
MAC000592,15.5,0.4814
MAC000592,16.0,0.6083
MAC000592,16.5,0.667
MAC000592,17.0,0.7062
MAC000592,17.5,0.6999
MAC000592,18.0,0.6356
MAC000592,18.5,0.5628
MAC000592,19.0,0.5347
MAC000592,19.5,0.5152
MAC000592,20.0,0.4915
MAC000592,20.5,0.4797
MAC000592,21.0,0.5149
MAC000592,21.5,0.4782
MAC000592,22.0,0.3192
MAC000592,22.5,0.2347
MAC000592,23.0,0.1983
MAC000592,23.5,0.1741
MAC000650,0.0,0.5404
MAC000650,0.5,0.4822
MAC000650,1.0,0.4334
MAC000650,1.5,0.3804
MAC000650,2.0,0.3544
MAC000650,2.5,0.3263
MAC000650,3.0,0.3142
MAC000650,3.5,0.3115
MAC000650,4.0,0.3052
MAC000650,4.5,0.3051
MAC000650,5.0,0.3153
MAC000650,5.5,0.3216
MAC000650,6.0,0.353
MAC000650,6.5,0.4176
MAC000650,7.0,0.5238
MAC000650,7.5,0.5566
MAC000650,8.0,0.6596
MAC000650,8.5,0.6101
MAC000650,9.0,0.6578
MAC000650,9.5,0.6731
MAC000650,10.0,0.6878
MAC000650,10.5,0.6836
MAC000650,11.0,0.7148
MAC000650,11.5,0.744
MAC000650,12.0,0.7266
MAC000650,12.5,0.7432
MAC000650,13.0,0.7378
MAC000650,13.5,0.6997
MAC000650,14.0,0.7347
MAC000650,14.5,0.7694
MAC000650,15.0,0.7778
MAC000650,15.5,0.8216
MAC000650,16.0,0.8559
MAC000650,16.5,0.9111
MAC000650,17.0,0.9281
MAC000650,17.5,0.949
MAC000650,18.0,0.9765
MAC000650,18.5,1.0055
MAC000650,19.0,1.0107
MAC000650,19.5,1.0061
MAC000650,20.0,0.9877
MAC000650,20.5,0.9442
MAC000650,21.0,0.9057
MAC000650,21.5,0.8255
MAC000650,22.0,0.774
MAC000650,22.5,0.7242
MAC000650,23.0,0.6614
MAC000650,23.5,0.5943
MAC000665,0.0,0.0586
MAC000665,0.5,0.061
MAC000665,1.0,0.0554
MAC000665,1.5,0.0555
MAC000665,2.0,0.0551
MAC000665,2.5,0.056
MAC000665,3.0,0.0628
MAC000665,3.5,0.0661
MAC000665,4.0,0.0728
MAC000665,4.5,0.0704
MAC000665,5.0,0.0863
MAC000665,5.5,0.0949
MAC000665,6.0,0.0895
MAC000665,6.5,0.0955
MAC000665,7.0,0.0915
MAC000665,7.5,0.0855
MAC000665,8.0,0.0862
MAC000665,8.5,0.086
MAC000665,9.0,0.0845
MAC000665,9.5,0.0819
MAC000665,10.0,0.0832
MAC000665,10.5,0.0771
MAC000665,11.0,0.0903
MAC000665,11.5,0.0846
MAC000665,12.0,0.0775
MAC000665,12.5,0.0765
MAC000665,13.0,0.0647
MAC000665,13.5,0.0749
MAC000665,14.0,0.0903
MAC000665,14.5,0.0972
MAC000665,15.0,0.1129
MAC000665,15.5,0.1047
MAC000665,16.0,0.1141
MAC000665,16.5,0.1249
MAC000665,17.0,0.1232
MAC000665,17.5,0.1022
MAC000665,18.0,0.0928
MAC000665,18.5,0.1002
MAC000665,19.0,0.0929
MAC000665,19.5,0.0884
MAC000665,20.0,0.0846
MAC000665,20.5,0.0826
MAC000665,21.0,0.0765
MAC000665,21.5,0.0731
MAC000665,22.0,0.0703
MAC000665,22.5,0.0687
MAC000665,23.0,0.0671
MAC000665,23.5,0.0671
MAC000680,0.0,0.0685
MAC000680,0.5,0.0714
MAC000680,1.0,0.0661
MAC000680,1.5,0.0695
MAC000680,2.0,0.0682
MAC000680,2.5,0.0678
MAC000680,3.0,0.0703
MAC000680,3.5,0.0661
MAC000680,4.0,0.0708
MAC000680,4.5,0.1011
MAC000680,5.0,0.0861
MAC000680,5.5,0.1228
MAC000680,6.0,0.1103
MAC000680,6.5,0.1372
MAC000680,7.0,0.1449
MAC000680,7.5,0.1514
MAC000680,8.0,0.1423
MAC000680,8.5,0.1819
MAC000680,9.0,0.1889
MAC000680,9.5,0.1694
MAC000680,10.0,0.1607
MAC000680,10.5,0.1677
MAC000680,11.0,0.1713
MAC000680,11.5,0.1956
MAC000680,12.0,0.1853
MAC000680,12.5,0.2034
MAC000680,13.0,0.2222
MAC000680,13.5,0.2408
MAC000680,14.0,0.2581
MAC000680,14.5,0.2751
MAC000680,15.0,0.3817
MAC000680,15.5,0.4645
MAC000680,16.0,0.4014
MAC000680,16.5,0.4192
MAC000680,17.0,0.4238
MAC000680,17.5,0.3902
MAC000680,18.0,0.3771
MAC000680,18.5,0.3335
MAC000680,19.0,0.328
MAC000680,19.5,0.3105
MAC000680,20.0,0.2945
MAC000680,20.5,0.244
MAC000680,21.0,0.1806
MAC000680,21.5,0.1434
MAC000680,22.0,0.1102
MAC000680,22.5,0.0954
MAC000680,23.0,0.0764
MAC000680,23.5,0.0721
MAC000683,0.0,0.2256
MAC000683,0.5,0.1961
MAC000683,1.0,0.1702
MAC000683,1.5,0.1557
MAC000683,2.0,0.1469
MAC000683,2.5,0.1415
MAC000683,3.0,0.1431
MAC000683,3.5,0.5004
MAC000683,4.0,0.3362
MAC000683,4.5,0.6174
MAC000683,5.0,0.3952
MAC000683,5.5,0.2429
MAC000683,6.0,0.1751
MAC000683,6.5,0.2813
MAC000683,7.0,0.2653
MAC000683,7.5,0.3574
MAC000683,8.0,0.3287
MAC000683,8.5,0.2897
MAC000683,9.0,0.2697
MAC000683,9.5,0.2419
MAC000683,10.0,0.25
MAC000683,10.5,0.2528
MAC000683,11.0,0.2941
MAC000683,11.5,0.295
MAC000683,12.0,0.2927
MAC000683,12.5,0.2807
MAC000683,13.0,0.266
MAC000683,13.5,0.2805
MAC000683,14.0,0.3343
MAC000683,14.5,0.3112
MAC000683,15.0,0.3598
MAC000683,15.5,0.4236
MAC000683,16.0,0.6103
MAC000683,16.5,0.6145
MAC000683,17.0,0.5605
MAC000683,17.5,0.5135
MAC000683,18.0,0.3274
MAC000683,18.5,0.2795
MAC000683,19.0,0.2658
MAC000683,19.5,0.2603
MAC000683,20.0,0.2545
MAC000683,20.5,0.2562
MAC000683,21.0,0.2605
MAC000683,21.5,0.2533
MAC000683,22.0,0.2604
MAC000683,22.5,0.2734
MAC000683,23.0,0.2603
MAC000683,23.5,0.2419
MAC000704,0.0,0.0898
MAC000704,0.5,0.09
MAC000704,1.0,0.0927
MAC000704,1.5,0.0912
MAC000704,2.0,0.0934
MAC000704,2.5,0.0845
MAC000704,3.0,0.0876
MAC000704,3.5,0.085
MAC000704,4.0,0.0748
MAC000704,4.5,0.0733
MAC000704,5.0,0.072
MAC000704,5.5,0.0728
MAC000704,6.0,0.0693
MAC000704,6.5,0.0786
MAC000704,7.0,0.0994
MAC000704,7.5,0.1246
MAC000704,8.0,0.109
MAC000704,8.5,0.0892
MAC000704,9.0,0.0752
MAC000704,9.5,0.0833
MAC000704,10.0,0.084
MAC000704,10.5,0.0898
MAC000704,11.0,0.0808
MAC000704,11.5,0.0994
MAC000704,12.0,0.1067
MAC000704,12.5,0.1124
MAC000704,13.0,0.1098
MAC000704,13.5,0.1099
MAC000704,14.0,0.0941
MAC000704,14.5,0.1024
MAC000704,15.0,0.0962
MAC000704,15.5,0.109
MAC000704,16.0,0.1093
MAC000704,16.5,0.1144
MAC000704,17.0,0.1252
MAC000704,17.5,0.1322
MAC000704,18.0,0.1738
MAC000704,18.5,0.2073
MAC000704,19.0,0.2438
MAC000704,19.5,0.2825
MAC000704,20.0,0.2574
MAC000704,20.5,0.26
MAC000704,21.0,0.2393
MAC000704,21.5,0.2084
MAC000704,22.0,0.1702
MAC000704,22.5,0.1317
MAC000704,23.0,0.1097
MAC000704,23.5,0.0983
MAC000716,0.0,0.1252
MAC000716,0.5,0.1177
MAC000716,1.0,0.1156
MAC000716,1.5,0.1188
MAC000716,2.0,0.1169
MAC000716,2.5,0.1185
MAC000716,3.0,0.1181
MAC000716,3.5,0.1156
MAC000716,4.0,0.1141
MAC000716,4.5,0.1311
MAC000716,5.0,0.1594
MAC000716,5.5,0.2079
MAC000716,6.0,0.2377
MAC000716,6.5,0.3158
MAC000716,7.0,0.3219
MAC000716,7.5,0.3581
MAC000716,8.0,0.3784
MAC000716,8.5,0.3232
MAC000716,9.0,0.3289
MAC000716,9.5,0.342
MAC000716,10.0,0.3354
MAC000716,10.5,0.3712
MAC000716,11.0,0.4595
MAC000716,11.5,0.3756
MAC000716,12.0,0.4036
MAC000716,12.5,0.3324
MAC000716,13.0,0.3418
MAC000716,13.5,0.3618
MAC000716,14.0,0.3597
MAC000716,14.5,0.3665
MAC000716,15.0,0.4088
MAC000716,15.5,0.4365
MAC000716,16.0,0.4501
MAC000716,16.5,0.4303
MAC000716,17.0,0.4659
MAC000716,17.5,0.5296
MAC000716,18.0,0.5594
MAC000716,18.5,0.5171
MAC000716,19.0,0.4937
MAC000716,19.5,0.4238
MAC000716,20.0,0.3992
MAC000716,20.5,0.366
MAC000716,21.0,0.3234
MAC000716,21.5,0.2718
MAC000716,22.0,0.2089
MAC000716,22.5,0.1653
MAC000716,23.0,0.1422
MAC000716,23.5,0.1311
MAC000719,0.0,0.107
MAC000719,0.5,0.1049
MAC000719,1.0,0.1089
MAC000719,1.5,0.1032
MAC000719,2.0,0.1085
MAC000719,2.5,0.1059
MAC000719,3.0,0.1061
MAC000719,3.5,0.1049
MAC000719,4.0,0.1067
MAC000719,4.5,0.1061
MAC000719,5.0,0.1062
MAC000719,5.5,0.12
MAC000719,6.0,0.1744
MAC000719,6.5,0.1629
MAC000719,7.0,0.1805
MAC000719,7.5,0.2798
MAC000719,8.0,0.1617
MAC000719,8.5,0.1393
MAC000719,9.0,0.1421
MAC000719,9.5,0.1661
MAC000719,10.0,0.1311
MAC000719,10.5,0.1205
MAC000719,11.0,0.1215
MAC000719,11.5,0.1218
MAC000719,12.0,0.1145
MAC000719,12.5,0.1214
MAC000719,13.0,0.1166
MAC000719,13.5,0.1152
MAC000719,14.0,0.1124
MAC000719,14.5,0.1108
MAC000719,15.0,0.1108
MAC000719,15.5,0.1166
MAC000719,16.0,0.1335
MAC000719,16.5,0.1354
MAC000719,17.0,0.1673
MAC000719,17.5,0.1666
MAC000719,18.0,0.2022
MAC000719,18.5,0.211
MAC000719,19.0,0.2469
MAC000719,19.5,0.1936
MAC000719,20.0,0.2689
MAC000719,20.5,0.1932
MAC000719,21.0,0.207
MAC000719,21.5,0.1727
MAC000719,22.0,0.1415
MAC000719,22.5,0.1142
MAC000719,23.0,0.11
MAC000719,23.5,0.1031
MAC000725,0.0,0.2761
MAC000725,0.5,0.2535
MAC000725,1.0,0.2369
MAC000725,1.5,0.2258
MAC000725,2.0,0.2193
MAC000725,2.5,0.2113
MAC000725,3.0,0.2076
MAC000725,3.5,0.2085
MAC000725,4.0,0.2066
MAC000725,4.5,0.2821
MAC000725,5.0,0.282
MAC000725,5.5,0.3565
MAC000725,6.0,0.4183
MAC000725,6.5,0.4504
MAC000725,7.0,0.4556
MAC000725,7.5,0.4249
MAC000725,8.0,0.3905
MAC000725,8.5,0.3492
MAC000725,9.0,0.3404
MAC000725,9.5,0.346
MAC000725,10.0,0.3204
MAC000725,10.5,0.3077
MAC000725,11.0,0.2897
MAC000725,11.5,0.286
MAC000725,12.0,0.3011
MAC000725,12.5,0.2958
MAC000725,13.0,0.2867
MAC000725,13.5,0.3061
MAC000725,14.0,0.3029
MAC000725,14.5,0.3078
MAC000725,15.0,0.315
MAC000725,15.5,0.3464
MAC000725,16.0,0.4109
MAC000725,16.5,0.4673
MAC000725,17.0,0.5155
MAC000725,17.5,0.6203
MAC000725,18.0,0.7078
MAC000725,18.5,0.6864
MAC000725,19.0,0.714
MAC000725,19.5,0.5963
MAC000725,20.0,0.5759
MAC000725,20.5,0.5247
MAC000725,21.0,0.5254
MAC000725,21.5,0.4833
MAC000725,22.0,0.4295
MAC000725,22.5,0.3883
MAC000725,23.0,0.3445
MAC000725,23.5,0.3065
MAC000727,0.0,0.2343
MAC000727,0.5,0.1955
MAC000727,1.0,0.1623
MAC000727,1.5,0.1441
MAC000727,2.0,0.1303
MAC000727,2.5,0.1242
MAC000727,3.0,0.1236
MAC000727,3.5,0.1203
MAC000727,4.0,0.12
MAC000727,4.5,0.1208
MAC000727,5.0,0.1239
MAC000727,5.5,0.1567
MAC000727,6.0,0.2037
MAC000727,6.5,0.2524
MAC000727,7.0,0.3702
MAC000727,7.5,0.3717
MAC000727,8.0,0.3964
MAC000727,8.5,0.3445
MAC000727,9.0,0.315
MAC000727,9.5,0.2703
MAC000727,10.0,0.2614
MAC000727,10.5,0.2466
MAC000727,11.0,0.2539
MAC000727,11.5,0.271
MAC000727,12.0,0.2584
MAC000727,12.5,0.2346
MAC000727,13.0,0.2413
MAC000727,13.5,0.2514
MAC000727,14.0,0.2227
MAC000727,14.5,0.2443
MAC000727,15.0,0.2387
MAC000727,15.5,0.2317
MAC000727,16.0,0.253
MAC000727,16.5,0.2821
MAC000727,17.0,0.3193
MAC000727,17.5,0.3497
MAC000727,18.0,0.4278
MAC000727,18.5,0.414
MAC000727,19.0,0.4426
MAC000727,19.5,0.5311
MAC000727,20.0,0.5685
MAC000727,20.5,0.5645
MAC000727,21.0,0.4829
MAC000727,21.5,0.4207
MAC000727,22.0,0.3818
MAC000727,22.5,0.3251
MAC000727,23.0,0.2824
MAC000727,23.5,0.2617
MAC000728,0.0,0.4269
MAC000728,0.5,0.2829
MAC000728,1.0,0.2477
MAC000728,1.5,0.2454
MAC000728,2.0,0.2337
MAC000728,2.5,0.2331
MAC000728,3.0,0.2316
MAC000728,3.5,0.2289
MAC000728,4.0,0.2318
MAC000728,4.5,0.2388
MAC000728,5.0,0.2527
MAC000728,5.5,0.26
MAC000728,6.0,0.3185
MAC000728,6.5,0.3692
MAC000728,7.0,0.391
MAC000728,7.5,0.4171
MAC000728,8.0,0.4306
MAC000728,8.5,0.3965
MAC000728,9.0,0.4397
MAC000728,9.5,0.4607
MAC000728,10.0,0.5276
MAC000728,10.5,0.4842
MAC000728,11.0,0.5326
MAC000728,11.5,0.4872
MAC000728,12.0,0.5067
MAC000728,12.5,0.4994
MAC000728,13.0,0.4917
MAC000728,13.5,0.5104
MAC000728,14.0,0.5429
MAC000728,14.5,0.633
MAC000728,15.0,0.6926
MAC000728,15.5,0.6779
MAC000728,16.0,0.6601
MAC000728,16.5,0.6709
MAC000728,17.0,0.6682
MAC000728,17.5,0.6729
MAC000728,18.0,0.747
MAC000728,18.5,0.8444
MAC000728,19.0,0.9152
MAC000728,19.5,0.9798
MAC000728,20.0,1.141
MAC000728,20.5,1.1797
MAC000728,21.0,1.2092
MAC000728,21.5,1.1891
MAC000728,22.0,1.1316
MAC000728,22.5,0.9983
MAC000728,23.0,0.7821
MAC000728,23.5,0.5972
MAC000740,0.0,0.234
MAC000740,0.5,0.2142
MAC000740,1.0,0.2093
MAC000740,1.5,0.1839
MAC000740,2.0,0.1766
MAC000740,2.5,0.1772
MAC000740,3.0,0.1631
MAC000740,3.5,0.1764
MAC000740,4.0,0.1754
MAC000740,4.5,0.175
MAC000740,5.0,0.1786
MAC000740,5.5,0.1885
MAC000740,6.0,0.2122
MAC000740,6.5,0.2476
MAC000740,7.0,0.3592
MAC000740,7.5,0.4327
MAC000740,8.0,0.45
MAC000740,8.5,0.409
MAC000740,9.0,0.3799
MAC000740,9.5,0.3549
MAC000740,10.0,0.3
MAC000740,10.5,0.3065
MAC000740,11.0,0.2871
MAC000740,11.5,0.2582
MAC000740,12.0,0.2547
MAC000740,12.5,0.2792
MAC000740,13.0,0.2904
MAC000740,13.5,0.2851
MAC000740,14.0,0.281
MAC000740,14.5,0.2581
MAC000740,15.0,0.2679
MAC000740,15.5,0.3004
MAC000740,16.0,0.3295
MAC000740,16.5,0.3904
MAC000740,17.0,0.4233
MAC000740,17.5,0.4755
MAC000740,18.0,0.5411
MAC000740,18.5,0.6269
MAC000740,19.0,0.6188
MAC000740,19.5,0.5556
MAC000740,20.0,0.5292
MAC000740,20.5,0.4712
MAC000740,21.0,0.4681
MAC000740,21.5,0.447
MAC000740,22.0,0.3972
MAC000740,22.5,0.3653
MAC000740,23.0,0.3159
MAC000740,23.5,0.268
MAC000771,0.0,0.2429
MAC000771,0.5,0.2056
MAC000771,1.0,0.1838
MAC000771,1.5,0.1563
MAC000771,2.0,0.1439
MAC000771,2.5,0.1368
MAC000771,3.0,0.1281
MAC000771,3.5,0.129
MAC000771,4.0,0.1188
MAC000771,4.5,0.1218
MAC000771,5.0,0.1253
MAC000771,5.5,0.145
MAC000771,6.0,0.1741
MAC000771,6.5,0.1683
MAC000771,7.0,0.2084
MAC000771,7.5,0.1983
MAC000771,8.0,0.2124
MAC000771,8.5,0.2138
MAC000771,9.0,0.2177
MAC000771,9.5,0.2356
MAC000771,10.0,0.2702
MAC000771,10.5,0.2646
MAC000771,11.0,0.2518
MAC000771,11.5,0.2615
MAC000771,12.0,0.2579
MAC000771,12.5,0.2747
MAC000771,13.0,0.2625
MAC000771,13.5,0.2712
MAC000771,14.0,0.2543
MAC000771,14.5,0.2682
MAC000771,15.0,0.2734
MAC000771,15.5,0.2855
MAC000771,16.0,0.3296
MAC000771,16.5,0.3437
MAC000771,17.0,0.3736
MAC000771,17.5,0.3709
MAC000771,18.0,0.3955
MAC000771,18.5,0.3967
MAC000771,19.0,0.4206
MAC000771,19.5,0.4525
MAC000771,20.0,0.4586
MAC000771,20.5,0.4682
MAC000771,21.0,0.493
MAC000771,21.5,0.5069
MAC000771,22.0,0.4354
MAC000771,22.5,0.4167
MAC000771,23.0,0.338
MAC000771,23.5,0.2881
MAC000773,0.0,0.11
MAC000773,0.5,0.0928
MAC000773,1.0,0.0868
MAC000773,1.5,0.0817
MAC000773,2.0,0.078
MAC000773,2.5,0.0763
MAC000773,3.0,0.0753
MAC000773,3.5,0.0721
MAC000773,4.0,0.0716
MAC000773,4.5,0.0724
MAC000773,5.0,0.0738
MAC000773,5.5,0.0862
MAC000773,6.0,0.1454
MAC000773,6.5,0.2034
MAC000773,7.0,0.2564
MAC000773,7.5,0.2519
MAC000773,8.0,0.21
MAC000773,8.5,0.2267
MAC000773,9.0,0.2465
MAC000773,9.5,0.2611
MAC000773,10.0,0.264
MAC000773,10.5,0.2669
MAC000773,11.0,0.2729
MAC000773,11.5,0.2312
MAC000773,12.0,0.254
MAC000773,12.5,0.2507
MAC000773,13.0,0.2266
MAC000773,13.5,0.2397
MAC000773,14.0,0.2451
MAC000773,14.5,0.2579
MAC000773,15.0,0.2468
MAC000773,15.5,0.2737
MAC000773,16.0,0.2911
MAC000773,16.5,0.3423
MAC000773,17.0,0.398
MAC000773,17.5,0.4615
MAC000773,18.0,0.5384
MAC000773,18.5,0.5688
MAC000773,19.0,0.5491
MAC000773,19.5,0.5434
MAC000773,20.0,0.5633
MAC000773,20.5,0.5607
MAC000773,21.0,0.5192
MAC000773,21.5,0.4524
MAC000773,22.0,0.3575
MAC000773,22.5,0.2861
MAC000773,23.0,0.1856
MAC000773,23.5,0.1344
MAC000791,0.0,0.1901
MAC000791,0.5,0.1875
MAC000791,1.0,0.1865
MAC000791,1.5,0.1885
MAC000791,2.0,0.1981
MAC000791,2.5,0.1939
MAC000791,3.0,0.1915
MAC000791,3.5,0.1819
MAC000791,4.0,0.1811
MAC000791,4.5,0.1815
MAC000791,5.0,0.1918
MAC000791,5.5,0.2235
MAC000791,6.0,0.4718
MAC000791,6.5,0.5374
MAC000791,7.0,0.7602
MAC000791,7.5,0.8708
MAC000791,8.0,0.7259
MAC000791,8.5,0.6998
MAC000791,9.0,0.6508
MAC000791,9.5,0.5797
MAC000791,10.0,0.5694
MAC000791,10.5,0.5317
MAC000791,11.0,0.521
MAC000791,11.5,0.5323
MAC000791,12.0,0.5616
MAC000791,12.5,0.5918
MAC000791,13.0,0.588
MAC000791,13.5,0.6212
MAC000791,14.0,0.6099
MAC000791,14.5,0.6136
MAC000791,15.0,0.596
MAC000791,15.5,0.6027
MAC000791,16.0,0.6319
MAC000791,16.5,0.7447
MAC000791,17.0,1.0974
MAC000791,17.5,1.0656
MAC000791,18.0,1.0477
MAC000791,18.5,1.0544
MAC000791,19.0,0.7706
MAC000791,19.5,0.8062
MAC000791,20.0,0.833
MAC000791,20.5,0.7677
MAC000791,21.0,0.8019
MAC000791,21.5,0.4991
MAC000791,22.0,0.3381
MAC000791,22.5,0.2236
MAC000791,23.0,0.2044
MAC000791,23.5,0.1975
MAC000793,0.0,0.1078
MAC000793,0.5,0.1023
MAC000793,1.0,0.092
MAC000793,1.5,0.0934
MAC000793,2.0,0.0913
MAC000793,2.5,0.0933
MAC000793,3.0,0.085
MAC000793,3.5,0.0879
MAC000793,4.0,0.0874
MAC000793,4.5,0.0851
MAC000793,5.0,0.0867
MAC000793,5.5,0.0867
MAC000793,6.0,0.0992
MAC000793,6.5,0.1299
MAC000793,7.0,0.1921
MAC000793,7.5,0.2074
MAC000793,8.0,0.2288
MAC000793,8.5,0.2175
MAC000793,9.0,0.2069
MAC000793,9.5,0.1961
MAC000793,10.0,0.1828
MAC000793,10.5,0.1642
MAC000793,11.0,0.1576
MAC000793,11.5,0.1609
MAC000793,12.0,0.1802
MAC000793,12.5,0.1717
MAC000793,13.0,0.1529
MAC000793,13.5,0.1437
MAC000793,14.0,0.1549
MAC000793,14.5,0.2092
MAC000793,15.0,0.2944
MAC000793,15.5,0.4269
MAC000793,16.0,0.4299
MAC000793,16.5,0.4753
MAC000793,17.0,0.3988
MAC000793,17.5,0.3195
MAC000793,18.0,0.2979
MAC000793,18.5,0.2793
MAC000793,19.0,0.2486
MAC000793,19.5,0.2615
MAC000793,20.0,0.2684
MAC000793,20.5,0.2567
MAC000793,21.0,0.2594
MAC000793,21.5,0.2505
MAC000793,22.0,0.2383
MAC000793,22.5,0.2103
MAC000793,23.0,0.1743
MAC000793,23.5,0.134
MAC000801,0.0,0.2678
MAC000801,0.5,0.2172
MAC000801,1.0,0.1873
MAC000801,1.5,0.1637
MAC000801,2.0,0.1431
MAC000801,2.5,0.1349
MAC000801,3.0,0.127
MAC000801,3.5,0.1274
MAC000801,4.0,0.165
MAC000801,4.5,0.2616
MAC000801,5.0,0.363
MAC000801,5.5,0.3274
MAC000801,6.0,0.4025
MAC000801,6.5,0.3045
MAC000801,7.0,0.3265
MAC000801,7.5,0.3661
MAC000801,8.0,0.4036
MAC000801,8.5,0.4051
MAC000801,9.0,0.4404
MAC000801,9.5,0.5513
MAC000801,10.0,0.6582
MAC000801,10.5,0.7018
MAC000801,11.0,0.7867
MAC000801,11.5,0.7773
MAC000801,12.0,0.7546
MAC000801,12.5,0.6971
MAC000801,13.0,0.5816
MAC000801,13.5,0.5865
MAC000801,14.0,0.4898
MAC000801,14.5,0.5165
MAC000801,15.0,0.5645
MAC000801,15.5,0.6735
MAC000801,16.0,0.8737
MAC000801,16.5,1.1851
MAC000801,17.0,1.3339
MAC000801,17.5,1.2417
MAC000801,18.0,1.0952
MAC000801,18.5,0.8839
MAC000801,19.0,0.8458
MAC000801,19.5,0.85
MAC000801,20.0,0.8687
MAC000801,20.5,0.7986
MAC000801,21.0,0.7571
MAC000801,21.5,0.6821
MAC000801,22.0,0.6212
MAC000801,22.5,0.5401
MAC000801,23.0,0.4641
MAC000801,23.5,0.3565
MAC000817,0.0,0.0954
MAC000817,0.5,0.0938
MAC000817,1.0,0.093
MAC000817,1.5,0.0921
MAC000817,2.0,0.0928
MAC000817,2.5,0.0936
MAC000817,3.0,0.0931
MAC000817,3.5,0.0941
MAC000817,4.0,0.0915
MAC000817,4.5,0.0917
MAC000817,5.0,0.0939
MAC000817,5.5,0.0953
MAC000817,6.0,0.099
MAC000817,6.5,0.1166
MAC000817,7.0,0.198
MAC000817,7.5,0.3064
MAC000817,8.0,0.3895
MAC000817,8.5,0.6395
MAC000817,9.0,0.7896
MAC000817,9.5,0.8951
MAC000817,10.0,0.891
MAC000817,10.5,0.9764
MAC000817,11.0,0.9595
MAC000817,11.5,0.9697
MAC000817,12.0,0.9937
MAC000817,12.5,0.9798
MAC000817,13.0,0.9892
MAC000817,13.5,0.9766
MAC000817,14.0,0.9725
MAC000817,14.5,0.9941
MAC000817,15.0,0.9593
MAC000817,15.5,0.9555
MAC000817,16.0,0.9906
MAC000817,16.5,1.0187
MAC000817,17.0,1.02
MAC000817,17.5,1.1319
MAC000817,18.0,1.1456
MAC000817,18.5,1.272
MAC000817,19.0,1.2686
MAC000817,19.5,1.301
MAC000817,20.0,1.3265
MAC000817,20.5,1.2531
MAC000817,21.0,0.9369
MAC000817,21.5,0.6644
MAC000817,22.0,0.2698
MAC000817,22.5,0.1142
MAC000817,23.0,0.0969
MAC000817,23.5,0.0979
MAC000819,0.0,0.1006
MAC000819,0.5,0.0996
MAC000819,1.0,0.0895
MAC000819,1.5,0.0908
MAC000819,2.0,0.097
MAC000819,2.5,0.0971
MAC000819,3.0,0.0955
MAC000819,3.5,0.0929
MAC000819,4.0,0.089
MAC000819,4.5,0.0946
MAC000819,5.0,0.1097
MAC000819,5.5,0.0922
MAC000819,6.0,0.1177
MAC000819,6.5,0.1051
MAC000819,7.0,0.1074
MAC000819,7.5,0.1205
MAC000819,8.0,0.123
MAC000819,8.5,0.1509
MAC000819,9.0,0.1829
MAC000819,9.5,0.1898
MAC000819,10.0,0.179
MAC000819,10.5,0.1666
MAC000819,11.0,0.1699
MAC000819,11.5,0.1492
MAC000819,12.0,0.1889
MAC000819,12.5,0.1588
MAC000819,13.0,0.1648
MAC000819,13.5,0.1598
MAC000819,14.0,0.1505
MAC000819,14.5,0.1522
MAC000819,15.0,0.1313
MAC000819,15.5,0.1278
MAC000819,16.0,0.1387
MAC000819,16.5,0.147
MAC000819,17.0,0.1386
MAC000819,17.5,0.1493
MAC000819,18.0,0.1518
MAC000819,18.5,0.1619
MAC000819,19.0,0.1668
MAC000819,19.5,0.167
MAC000819,20.0,0.1628
MAC000819,20.5,0.1903
MAC000819,21.0,0.2182
MAC000819,21.5,0.2812
MAC000819,22.0,0.3013
MAC000819,22.5,0.2453
MAC000819,23.0,0.2216
MAC000819,23.5,0.1046
MAC000828,0.0,0.3778
MAC000828,0.5,0.2894
MAC000828,1.0,0.2554
MAC000828,1.5,0.2349
MAC000828,2.0,0.265
MAC000828,2.5,0.2211
MAC000828,3.0,0.2131
MAC000828,3.5,0.2171
MAC000828,4.0,0.235
MAC000828,4.5,0.2415
MAC000828,5.0,0.2972
MAC000828,5.5,0.4305
MAC000828,6.0,0.7238
MAC000828,6.5,1.0725
MAC000828,7.0,1.5359
MAC000828,7.5,1.777
MAC000828,8.0,1.939
MAC000828,8.5,1.9878
MAC000828,9.0,1.9524
MAC000828,9.5,1.8173
MAC000828,10.0,1.6978
MAC000828,10.5,1.4469
MAC000828,11.0,1.111
MAC000828,11.5,0.8418
MAC000828,12.0,0.7015
MAC000828,12.5,0.642
MAC000828,13.0,0.6225
MAC000828,13.5,0.686
MAC000828,14.0,0.7177
MAC000828,14.5,0.7585
MAC000828,15.0,0.8149
MAC000828,15.5,0.8731
MAC000828,16.0,0.9632
MAC000828,16.5,1.1097
MAC000828,17.0,1.1172
MAC000828,17.5,1.1805
MAC000828,18.0,1.185
MAC000828,18.5,1.2109
MAC000828,19.0,1.3008
MAC000828,19.5,1.4759
MAC000828,20.0,1.7378
MAC000828,20.5,2.0153
MAC000828,21.0,2.2951
MAC000828,21.5,2.3856
MAC000828,22.0,2.2845
MAC000828,22.5,1.9097
MAC000828,23.0,1.2093
MAC000828,23.5,0.6497
MAC000831,0.0,0.2679
MAC000831,0.5,0.2149
MAC000831,1.0,0.2485
MAC000831,1.5,0.2154
MAC000831,2.0,0.2396
MAC000831,2.5,0.2302
MAC000831,3.0,0.2296
MAC000831,3.5,0.2479
MAC000831,4.0,0.2218
MAC000831,4.5,0.2527
MAC000831,5.0,0.2391
MAC000831,5.5,0.3512
MAC000831,6.0,0.3337
MAC000831,6.5,0.3637
MAC000831,7.0,0.4138
MAC000831,7.5,0.3897
MAC000831,8.0,0.4415
MAC000831,8.5,0.4617
MAC000831,9.0,0.5244
MAC000831,9.5,0.4891
MAC000831,10.0,0.4527
MAC000831,10.5,0.3556
MAC000831,11.0,0.3148
MAC000831,11.5,0.2529
MAC000831,12.0,0.2228
MAC000831,12.5,0.2487
MAC000831,13.0,0.2382
MAC000831,13.5,0.2438
MAC000831,14.0,0.2724
MAC000831,14.5,0.3047
MAC000831,15.0,0.3443
MAC000831,15.5,0.4619
MAC000831,16.0,0.6042
MAC000831,16.5,0.9138
MAC000831,17.0,0.8309
MAC000831,17.5,0.8215
MAC000831,18.0,0.7983
MAC000831,18.5,0.8167
MAC000831,19.0,0.808
MAC000831,19.5,0.8317
MAC000831,20.0,0.7521
MAC000831,20.5,0.7719
MAC000831,21.0,0.6747
MAC000831,21.5,0.6033
MAC000831,22.0,0.4722
MAC000831,22.5,0.405
MAC000831,23.0,0.328
MAC000831,23.5,0.2767
MAC000834,0.0,0.9758
MAC000834,0.5,0.977
MAC000834,1.0,0.9626
MAC000834,1.5,0.9461
MAC000834,2.0,0.9186
MAC000834,2.5,0.9138
MAC000834,3.0,0.9011
MAC000834,3.5,0.8894
MAC000834,4.0,0.89
MAC000834,4.5,0.8799
MAC000834,5.0,0.8779
MAC000834,5.5,0.8278
MAC000834,6.0,0.8332
MAC000834,6.5,0.8427
MAC000834,7.0,0.8826
MAC000834,7.5,0.9289
MAC000834,8.0,0.9457
MAC000834,8.5,0.9045
MAC000834,9.0,0.8175
MAC000834,9.5,0.7001
MAC000834,10.0,0.5788
MAC000834,10.5,0.4592
MAC000834,11.0,0.3574
MAC000834,11.5,0.2926
MAC000834,12.0,0.2541
MAC000834,12.5,0.2682
MAC000834,13.0,0.3017
MAC000834,13.5,0.3899
MAC000834,14.0,0.4339
MAC000834,14.5,0.468
MAC000834,15.0,0.5288
MAC000834,15.5,0.5683
MAC000834,16.0,0.6403
MAC000834,16.5,0.6452
MAC000834,17.0,0.6776
MAC000834,17.5,0.655
MAC000834,18.0,0.6274
MAC000834,18.5,0.6407
MAC000834,19.0,0.6654
MAC000834,19.5,0.7093
MAC000834,20.0,0.7125
MAC000834,20.5,0.7112
MAC000834,21.0,0.7259
MAC000834,21.5,0.7285
MAC000834,22.0,0.7128
MAC000834,22.5,0.748
MAC000834,23.0,0.7755
MAC000834,23.5,0.8954
MAC000841,0.0,0.2452
MAC000841,0.5,0.2334
MAC000841,1.0,0.2267
MAC000841,1.5,0.2117
MAC000841,2.0,0.2125
MAC000841,2.5,0.2059
MAC000841,3.0,0.2005
MAC000841,3.5,0.1995
MAC000841,4.0,0.2009
MAC000841,4.5,0.205
MAC000841,5.0,0.1961
MAC000841,5.5,0.2564
MAC000841,6.0,0.2011
MAC000841,6.5,0.322
MAC000841,7.0,0.2847
MAC000841,7.5,0.3232
MAC000841,8.0,0.3425
MAC000841,8.5,0.368
MAC000841,9.0,0.3487
MAC000841,9.5,0.3242
MAC000841,10.0,0.2872
MAC000841,10.5,0.2934
MAC000841,11.0,0.3083
MAC000841,11.5,0.3158
MAC000841,12.0,0.3164
MAC000841,12.5,0.298
MAC000841,13.0,0.2839
MAC000841,13.5,0.2702
MAC000841,14.0,0.2766
MAC000841,14.5,0.2979
MAC000841,15.0,0.269
MAC000841,15.5,0.2568
MAC000841,16.0,0.2716
MAC000841,16.5,0.2685
MAC000841,17.0,0.2801
MAC000841,17.5,0.3804
MAC000841,18.0,0.331
MAC000841,18.5,0.5042
MAC000841,19.0,0.4527
MAC000841,19.5,0.4297
MAC000841,20.0,0.3709
MAC000841,20.5,0.3585
MAC000841,21.0,0.3409
MAC000841,21.5,0.3292
MAC000841,22.0,0.3232
MAC000841,22.5,0.2828
MAC000841,23.0,0.2664
MAC000841,23.5,0.2543
MAC000842,0.0,0.1771
MAC000842,0.5,0.1064
MAC000842,1.0,0.0526
MAC000842,1.5,0.0369
MAC000842,2.0,0.0361
MAC000842,2.5,0.0308
MAC000842,3.0,0.032
MAC000842,3.5,0.0339
MAC000842,4.0,0.036
MAC000842,4.5,0.0509
MAC000842,5.0,0.1005
MAC000842,5.5,0.1816
MAC000842,6.0,0.2812
MAC000842,6.5,0.3963
MAC000842,7.0,0.3845
MAC000842,7.5,0.4139
MAC000842,8.0,0.3855
MAC000842,8.5,0.3375
MAC000842,9.0,0.349
MAC000842,9.5,0.3034
MAC000842,10.0,0.3073
MAC000842,10.5,0.2917
MAC000842,11.0,0.2279
MAC000842,11.5,0.2473
MAC000842,12.0,0.227
MAC000842,12.5,0.2444
MAC000842,13.0,0.2656
MAC000842,13.5,0.277
MAC000842,14.0,0.2836
MAC000842,14.5,0.3153
MAC000842,15.0,0.3095
MAC000842,15.5,0.3353
MAC000842,16.0,0.3837
MAC000842,16.5,0.3546
MAC000842,17.0,0.3497
MAC000842,17.5,0.3346
MAC000842,18.0,0.3388
MAC000842,18.5,0.3319
MAC000842,19.0,0.3378
MAC000842,19.5,0.338
MAC000842,20.0,0.3498
MAC000842,20.5,0.3438
MAC000842,21.0,0.3233
MAC000842,21.5,0.2989
MAC000842,22.0,0.2931
MAC000842,22.5,0.2874
MAC000842,23.0,0.2701
MAC000842,23.5,0.2355
MAC000859,0.0,0.0975
MAC000859,0.5,0.0782
MAC000859,1.0,0.072
MAC000859,1.5,0.0701
MAC000859,2.0,0.0676
MAC000859,2.5,0.0712
MAC000859,3.0,0.0763
MAC000859,3.5,0.0769
MAC000859,4.0,0.0739
MAC000859,4.5,0.0705
MAC000859,5.0,0.0708
MAC000859,5.5,0.0848
MAC000859,6.0,0.0973
MAC000859,6.5,0.1318
MAC000859,7.0,0.1668
MAC000859,7.5,0.2212
MAC000859,8.0,0.2668
MAC000859,8.5,0.2949
MAC000859,9.0,0.28
MAC000859,9.5,0.2354
MAC000859,10.0,0.2303
MAC000859,10.5,0.2129
MAC000859,11.0,0.2229
MAC000859,11.5,0.2233
MAC000859,12.0,0.2245
MAC000859,12.5,0.2131
MAC000859,13.0,0.2182
MAC000859,13.5,0.216
MAC000859,14.0,0.2314
MAC000859,14.5,0.2316
MAC000859,15.0,0.2171
MAC000859,15.5,0.2264
MAC000859,16.0,0.2191
MAC000859,16.5,0.2191
MAC000859,17.0,0.2309
MAC000859,17.5,0.262
MAC000859,18.0,0.2876
MAC000859,18.5,0.2809
MAC000859,19.0,0.2801
MAC000859,19.5,0.2686
MAC000859,20.0,0.2626
MAC000859,20.5,0.2595
MAC000859,21.0,0.2588
MAC000859,21.5,0.2451
MAC000859,22.0,0.2186
MAC000859,22.5,0.1898
MAC000859,23.0,0.1535
MAC000859,23.5,0.1191
MAC000861,0.0,0.2378
MAC000861,0.5,0.2277
MAC000861,1.0,0.2168
MAC000861,1.5,0.2098
MAC000861,2.0,0.2052
MAC000861,2.5,0.1967
MAC000861,3.0,0.1973
MAC000861,3.5,0.2009
MAC000861,4.0,0.1937
MAC000861,4.5,0.2008
MAC000861,5.0,0.2163
MAC000861,5.5,0.2442
MAC000861,6.0,0.2876
MAC000861,6.5,0.3349
MAC000861,7.0,0.3677
MAC000861,7.5,0.4061
MAC000861,8.0,0.4134
MAC000861,8.5,0.4201
MAC000861,9.0,0.3835
MAC000861,9.5,0.3503
MAC000861,10.0,0.3314
MAC000861,10.5,0.3354
MAC000861,11.0,0.3157
MAC000861,11.5,0.3161
MAC000861,12.0,0.3166
MAC000861,12.5,0.315
MAC000861,13.0,0.3305
MAC000861,13.5,0.3372
MAC000861,14.0,0.3366
MAC000861,14.5,0.3463
MAC000861,15.0,0.3467
MAC000861,15.5,0.3486
MAC000861,16.0,0.3696
MAC000861,16.5,0.4174
MAC000861,17.0,0.4432
MAC000861,17.5,0.4721
MAC000861,18.0,0.4887
MAC000861,18.5,0.5125
MAC000861,19.0,0.4982
MAC000861,19.5,0.4977
MAC000861,20.0,0.5188
MAC000861,20.5,0.4794
MAC000861,21.0,0.4476
MAC000861,21.5,0.4058
MAC000861,22.0,0.3674
MAC000861,22.5,0.3282
MAC000861,23.0,0.2872
MAC000861,23.5,0.2551
MAC000876,0.0,0.4125
MAC000876,0.5,0.3416
MAC000876,1.0,0.2898
MAC000876,1.5,0.2458
MAC000876,2.0,0.2303
MAC000876,2.5,0.2177
MAC000876,3.0,0.2196
MAC000876,3.5,0.2167
MAC000876,4.0,0.2218
MAC000876,4.5,0.2488
MAC000876,5.0,0.2539
MAC000876,5.5,0.1999
MAC000876,6.0,0.2263
MAC000876,6.5,0.249
MAC000876,7.0,0.261
MAC000876,7.5,0.2786
MAC000876,8.0,0.2479
MAC000876,8.5,0.2462
MAC000876,9.0,0.2654
MAC000876,9.5,0.2949
MAC000876,10.0,0.3287
MAC000876,10.5,0.3648
MAC000876,11.0,0.4114
MAC000876,11.5,0.4412
MAC000876,12.0,0.4637
MAC000876,12.5,0.5179
MAC000876,13.0,0.503
MAC000876,13.5,0.4861
MAC000876,14.0,0.4461
MAC000876,14.5,0.5116
MAC000876,15.0,0.5005
MAC000876,15.5,0.5433
MAC000876,16.0,0.5757
MAC000876,16.5,0.6216
MAC000876,17.0,0.6461
MAC000876,17.5,0.6854
MAC000876,18.0,0.7341
MAC000876,18.5,0.7708
MAC000876,19.0,0.7591
MAC000876,19.5,0.7632
MAC000876,20.0,0.8115
MAC000876,20.5,0.8368
MAC000876,21.0,0.844
MAC000876,21.5,0.8526
MAC000876,22.0,0.7004
MAC000876,22.5,0.6599
MAC000876,23.0,0.5813
MAC000876,23.5,0.4827
MAC000877,0.0,0.2432
MAC000877,0.5,0.2215
MAC000877,1.0,0.2132
MAC000877,1.5,0.2006
MAC000877,2.0,0.202
MAC000877,2.5,0.1944
MAC000877,3.0,0.1935
MAC000877,3.5,0.1911
MAC000877,4.0,0.1899
MAC000877,4.5,0.1884
MAC000877,5.0,0.189
MAC000877,5.5,0.1948
MAC000877,6.0,0.2413
MAC000877,6.5,0.2329
MAC000877,7.0,0.2407
MAC000877,7.5,0.234
MAC000877,8.0,0.217
MAC000877,8.5,0.2126
MAC000877,9.0,0.2164
MAC000877,9.5,0.2299
MAC000877,10.0,0.2335
MAC000877,10.5,0.2373
MAC000877,11.0,0.2555
MAC000877,11.5,0.238
MAC000877,12.0,0.2356
MAC000877,12.5,0.2379
MAC000877,13.0,0.2519
MAC000877,13.5,0.2322
MAC000877,14.0,0.2353
MAC000877,14.5,0.2264
MAC000877,15.0,0.2401
MAC000877,15.5,0.2363
MAC000877,16.0,0.2518
MAC000877,16.5,0.2581
MAC000877,17.0,0.2879
MAC000877,17.5,0.3084
MAC000877,18.0,0.3445
MAC000877,18.5,0.3485
MAC000877,19.0,0.3557
MAC000877,19.5,0.3659
MAC000877,20.0,0.3682
MAC000877,20.5,0.3698
MAC000877,21.0,0.382
MAC000877,21.5,0.3716
MAC000877,22.0,0.3669
MAC000877,22.5,0.3452
MAC000877,23.0,0.3082
MAC000877,23.5,0.2724
MAC000878,0.0,0.222
MAC000878,0.5,0.1823
MAC000878,1.0,0.1557
MAC000878,1.5,0.15
MAC000878,2.0,0.1649
MAC000878,2.5,0.1783
MAC000878,3.0,0.1924
MAC000878,3.5,0.213
MAC000878,4.0,0.2292
MAC000878,4.5,0.2481
MAC000878,5.0,0.2649
MAC000878,5.5,0.2826
MAC000878,6.0,0.302
MAC000878,6.5,0.3498
MAC000878,7.0,0.376
MAC000878,7.5,0.4649
MAC000878,8.0,0.5363
MAC000878,8.5,0.6048
MAC000878,9.0,0.6754
MAC000878,9.5,0.6427
MAC000878,10.0,0.58
MAC000878,10.5,0.5642
MAC000878,11.0,0.5719
MAC000878,11.5,0.5444
MAC000878,12.0,0.5568
MAC000878,12.5,0.5748
MAC000878,13.0,0.5524
MAC000878,13.5,0.5209
MAC000878,14.0,0.5408
MAC000878,14.5,0.4877
MAC000878,15.0,0.5028
MAC000878,15.5,0.5021
MAC000878,16.0,0.5085
MAC000878,16.5,0.4943
MAC000878,17.0,0.5095
MAC000878,17.5,0.4731
MAC000878,18.0,0.4772
MAC000878,18.5,0.4483
MAC000878,19.0,0.4305
MAC000878,19.5,0.4469
MAC000878,20.0,0.442
MAC000878,20.5,0.437
MAC000878,21.0,0.4914
MAC000878,21.5,0.4773
MAC000878,22.0,0.4715
MAC000878,22.5,0.4198
MAC000878,23.0,0.3703
MAC000878,23.5,0.296
MAC000897,0.0,0.1078
MAC000897,0.5,0.104
MAC000897,1.0,0.1029
MAC000897,1.5,0.1034
MAC000897,2.0,0.1025
MAC000897,2.5,0.1034
MAC000897,3.0,0.103
MAC000897,3.5,0.1011
MAC000897,4.0,0.1016
MAC000897,4.5,0.1013
MAC000897,5.0,0.1024
MAC000897,5.5,0.1312
MAC000897,6.0,0.1321
MAC000897,6.5,0.1931
MAC000897,7.0,0.2327
MAC000897,7.5,0.2464
MAC000897,8.0,0.2168
MAC000897,8.5,0.211
MAC000897,9.0,0.1945
MAC000897,9.5,0.2154
MAC000897,10.0,0.2312
MAC000897,10.5,0.3163
MAC000897,11.0,0.298
MAC000897,11.5,0.3098
MAC000897,12.0,0.3285
MAC000897,12.5,0.2642
MAC000897,13.0,0.2274
MAC000897,13.5,0.1989
MAC000897,14.0,0.1897
MAC000897,14.5,0.2108
MAC000897,15.0,0.2498
MAC000897,15.5,0.261
MAC000897,16.0,0.29
MAC000897,16.5,0.3387
MAC000897,17.0,0.2937
MAC000897,17.5,0.3349
MAC000897,18.0,0.278
MAC000897,18.5,0.264
MAC000897,19.0,0.2718
MAC000897,19.5,0.2537
MAC000897,20.0,0.2656
MAC000897,20.5,0.3095
MAC000897,21.0,0.3051
MAC000897,21.5,0.2813
MAC000897,22.0,0.2296
MAC000897,22.5,0.158
MAC000897,23.0,0.1281
MAC000897,23.5,0.108
MAC000911,0.0,0.1882
MAC000911,0.5,0.1774
MAC000911,1.0,0.1724
MAC000911,1.5,0.1694
MAC000911,2.0,0.1655
MAC000911,2.5,0.1609
MAC000911,3.0,0.1611
MAC000911,3.5,0.161
MAC000911,4.0,0.1621
MAC000911,4.5,0.1566
MAC000911,5.0,0.2142
MAC000911,5.5,0.297
MAC000911,6.0,0.4467
MAC000911,6.5,0.5971
MAC000911,7.0,0.6449
MAC000911,7.5,0.6363
MAC000911,8.0,0.6217
MAC000911,8.5,0.5994
MAC000911,9.0,0.5235
MAC000911,9.5,0.5186
MAC000911,10.0,0.5521
MAC000911,10.5,0.5381
MAC000911,11.0,0.5081
MAC000911,11.5,0.5172
MAC000911,12.0,0.4715
MAC000911,12.5,0.4311
MAC000911,13.0,0.4517
MAC000911,13.5,0.5014
MAC000911,14.0,0.486
MAC000911,14.5,0.4824
MAC000911,15.0,0.4867
MAC000911,15.5,0.5232
MAC000911,16.0,0.5286
MAC000911,16.5,0.5662
MAC000911,17.0,0.5833
MAC000911,17.5,0.5826
MAC000911,18.0,0.5994
MAC000911,18.5,0.6447
MAC000911,19.0,0.6532
MAC000911,19.5,0.6424
MAC000911,20.0,0.6394
MAC000911,20.5,0.5956
MAC000911,21.0,0.5757
MAC000911,21.5,0.4737
MAC000911,22.0,0.3846
MAC000911,22.5,0.2989
MAC000911,23.0,0.2422
MAC000911,23.5,0.2133
MAC000936,0.0,0.1115
MAC000936,0.5,0.1092
MAC000936,1.0,0.1082
MAC000936,1.5,0.1064
MAC000936,2.0,0.1098
MAC000936,2.5,0.1056
MAC000936,3.0,0.1088
MAC000936,3.5,0.1069
MAC000936,4.0,0.1071
MAC000936,4.5,0.1065
MAC000936,5.0,0.1095
MAC000936,5.5,0.12
MAC000936,6.0,0.1309
MAC000936,6.5,0.1608
MAC000936,7.0,0.2035
MAC000936,7.5,0.236
MAC000936,8.0,0.254
MAC000936,8.5,0.2581
MAC000936,9.0,0.2394
MAC000936,9.5,0.2206
MAC000936,10.0,0.2078
MAC000936,10.5,0.2051
MAC000936,11.0,0.2081
MAC000936,11.5,0.2194
MAC000936,12.0,0.2214
MAC000936,12.5,0.2248
MAC000936,13.0,0.2406
MAC000936,13.5,0.2502
MAC000936,14.0,0.237
MAC000936,14.5,0.2311
MAC000936,15.0,0.2343
MAC000936,15.5,0.2434
MAC000936,16.0,0.2647
MAC000936,16.5,0.2602
MAC000936,17.0,0.2839
MAC000936,17.5,0.275
MAC000936,18.0,0.2862
MAC000936,18.5,0.2783
MAC000936,19.0,0.2492
MAC000936,19.5,0.2381
MAC000936,20.0,0.2205
MAC000936,20.5,0.2085
MAC000936,21.0,0.1867
MAC000936,21.5,0.1734
MAC000936,22.0,0.1491
MAC000936,22.5,0.1387
MAC000936,23.0,0.1269
MAC000936,23.5,0.117
MAC000984,0.0,0.1917
MAC000984,0.5,0.1599
MAC000984,1.0,0.1338
MAC000984,1.5,0.1149
MAC000984,2.0,0.1007
MAC000984,2.5,0.0944
MAC000984,3.0,0.092
MAC000984,3.5,0.0887
MAC000984,4.0,0.0894
MAC000984,4.5,0.092
MAC000984,5.0,0.0974
MAC000984,5.5,0.0899
MAC000984,6.0,0.1266
MAC000984,6.5,0.1407
MAC000984,7.0,0.1865
MAC000984,7.5,0.1969
MAC000984,8.0,0.2223
MAC000984,8.5,0.2289
MAC000984,9.0,0.2493
MAC000984,9.5,0.2425
MAC000984,10.0,0.2312
MAC000984,10.5,0.2115
MAC000984,11.0,0.2175
MAC000984,11.5,0.2203
MAC000984,12.0,0.219
MAC000984,12.5,0.2187
MAC000984,13.0,0.2156
MAC000984,13.5,0.2197
MAC000984,14.0,0.2087
MAC000984,14.5,0.2088
MAC000984,15.0,0.2223
MAC000984,15.5,0.218
MAC000984,16.0,0.2378
MAC000984,16.5,0.2361
MAC000984,17.0,0.2476
MAC000984,17.5,0.2597
MAC000984,18.0,0.2828
MAC000984,18.5,0.3049
MAC000984,19.0,0.3296
MAC000984,19.5,0.3432
MAC000984,20.0,0.3251
MAC000984,20.5,0.3171
MAC000984,21.0,0.3279
MAC000984,21.5,0.3091
MAC000984,22.0,0.31
MAC000984,22.5,0.2826
MAC000984,23.0,0.2548
MAC000984,23.5,0.2319
MAC000994,0.0,0.1709
MAC000994,0.5,0.1644
MAC000994,1.0,0.1651
MAC000994,1.5,0.1639
MAC000994,2.0,0.1654
MAC000994,2.5,0.1628
MAC000994,3.0,0.1686
MAC000994,3.5,0.1799
MAC000994,4.0,0.3036
MAC000994,4.5,0.4795
MAC000994,5.0,0.4106
MAC000994,5.5,0.4353
MAC000994,6.0,0.4685
MAC000994,6.5,0.4646
MAC000994,7.0,0.51
MAC000994,7.5,0.5503
MAC000994,8.0,0.4908
MAC000994,8.5,0.4345
MAC000994,9.0,0.3593
MAC000994,9.5,0.3474
MAC000994,10.0,0.3174
MAC000994,10.5,0.3017
MAC000994,11.0,0.2995
MAC000994,11.5,0.3027
MAC000994,12.0,0.3156
MAC000994,12.5,0.3043
MAC000994,13.0,0.3141
MAC000994,13.5,0.3099
MAC000994,14.0,0.3178
MAC000994,14.5,0.2919
MAC000994,15.0,0.2786
MAC000994,15.5,0.3332
MAC000994,16.0,0.3316
MAC000994,16.5,0.3479
MAC000994,17.0,0.3746
MAC000994,17.5,0.4322
MAC000994,18.0,0.4954
MAC000994,18.5,0.5537
MAC000994,19.0,0.564
MAC000994,19.5,0.554
MAC000994,20.0,0.5528
MAC000994,20.5,0.5605
MAC000994,21.0,0.5534
MAC000994,21.5,0.4571
MAC000994,22.0,0.3849
MAC000994,22.5,0.2684
MAC000994,23.0,0.1944
MAC000994,23.5,0.1744
MAC001004,0.0,1.4524
MAC001004,0.5,1.3997
MAC001004,1.0,1.3565
MAC001004,1.5,1.338
MAC001004,2.0,1.3121
MAC001004,2.5,1.3089
MAC001004,3.0,1.3145
MAC001004,3.5,1.3059
MAC001004,4.0,1.2928
MAC001004,4.5,1.294
MAC001004,5.0,1.2928
MAC001004,5.5,1.3255
MAC001004,6.0,1.4217
MAC001004,6.5,1.4801
MAC001004,7.0,1.5683
MAC001004,7.5,1.5745
MAC001004,8.0,1.571
MAC001004,8.5,1.6019
MAC001004,9.0,1.6921
MAC001004,9.5,1.7989
MAC001004,10.0,1.9346
MAC001004,10.5,1.9813
MAC001004,11.0,1.988
MAC001004,11.5,2.0361
MAC001004,12.0,2.0392
MAC001004,12.5,2.044
MAC001004,13.0,2.0131
MAC001004,13.5,1.9367
MAC001004,14.0,1.8975
MAC001004,14.5,1.8053
MAC001004,15.0,1.7447
MAC001004,15.5,1.7479
MAC001004,16.0,1.7649
MAC001004,16.5,1.7831
MAC001004,17.0,1.8301
MAC001004,17.5,1.9099
MAC001004,18.0,1.9581
MAC001004,18.5,1.9906
MAC001004,19.0,2.0274
MAC001004,19.5,2.0222
MAC001004,20.0,2.0339
MAC001004,20.5,2.0063
MAC001004,21.0,2.0142
MAC001004,21.5,1.9538
MAC001004,22.0,1.8425
MAC001004,22.5,1.7249
MAC001004,23.0,1.6152
MAC001004,23.5,1.5314
MAC001010,0.0,0.1229
MAC001010,0.5,0.1192
MAC001010,1.0,0.1144
MAC001010,1.5,0.1132
MAC001010,2.0,0.1118
MAC001010,2.5,0.1112
MAC001010,3.0,0.1104
MAC001010,3.5,0.114
MAC001010,4.0,0.1119
MAC001010,4.5,0.1123
MAC001010,5.0,0.1268
MAC001010,5.5,0.1488
MAC001010,6.0,0.1655
MAC001010,6.5,0.1959
MAC001010,7.0,0.2077
MAC001010,7.5,0.2169
MAC001010,8.0,0.2318
MAC001010,8.5,0.248
MAC001010,9.0,0.2435
MAC001010,9.5,0.2217
MAC001010,10.0,0.2395
MAC001010,10.5,0.2475
MAC001010,11.0,0.2296
MAC001010,11.5,0.25
MAC001010,12.0,0.2371
MAC001010,12.5,0.2294
MAC001010,13.0,0.2031
MAC001010,13.5,0.2155
MAC001010,14.0,0.2141
MAC001010,14.5,0.2271
MAC001010,15.0,0.2123
MAC001010,15.5,0.2106
MAC001010,16.0,0.2233
MAC001010,16.5,0.2579
MAC001010,17.0,0.2341
MAC001010,17.5,0.2618
MAC001010,18.0,0.2911
MAC001010,18.5,0.2941
MAC001010,19.0,0.2959
MAC001010,19.5,0.2913
MAC001010,20.0,0.2744
MAC001010,20.5,0.2723
MAC001010,21.0,0.2805
MAC001010,21.5,0.2614
MAC001010,22.0,0.2393
MAC001010,22.5,0.1908
MAC001010,23.0,0.1576
MAC001010,23.5,0.1396
MAC001034,0.0,0.1758
MAC001034,0.5,0.175
MAC001034,1.0,0.164
MAC001034,1.5,0.161
MAC001034,2.0,0.1603
MAC001034,2.5,0.1671
MAC001034,3.0,0.1725
MAC001034,3.5,0.1716
MAC001034,4.0,0.1676
MAC001034,4.5,0.166
MAC001034,5.0,0.1851
MAC001034,5.5,0.2169
MAC001034,6.0,0.2677
MAC001034,6.5,0.3016
MAC001034,7.0,0.3635
MAC001034,7.5,0.4338
MAC001034,8.0,0.4748
MAC001034,8.5,0.5106
MAC001034,9.0,0.5512
MAC001034,9.5,0.5107
MAC001034,10.0,0.4551
MAC001034,10.5,0.3854
MAC001034,11.0,0.325
MAC001034,11.5,0.3174
MAC001034,12.0,0.3346
MAC001034,12.5,0.3233
MAC001034,13.0,0.3077
MAC001034,13.5,0.3209
MAC001034,14.0,0.3015
MAC001034,14.5,0.3317
MAC001034,15.0,0.3437
MAC001034,15.5,0.3326
MAC001034,16.0,0.349
MAC001034,16.5,0.3697
MAC001034,17.0,0.4162
MAC001034,17.5,0.4165
MAC001034,18.0,0.4207
MAC001034,18.5,0.4004
MAC001034,19.0,0.3698
MAC001034,19.5,0.3597
MAC001034,20.0,0.3499
MAC001034,20.5,0.3356
MAC001034,21.0,0.3539
MAC001034,21.5,0.3204
MAC001034,22.0,0.2783
MAC001034,22.5,0.2352
MAC001034,23.0,0.1996
MAC001034,23.5,0.1857
MAC001052,0.0,0.3094
MAC001052,0.5,0.2497
MAC001052,1.0,0.2201
MAC001052,1.5,0.1928
MAC001052,2.0,0.1665
MAC001052,2.5,0.1561
MAC001052,3.0,0.1443
MAC001052,3.5,0.1482
MAC001052,4.0,0.1501
MAC001052,4.5,0.158
MAC001052,5.0,0.1655
MAC001052,5.5,0.2206
MAC001052,6.0,0.3476
MAC001052,6.5,0.3793
MAC001052,7.0,0.3876
MAC001052,7.5,0.3814
MAC001052,8.0,0.4159
MAC001052,8.5,0.4174
MAC001052,9.0,0.4675
MAC001052,9.5,0.516
MAC001052,10.0,0.5321
MAC001052,10.5,0.5234
MAC001052,11.0,0.5601
MAC001052,11.5,0.4966
MAC001052,12.0,0.4938
MAC001052,12.5,0.4766
MAC001052,13.0,0.4511
MAC001052,13.5,0.4465
MAC001052,14.0,0.4184
MAC001052,14.5,0.4141
MAC001052,15.0,0.4296
MAC001052,15.5,0.4458
MAC001052,16.0,0.5226
MAC001052,16.5,0.5661
MAC001052,17.0,0.6728
MAC001052,17.5,0.7742
MAC001052,18.0,0.891
MAC001052,18.5,0.9101
MAC001052,19.0,0.8854
MAC001052,19.5,0.767
MAC001052,20.0,0.7744
MAC001052,20.5,0.8043
MAC001052,21.0,0.7261
MAC001052,21.5,0.6644
MAC001052,22.0,0.6051
MAC001052,22.5,0.5274
MAC001052,23.0,0.4235
MAC001052,23.5,0.3457
MAC001089,0.0,0.0497
MAC001089,0.5,0.0507
MAC001089,1.0,0.0491
MAC001089,1.5,0.0488
MAC001089,2.0,0.0496
MAC001089,2.5,0.0488
MAC001089,3.0,0.049
MAC001089,3.5,0.0487
MAC001089,4.0,0.0478
MAC001089,4.5,0.0487
MAC001089,5.0,0.0572
MAC001089,5.5,0.0503
MAC001089,6.0,0.0507
MAC001089,6.5,0.0487
MAC001089,7.0,0.0477
MAC001089,7.5,0.0502
MAC001089,8.0,0.057
MAC001089,8.5,0.1309
MAC001089,9.0,0.1297
MAC001089,9.5,0.1743
MAC001089,10.0,0.2162
MAC001089,10.5,0.1938
MAC001089,11.0,0.1677
MAC001089,11.5,0.1343
MAC001089,12.0,0.1069
MAC001089,12.5,0.0839
MAC001089,13.0,0.0717
MAC001089,13.5,0.0749
MAC001089,14.0,0.0896
MAC001089,14.5,0.1028
MAC001089,15.0,0.1392
MAC001089,15.5,0.1646
MAC001089,16.0,0.199
MAC001089,16.5,0.2815
MAC001089,17.0,0.3032
MAC001089,17.5,0.3264
MAC001089,18.0,0.3345
MAC001089,18.5,0.3009
MAC001089,19.0,0.3133
MAC001089,19.5,0.2812
MAC001089,20.0,0.2068
MAC001089,20.5,0.1581
MAC001089,21.0,0.1041
MAC001089,21.5,0.0802
MAC001089,22.0,0.0665
MAC001089,22.5,0.0539
MAC001089,23.0,0.0509
MAC001089,23.5,0.0509
MAC001096,0.0,0.2475
MAC001096,0.5,0.2057
MAC001096,1.0,0.1626
MAC001096,1.5,0.1324
MAC001096,2.0,0.0985
MAC001096,2.5,0.0826
MAC001096,3.0,0.0807
MAC001096,3.5,0.0809
MAC001096,4.0,0.0809
MAC001096,4.5,0.0801
MAC001096,5.0,0.0837
MAC001096,5.5,0.1014
MAC001096,6.0,0.0955
MAC001096,6.5,0.097
MAC001096,7.0,0.0989
MAC001096,7.5,0.0985
MAC001096,8.0,0.098
MAC001096,8.5,0.1062
MAC001096,9.0,0.1081
MAC001096,9.5,0.1186
MAC001096,10.0,0.1319
MAC001096,10.5,0.1345
MAC001096,11.0,0.1325
MAC001096,11.5,0.1456
MAC001096,12.0,0.1598
MAC001096,12.5,0.1538
MAC001096,13.0,0.1629
MAC001096,13.5,0.1544
MAC001096,14.0,0.1695
MAC001096,14.5,0.1709
MAC001096,15.0,0.1685
MAC001096,15.5,0.1809
MAC001096,16.0,0.2558
MAC001096,16.5,0.26
MAC001096,17.0,0.2671
MAC001096,17.5,0.2776
MAC001096,18.0,0.3061
MAC001096,18.5,0.3416
MAC001096,19.0,0.3593
MAC001096,19.5,0.3532
MAC001096,20.0,0.3577
MAC001096,20.5,0.3523
MAC001096,21.0,0.3663
MAC001096,21.5,0.365
MAC001096,22.0,0.374
MAC001096,22.5,0.3596
MAC001096,23.0,0.3009
MAC001096,23.5,0.276
MAC001106,0.0,0.1308
MAC001106,0.5,0.1268
MAC001106,1.0,0.1027
MAC001106,1.5,0.094
MAC001106,2.0,0.083
MAC001106,2.5,0.0746
MAC001106,3.0,0.0736
MAC001106,3.5,0.0758
MAC001106,4.0,0.0709
MAC001106,4.5,0.0679
MAC001106,5.0,0.0692
MAC001106,5.5,0.0791
MAC001106,6.0,0.074
MAC001106,6.5,0.0853
MAC001106,7.0,0.112
MAC001106,7.5,0.1257
MAC001106,8.0,0.1186
MAC001106,8.5,0.1516
MAC001106,9.0,0.1502
MAC001106,9.5,0.155
MAC001106,10.0,0.1848
MAC001106,10.5,0.1792
MAC001106,11.0,0.172
MAC001106,11.5,0.1868
MAC001106,12.0,0.2126
MAC001106,12.5,0.2195
MAC001106,13.0,0.2
MAC001106,13.5,0.1866
MAC001106,14.0,0.1842
MAC001106,14.5,0.1946
MAC001106,15.0,0.1818
MAC001106,15.5,0.1393
MAC001106,16.0,0.1313
MAC001106,16.5,0.164
MAC001106,17.0,0.176
MAC001106,17.5,0.1903
MAC001106,18.0,0.2164
MAC001106,18.5,0.2445
MAC001106,19.0,0.2435
MAC001106,19.5,0.2264
MAC001106,20.0,0.2367
MAC001106,20.5,0.2121
MAC001106,21.0,0.1998
MAC001106,21.5,0.1999
MAC001106,22.0,0.1748
MAC001106,22.5,0.1575
MAC001106,23.0,0.1506
MAC001106,23.5,0.1521
MAC001111,0.0,0.2646
MAC001111,0.5,0.2347
MAC001111,1.0,0.2171
MAC001111,1.5,0.2039
MAC001111,2.0,0.1984
MAC001111,2.5,0.1918
MAC001111,3.0,0.1849
MAC001111,3.5,0.1789
MAC001111,4.0,0.1761
MAC001111,4.5,0.1698
MAC001111,5.0,0.171
MAC001111,5.5,0.1716
MAC001111,6.0,0.1896
MAC001111,6.5,0.2544
MAC001111,7.0,0.2941
MAC001111,7.5,0.3334
MAC001111,8.0,0.3708
MAC001111,8.5,0.3123
MAC001111,9.0,0.309
MAC001111,9.5,0.2978
MAC001111,10.0,0.3035
MAC001111,10.5,0.2899
MAC001111,11.0,0.269
MAC001111,11.5,0.2768
MAC001111,12.0,0.2712
MAC001111,12.5,0.2956
MAC001111,13.0,0.2617
MAC001111,13.5,0.2457
MAC001111,14.0,0.2543
MAC001111,14.5,0.2801
MAC001111,15.0,0.2582
MAC001111,15.5,0.2812
MAC001111,16.0,0.3103
MAC001111,16.5,0.3879
MAC001111,17.0,0.3986
MAC001111,17.5,0.486
MAC001111,18.0,0.5063
MAC001111,18.5,0.5246
MAC001111,19.0,0.5772
MAC001111,19.5,0.6122
MAC001111,20.0,0.6723
MAC001111,20.5,0.5907
MAC001111,21.0,0.5467
MAC001111,21.5,0.463
MAC001111,22.0,0.4195
MAC001111,22.5,0.3703
MAC001111,23.0,0.3211
MAC001111,23.5,0.2962
MAC001118,0.0,0.5241
MAC001118,0.5,0.4148
MAC001118,1.0,0.3303
MAC001118,1.5,0.2668
MAC001118,2.0,0.2243
MAC001118,2.5,0.2025
MAC001118,3.0,0.1928
MAC001118,3.5,0.1868
MAC001118,4.0,0.1804
MAC001118,4.5,0.182
MAC001118,5.0,0.1746
MAC001118,5.5,0.1749
MAC001118,6.0,0.233
MAC001118,6.5,0.3201
MAC001118,7.0,0.2765
MAC001118,7.5,0.296
MAC001118,8.0,0.2758
MAC001118,8.5,0.3165
MAC001118,9.0,0.3411
MAC001118,9.5,0.3926
MAC001118,10.0,0.3918
MAC001118,10.5,0.3579
MAC001118,11.0,0.3997
MAC001118,11.5,0.3917
MAC001118,12.0,0.3798
MAC001118,12.5,0.3521
MAC001118,13.0,0.3558
MAC001118,13.5,0.3725
MAC001118,14.0,0.3861
MAC001118,14.5,0.4732
MAC001118,15.0,0.524
MAC001118,15.5,0.55
MAC001118,16.0,0.5268
MAC001118,16.5,0.5192
MAC001118,17.0,0.5423
MAC001118,17.5,0.5733
MAC001118,18.0,0.5435
MAC001118,18.5,0.5914
MAC001118,19.0,0.6221
MAC001118,19.5,0.6551
MAC001118,20.0,0.6502
MAC001118,20.5,0.6282
MAC001118,21.0,0.6292
MAC001118,21.5,0.6148
MAC001118,22.0,0.6493
MAC001118,22.5,0.6466
MAC001118,23.0,0.6829
MAC001118,23.5,0.6355
MAC001142,0.0,0.1402
MAC001142,0.5,0.1141
MAC001142,1.0,0.1024
MAC001142,1.5,0.1031
MAC001142,2.0,0.0992
MAC001142,2.5,0.0987
MAC001142,3.0,0.0969
MAC001142,3.5,0.0971
MAC001142,4.0,0.0981
MAC001142,4.5,0.0975
MAC001142,5.0,0.1004
MAC001142,5.5,0.1045
MAC001142,6.0,0.1108
MAC001142,6.5,0.1097
MAC001142,7.0,0.1212
MAC001142,7.5,0.1375
MAC001142,8.0,0.1511
MAC001142,8.5,0.1764
MAC001142,9.0,0.2072
MAC001142,9.5,0.2189
MAC001142,10.0,0.2146
MAC001142,10.5,0.2325
MAC001142,11.0,0.2047
MAC001142,11.5,0.2003
MAC001142,12.0,0.1772
MAC001142,12.5,0.1584
MAC001142,13.0,0.1554
MAC001142,13.5,0.147
MAC001142,14.0,0.152
MAC001142,14.5,0.1501
MAC001142,15.0,0.1419
MAC001142,15.5,0.1484
MAC001142,16.0,0.145
MAC001142,16.5,0.1483
MAC001142,17.0,0.147
MAC001142,17.5,0.1583
MAC001142,18.0,0.1885
MAC001142,18.5,0.2315
MAC001142,19.0,0.2743
MAC001142,19.5,0.3112
MAC001142,20.0,0.3404
MAC001142,20.5,0.3323
MAC001142,21.0,0.3407
MAC001142,21.5,0.3312
MAC001142,22.0,0.3062
MAC001142,22.5,0.2737
MAC001142,23.0,0.2345
MAC001142,23.5,0.1719
MAC001153,0.0,0.0887
MAC001153,0.5,0.0895
MAC001153,1.0,0.0893
MAC001153,1.5,0.0899
MAC001153,2.0,0.0864
MAC001153,2.5,0.0887
MAC001153,3.0,0.0918
MAC001153,3.5,0.0869
MAC001153,4.0,0.0903
MAC001153,4.5,0.1132
MAC001153,5.0,0.1682
MAC001153,5.5,0.2426
MAC001153,6.0,0.2924
MAC001153,6.5,0.283
MAC001153,7.0,0.2336
MAC001153,7.5,0.2084
MAC001153,8.0,0.195
MAC001153,8.5,0.1816
MAC001153,9.0,0.2321
MAC001153,9.5,0.2306
MAC001153,10.0,0.2394
MAC001153,10.5,0.2565
MAC001153,11.0,0.2276
MAC001153,11.5,0.2178
MAC001153,12.0,0.2583
MAC001153,12.5,0.2895
MAC001153,13.0,0.2892
MAC001153,13.5,0.2964
MAC001153,14.0,0.3113
MAC001153,14.5,0.3212
MAC001153,15.0,0.3115
MAC001153,15.5,0.3941
MAC001153,16.0,0.4449
MAC001153,16.5,0.4413
MAC001153,17.0,0.406
MAC001153,17.5,0.3485
MAC001153,18.0,0.3094
MAC001153,18.5,0.3222
MAC001153,19.0,0.3148
MAC001153,19.5,0.3096
MAC001153,20.0,0.3025
MAC001153,20.5,0.2872
MAC001153,21.0,0.2575
MAC001153,21.5,0.2083
MAC001153,22.0,0.1497
MAC001153,22.5,0.1045
MAC001153,23.0,0.0934
MAC001153,23.5,0.0909
MAC001206,0.0,0.1931
MAC001206,0.5,0.17
MAC001206,1.0,0.1551
MAC001206,1.5,0.1526
MAC001206,2.0,0.1464
MAC001206,2.5,0.1431
MAC001206,3.0,0.1385
MAC001206,3.5,0.1375
MAC001206,4.0,0.1337
MAC001206,4.5,0.1296
MAC001206,5.0,0.1351
MAC001206,5.5,0.2125
MAC001206,6.0,0.1624
MAC001206,6.5,0.2064
MAC001206,7.0,0.1779
MAC001206,7.5,0.1446
MAC001206,8.0,0.1449
MAC001206,8.5,0.1417
MAC001206,9.0,0.15
MAC001206,9.5,0.153
MAC001206,10.0,0.1675
MAC001206,10.5,0.1865
MAC001206,11.0,0.2055
MAC001206,11.5,0.2031
MAC001206,12.0,0.2066
MAC001206,12.5,0.1992
MAC001206,13.0,0.2059
MAC001206,13.5,0.1905
MAC001206,14.0,0.1943
MAC001206,14.5,0.1922
MAC001206,15.0,0.2041
MAC001206,15.5,0.2073
MAC001206,16.0,0.2104
MAC001206,16.5,0.2197
MAC001206,17.0,0.2172
MAC001206,17.5,0.2502
MAC001206,18.0,0.2563
MAC001206,18.5,0.2861
MAC001206,19.0,0.3082
MAC001206,19.5,0.3579
MAC001206,20.0,0.3842
MAC001206,20.5,0.3817
MAC001206,21.0,0.3703
MAC001206,21.5,0.3646
MAC001206,22.0,0.3418
MAC001206,22.5,0.2977
MAC001206,23.0,0.2522
MAC001206,23.5,0.2223
MAC001219,0.0,0.3479
MAC001219,0.5,0.289
MAC001219,1.0,0.2384
MAC001219,1.5,0.2075
MAC001219,2.0,0.1777
MAC001219,2.5,0.1661
MAC001219,3.0,0.1712
MAC001219,3.5,0.1576
MAC001219,4.0,0.161
MAC001219,4.5,0.2007
MAC001219,5.0,0.4522
MAC001219,5.5,0.629
MAC001219,6.0,1.0647
MAC001219,6.5,0.9841
MAC001219,7.0,1.253
MAC001219,7.5,1.0828
MAC001219,8.0,1.1399
MAC001219,8.5,1.231
MAC001219,9.0,0.9493
MAC001219,9.5,0.8114
MAC001219,10.0,0.7358
MAC001219,10.5,0.6675
MAC001219,11.0,0.6255
MAC001219,11.5,0.6546
MAC001219,12.0,0.5887
MAC001219,12.5,0.549
MAC001219,13.0,0.5088
MAC001219,13.5,0.513
MAC001219,14.0,0.5722
MAC001219,14.5,0.6189
MAC001219,15.0,0.5803
MAC001219,15.5,0.6526
MAC001219,16.0,0.6817
MAC001219,16.5,0.8523
MAC001219,17.0,1.2292
MAC001219,17.5,1.4252
MAC001219,18.0,1.4209
MAC001219,18.5,1.3557
MAC001219,19.0,1.2189
MAC001219,19.5,1.0395
MAC001219,20.0,1.0283
MAC001219,20.5,0.9214
MAC001219,21.0,0.9104
MAC001219,21.5,0.847
MAC001219,22.0,0.7257
MAC001219,22.5,0.6527
MAC001219,23.0,0.54
MAC001219,23.5,0.4057
MAC001247,0.0,0.2258
MAC001247,0.5,0.2001
MAC001247,1.0,0.1978
MAC001247,1.5,0.193
MAC001247,2.0,0.1881
MAC001247,2.5,0.1887
MAC001247,3.0,0.1936
MAC001247,3.5,0.1888
MAC001247,4.0,0.1887
MAC001247,4.5,0.2013
MAC001247,5.0,0.196
MAC001247,5.5,0.1959
MAC001247,6.0,0.2132
MAC001247,6.5,0.2283
MAC001247,7.0,0.233
MAC001247,7.5,0.2632
MAC001247,8.0,0.2819
MAC001247,8.5,0.2859
MAC001247,9.0,0.2786
MAC001247,9.5,0.2818
MAC001247,10.0,0.2468
MAC001247,10.5,0.2313
MAC001247,11.0,0.2318
MAC001247,11.5,0.2183
MAC001247,12.0,0.2186
MAC001247,12.5,0.2156
MAC001247,13.0,0.2185
MAC001247,13.5,0.2241
MAC001247,14.0,0.2229
MAC001247,14.5,0.2236
MAC001247,15.0,0.2501
MAC001247,15.5,0.2489
MAC001247,16.0,0.2785
MAC001247,16.5,0.3372
MAC001247,17.0,0.39
MAC001247,17.5,0.5129
MAC001247,18.0,0.5619
MAC001247,18.5,0.5204
MAC001247,19.0,0.5212
MAC001247,19.5,0.4629
MAC001247,20.0,0.4412
MAC001247,20.5,0.4287
MAC001247,21.0,0.4147
MAC001247,21.5,0.3623
MAC001247,22.0,0.327
MAC001247,22.5,0.3109
MAC001247,23.0,0.2596
MAC001247,23.5,0.2355
MAC001254,0.0,0.1161
MAC001254,0.5,0.1015
MAC001254,1.0,0.0964
MAC001254,1.5,0.0897
MAC001254,2.0,0.0916
MAC001254,2.5,0.091
MAC001254,3.0,0.09
MAC001254,3.5,0.0916
MAC001254,4.0,0.0895
MAC001254,4.5,0.0896
MAC001254,5.0,0.0924
MAC001254,5.5,0.0934
MAC001254,6.0,0.1088
MAC001254,6.5,0.1481
MAC001254,7.0,0.1814
MAC001254,7.5,0.2148
MAC001254,8.0,0.2434
MAC001254,8.5,0.2659
MAC001254,9.0,0.2671
MAC001254,9.5,0.2585
MAC001254,10.0,0.2491
MAC001254,10.5,0.2407
MAC001254,11.0,0.2317
MAC001254,11.5,0.2386
MAC001254,12.0,0.2502
MAC001254,12.5,0.2397
MAC001254,13.0,0.2392
MAC001254,13.5,0.2394
MAC001254,14.0,0.2222
MAC001254,14.5,0.2437
MAC001254,15.0,0.2772
MAC001254,15.5,0.3219
MAC001254,16.0,0.4288
MAC001254,16.5,0.5535
MAC001254,17.0,0.5764
MAC001254,17.5,0.5504
MAC001254,18.0,0.39
MAC001254,18.5,0.288
MAC001254,19.0,0.2529
MAC001254,19.5,0.2505
MAC001254,20.0,0.2394
MAC001254,20.5,0.2495
MAC001254,21.0,0.2489
MAC001254,21.5,0.2253
MAC001254,22.0,0.2118
MAC001254,22.5,0.1867
MAC001254,23.0,0.154
MAC001254,23.5,0.1256
MAC001264,0.0,0.2786
MAC001264,0.5,0.3309
MAC001264,1.0,0.2539
MAC001264,1.5,0.2344
MAC001264,2.0,0.2051
MAC001264,2.5,0.1853
MAC001264,3.0,0.1816
MAC001264,3.5,0.1783
MAC001264,4.0,0.1822
MAC001264,4.5,0.1839
MAC001264,5.0,0.1738
MAC001264,5.5,0.1781
MAC001264,6.0,0.1833
MAC001264,6.5,0.195
MAC001264,7.0,0.2193
MAC001264,7.5,0.2317
MAC001264,8.0,0.2455
MAC001264,8.5,0.2536
MAC001264,9.0,0.2804
MAC001264,9.5,0.2939
MAC001264,10.0,0.3237
MAC001264,10.5,0.3308
MAC001264,11.0,0.3472
MAC001264,11.5,0.363
MAC001264,12.0,0.3793
MAC001264,12.5,0.3788
MAC001264,13.0,0.3727
MAC001264,13.5,0.4039
MAC001264,14.0,0.3897
MAC001264,14.5,0.4077
MAC001264,15.0,0.4169
MAC001264,15.5,0.4138
MAC001264,16.0,0.4244
MAC001264,16.5,0.4473
MAC001264,17.0,0.4519
MAC001264,17.5,0.4387
MAC001264,18.0,0.449
MAC001264,18.5,0.4488
MAC001264,19.0,0.4589
MAC001264,19.5,0.4467
MAC001264,20.0,0.4264
MAC001264,20.5,0.4699
MAC001264,21.0,0.4391
MAC001264,21.5,0.3452
MAC001264,22.0,0.3239
MAC001264,22.5,0.3003
MAC001264,23.0,0.2338
MAC001264,23.5,0.344
MAC001289,0.0,0.3499
MAC001289,0.5,0.2948
MAC001289,1.0,0.2357
MAC001289,1.5,0.1969
MAC001289,2.0,0.1724
MAC001289,2.5,0.1491
MAC001289,3.0,0.1376
MAC001289,3.5,0.1387
MAC001289,4.0,0.1357
MAC001289,4.5,0.1387
MAC001289,5.0,0.1456
MAC001289,5.5,0.1974
MAC001289,6.0,0.2228
MAC001289,6.5,0.3251
MAC001289,7.0,0.3826
MAC001289,7.5,0.4307
MAC001289,8.0,0.4042
MAC001289,8.5,0.3911
MAC001289,9.0,0.4205
MAC001289,9.5,0.3625
MAC001289,10.0,0.3397
MAC001289,10.5,0.3625
MAC001289,11.0,0.399
MAC001289,11.5,0.3969
MAC001289,12.0,0.4094
MAC001289,12.5,0.4219
MAC001289,13.0,0.4222
MAC001289,13.5,0.4136
MAC001289,14.0,0.4206
MAC001289,14.5,0.4139
MAC001289,15.0,0.395
MAC001289,15.5,0.3958
MAC001289,16.0,0.4537
MAC001289,16.5,0.4714
MAC001289,17.0,0.5006
MAC001289,17.5,0.5555
MAC001289,18.0,0.5901
MAC001289,18.5,0.6059
MAC001289,19.0,0.6053
MAC001289,19.5,0.6083
MAC001289,20.0,0.6236
MAC001289,20.5,0.6221
MAC001289,21.0,0.6119
MAC001289,21.5,0.6107
MAC001289,22.0,0.5912
MAC001289,22.5,0.5081
MAC001289,23.0,0.4459
MAC001289,23.5,0.3834
MAC001291,0.0,0.0455
MAC001291,0.5,0.0484
MAC001291,1.0,0.0512
MAC001291,1.5,0.0447
MAC001291,2.0,0.0436
MAC001291,2.5,0.0422
MAC001291,3.0,0.0455
MAC001291,3.5,0.0478
MAC001291,4.0,0.0486
MAC001291,4.5,0.0457
MAC001291,5.0,0.0456
MAC001291,5.5,0.0532
MAC001291,6.0,0.0705
MAC001291,6.5,0.0817
MAC001291,7.0,0.1068
MAC001291,7.5,0.1443
MAC001291,8.0,0.1733
MAC001291,8.5,0.1735
MAC001291,9.0,0.151
MAC001291,9.5,0.1478
MAC001291,10.0,0.1485
MAC001291,10.5,0.1694
MAC001291,11.0,0.2516
MAC001291,11.5,0.2529
MAC001291,12.0,0.2623
MAC001291,12.5,0.2796
MAC001291,13.0,0.2103
MAC001291,13.5,0.1826
MAC001291,14.0,0.1957
MAC001291,14.5,0.198
MAC001291,15.0,0.209
MAC001291,15.5,0.2351
MAC001291,16.0,0.3053
MAC001291,16.5,0.3388
MAC001291,17.0,0.3579
MAC001291,17.5,0.3126
MAC001291,18.0,0.2621
MAC001291,18.5,0.2256
MAC001291,19.0,0.2278
MAC001291,19.5,0.2088
MAC001291,20.0,0.2058
MAC001291,20.5,0.175
MAC001291,21.0,0.1433
MAC001291,21.5,0.097
MAC001291,22.0,0.0694
MAC001291,22.5,0.0546
MAC001291,23.0,0.0482
MAC001291,23.5,0.046
MAC001295,0.0,0.2513
MAC001295,0.5,0.2498
MAC001295,1.0,0.2515
MAC001295,1.5,0.2465
MAC001295,2.0,0.2481
MAC001295,2.5,0.2504
MAC001295,3.0,0.2491
MAC001295,3.5,0.2606
MAC001295,4.0,0.2707
MAC001295,4.5,0.3032
MAC001295,5.0,0.3977
MAC001295,5.5,1.3846
MAC001295,6.0,0.5251
MAC001295,6.5,1.2355
MAC001295,7.0,0.5889
MAC001295,7.5,0.6014
MAC001295,8.0,0.6714
MAC001295,8.5,0.5965
MAC001295,9.0,0.5891
MAC001295,9.5,0.4675
MAC001295,10.0,0.4338
MAC001295,10.5,0.4029
MAC001295,11.0,0.3762
MAC001295,11.5,0.3801
MAC001295,12.0,0.3812
MAC001295,12.5,0.3724
MAC001295,13.0,0.3872
MAC001295,13.5,0.398
MAC001295,14.0,0.3869
MAC001295,14.5,0.3782
MAC001295,15.0,0.3714
MAC001295,15.5,0.4186
MAC001295,16.0,0.4454
MAC001295,16.5,0.4922
MAC001295,17.0,0.529
MAC001295,17.5,0.5265
MAC001295,18.0,0.6196
MAC001295,18.5,0.5746
MAC001295,19.0,0.5316
MAC001295,19.5,0.5806
MAC001295,20.0,0.5266
MAC001295,20.5,0.5526
MAC001295,21.0,0.5615
MAC001295,21.5,0.5137
MAC001295,22.0,0.4639
MAC001295,22.5,0.4177
MAC001295,23.0,0.3204
MAC001295,23.5,0.2857
MAC001299,0.0,0.4863
MAC001299,0.5,0.4461
MAC001299,1.0,0.4085
MAC001299,1.5,0.3501
MAC001299,2.0,0.3046
MAC001299,2.5,0.2631
MAC001299,3.0,0.2428
MAC001299,3.5,0.221
MAC001299,4.0,0.209
MAC001299,4.5,0.2002
MAC001299,5.0,0.1969
MAC001299,5.5,0.196
MAC001299,6.0,0.2129
MAC001299,6.5,0.2645
MAC001299,7.0,0.3353
MAC001299,7.5,0.3977
MAC001299,8.0,0.4019
MAC001299,8.5,0.3824
MAC001299,9.0,0.3719
MAC001299,9.5,0.3764
MAC001299,10.0,0.3756
MAC001299,10.5,0.3818
MAC001299,11.0,0.3899
MAC001299,11.5,0.4065
MAC001299,12.0,0.4097
MAC001299,12.5,0.3795
MAC001299,13.0,0.3907
MAC001299,13.5,0.3426
MAC001299,14.0,0.3432
MAC001299,14.5,0.3527
MAC001299,15.0,0.3829
MAC001299,15.5,0.3622
MAC001299,16.0,0.3565
MAC001299,16.5,0.3607
MAC001299,17.0,0.38
MAC001299,17.5,0.4295
MAC001299,18.0,0.4553
MAC001299,18.5,0.5008
MAC001299,19.0,0.574
MAC001299,19.5,0.6089
MAC001299,20.0,0.6188
MAC001299,20.5,0.609
MAC001299,21.0,0.6041
MAC001299,21.5,0.5986
MAC001299,22.0,0.5833
MAC001299,22.5,0.5441
MAC001299,23.0,0.5329
MAC001299,23.5,0.5324
MAC001304,0.0,0.2053
MAC001304,0.5,0.2012
MAC001304,1.0,0.2055
MAC001304,1.5,0.206
MAC001304,2.0,0.2071
MAC001304,2.5,0.3285
MAC001304,3.0,0.5351
MAC001304,3.5,0.5306
MAC001304,4.0,0.5292
MAC001304,4.5,0.5255
MAC001304,5.0,0.5254
MAC001304,5.5,0.5347
MAC001304,6.0,0.5599
MAC001304,6.5,0.6156
MAC001304,7.0,0.6782
MAC001304,7.5,0.6943
MAC001304,8.0,0.5218
MAC001304,8.5,0.5321
MAC001304,9.0,0.5422
MAC001304,9.5,0.565
MAC001304,10.0,0.5587
MAC001304,10.5,0.5489
MAC001304,11.0,0.4829
MAC001304,11.5,0.4774
MAC001304,12.0,0.4632
MAC001304,12.5,0.4911
MAC001304,13.0,0.515
MAC001304,13.5,0.5653
MAC001304,14.0,0.5792
MAC001304,14.5,0.6179
MAC001304,15.0,0.6789
MAC001304,15.5,0.8736
MAC001304,16.0,1.1242
MAC001304,16.5,1.2237
MAC001304,17.0,1.2291
MAC001304,17.5,1.2212
MAC001304,18.0,1.2044
MAC001304,18.5,1.2028
MAC001304,19.0,1.0212
MAC001304,19.5,0.6663
MAC001304,20.0,0.5206
MAC001304,20.5,0.4361
MAC001304,21.0,0.3733
MAC001304,21.5,0.3263
MAC001304,22.0,0.2982
MAC001304,22.5,0.2543
MAC001304,23.0,0.3438
MAC001304,23.5,0.4788
MAC001305,0.0,0.6366
MAC001305,0.5,0.604
MAC001305,1.0,0.5893
MAC001305,1.5,0.5645
MAC001305,2.0,0.562
MAC001305,2.5,0.5324
MAC001305,3.0,0.5054
MAC001305,3.5,0.4853
MAC001305,4.0,0.4655
MAC001305,4.5,0.4526
MAC001305,5.0,0.4384
MAC001305,5.5,0.4265
MAC001305,6.0,0.4175
MAC001305,6.5,0.4119
MAC001305,7.0,0.4092
MAC001305,7.5,0.4131
MAC001305,8.0,0.4094
MAC001305,8.5,0.4072
MAC001305,9.0,0.4047
MAC001305,9.5,0.4065
MAC001305,10.0,0.4072
MAC001305,10.5,0.4199
MAC001305,11.0,0.4352
MAC001305,11.5,0.4429
MAC001305,12.0,0.4454
MAC001305,12.5,0.4606
MAC001305,13.0,0.4788
MAC001305,13.5,0.4761
MAC001305,14.0,0.493
MAC001305,14.5,0.4965
MAC001305,15.0,0.507
MAC001305,15.5,0.5154
MAC001305,16.0,0.5164
MAC001305,16.5,0.5356
MAC001305,17.0,0.5547
MAC001305,17.5,0.5588
MAC001305,18.0,0.5627
MAC001305,18.5,0.59
MAC001305,19.0,0.5891
MAC001305,19.5,0.5975
MAC001305,20.0,0.6047
MAC001305,20.5,0.6214
MAC001305,21.0,0.6426
MAC001305,21.5,0.6314
MAC001305,22.0,0.636
MAC001305,22.5,0.6437
MAC001305,23.0,0.6496
MAC001305,23.5,0.6446
MAC001322,0.0,0.1464
MAC001322,0.5,0.1399
MAC001322,1.0,0.1533
MAC001322,1.5,0.16
MAC001322,2.0,0.1608
MAC001322,2.5,0.1581
MAC001322,3.0,0.1604
MAC001322,3.5,0.1792
MAC001322,4.0,0.1843
MAC001322,4.5,0.1846
MAC001322,5.0,0.1785
MAC001322,5.5,0.1841
MAC001322,6.0,0.1938
MAC001322,6.5,0.1907
MAC001322,7.0,0.1909
MAC001322,7.5,0.1987
MAC001322,8.0,0.2512
MAC001322,8.5,0.2641
MAC001322,9.0,0.2745
MAC001322,9.5,0.3187
MAC001322,10.0,0.3237
MAC001322,10.5,0.3324
MAC001322,11.0,0.3462
MAC001322,11.5,0.343
MAC001322,12.0,0.3094
MAC001322,12.5,0.2717
MAC001322,13.0,0.2756
MAC001322,13.5,0.2897
MAC001322,14.0,0.2779
MAC001322,14.5,0.2618
MAC001322,15.0,0.2533
MAC001322,15.5,0.2726
MAC001322,16.0,0.2614
MAC001322,16.5,0.2795
MAC001322,17.0,0.3048
MAC001322,17.5,0.3585
MAC001322,18.0,0.3655
MAC001322,18.5,0.3693
MAC001322,19.0,0.387
MAC001322,19.5,0.4018
MAC001322,20.0,0.3909
MAC001322,20.5,0.3664
MAC001322,21.0,0.3459
MAC001322,21.5,0.308
MAC001322,22.0,0.272
MAC001322,22.5,0.2163
MAC001322,23.0,0.1875
MAC001322,23.5,0.1552
MAC001335,0.0,0.1599
MAC001335,0.5,0.1172
MAC001335,1.0,0.0983
MAC001335,1.5,0.0721
MAC001335,2.0,0.0585
MAC001335,2.5,0.051
MAC001335,3.0,0.0535
MAC001335,3.5,0.0563
MAC001335,4.0,0.0498
MAC001335,4.5,0.0515
MAC001335,5.0,0.0614
MAC001335,5.5,0.0617
MAC001335,6.0,0.0841
MAC001335,6.5,0.0746
MAC001335,7.0,0.0932
MAC001335,7.5,0.0803
MAC001335,8.0,0.0845
MAC001335,8.5,0.0959
MAC001335,9.0,0.1001
MAC001335,9.5,0.1147
MAC001335,10.0,0.1186
MAC001335,10.5,0.1193
MAC001335,11.0,0.1168
MAC001335,11.5,0.1062
MAC001335,12.0,0.0995
MAC001335,12.5,0.1391
MAC001335,13.0,0.1241
MAC001335,13.5,0.132
MAC001335,14.0,0.1314
MAC001335,14.5,0.1409
MAC001335,15.0,0.1477
MAC001335,15.5,0.151
MAC001335,16.0,0.1811
MAC001335,16.5,0.1464
MAC001335,17.0,0.1499
MAC001335,17.5,0.1486
MAC001335,18.0,0.1319
MAC001335,18.5,0.1171
MAC001335,19.0,0.1076
MAC001335,19.5,0.1099
MAC001335,20.0,0.1182
MAC001335,20.5,0.1142
MAC001335,21.0,0.119
MAC001335,21.5,0.1213
MAC001335,22.0,0.1249
MAC001335,22.5,0.1365
MAC001335,23.0,0.1694
MAC001335,23.5,0.1755
MAC001386,0.0,0.2414
MAC001386,0.5,0.1976
MAC001386,1.0,0.1581
MAC001386,1.5,0.1249
MAC001386,2.0,0.1051
MAC001386,2.5,0.1018
MAC001386,3.0,0.1015
MAC001386,3.5,0.1038
MAC001386,4.0,0.1027
MAC001386,4.5,0.0991
MAC001386,5.0,0.0961
MAC001386,5.5,0.0937
MAC001386,6.0,0.1023
MAC001386,6.5,0.1344
MAC001386,7.0,0.1689
MAC001386,7.5,0.1607
MAC001386,8.0,0.1712
MAC001386,8.5,0.1632
MAC001386,9.0,0.1745
MAC001386,9.5,0.2024
MAC001386,10.0,0.2222
MAC001386,10.5,0.2101
MAC001386,11.0,0.2085
MAC001386,11.5,0.2006
MAC001386,12.0,0.1932
MAC001386,12.5,0.1789
MAC001386,13.0,0.1993
MAC001386,13.5,0.1851
MAC001386,14.0,0.1781
MAC001386,14.5,0.1788
MAC001386,15.0,0.1712
MAC001386,15.5,0.1765
MAC001386,16.0,0.1978
MAC001386,16.5,0.2184
MAC001386,17.0,0.2366
MAC001386,17.5,0.2519
MAC001386,18.0,0.2885
MAC001386,18.5,0.3179
MAC001386,19.0,0.2979
MAC001386,19.5,0.3234
MAC001386,20.0,0.3202
MAC001386,20.5,0.3189
MAC001386,21.0,0.3243
MAC001386,21.5,0.3393
MAC001386,22.0,0.3188
MAC001386,22.5,0.3487
MAC001386,23.0,0.3149
MAC001386,23.5,0.2809
MAC001402,0.0,0.1488
MAC001402,0.5,0.1355
MAC001402,1.0,0.1294
MAC001402,1.5,0.1268
MAC001402,2.0,0.1309
MAC001402,2.5,0.1274
MAC001402,3.0,0.1291
MAC001402,3.5,0.1281
MAC001402,4.0,0.1227
MAC001402,4.5,0.1254
MAC001402,5.0,0.1265
MAC001402,5.5,0.1199
MAC001402,6.0,0.1342
MAC001402,6.5,0.169
MAC001402,7.0,0.1926
MAC001402,7.5,0.2524
MAC001402,8.0,0.2735
MAC001402,8.5,0.282
MAC001402,9.0,0.2629
MAC001402,9.5,0.2375
MAC001402,10.0,0.2408
MAC001402,10.5,0.2441
MAC001402,11.0,0.243
MAC001402,11.5,0.238
MAC001402,12.0,0.2508
MAC001402,12.5,0.2632
MAC001402,13.0,0.2597
MAC001402,13.5,0.2704
MAC001402,14.0,0.2552
MAC001402,14.5,0.2429
MAC001402,15.0,0.2319
MAC001402,15.5,0.2512
MAC001402,16.0,0.2785
MAC001402,16.5,0.3066
MAC001402,17.0,0.3321
MAC001402,17.5,0.3612
MAC001402,18.0,0.3772
MAC001402,18.5,0.3909
MAC001402,19.0,0.4476
MAC001402,19.5,0.49
MAC001402,20.0,0.5126
MAC001402,20.5,0.5149
MAC001402,21.0,0.5081
MAC001402,21.5,0.4754
MAC001402,22.0,0.4146
MAC001402,22.5,0.3162
MAC001402,23.0,0.2319
MAC001402,23.5,0.1771
MAC001406,0.0,0.1657
MAC001406,0.5,0.1585
MAC001406,1.0,0.1608
MAC001406,1.5,0.1675
MAC001406,2.0,0.1698
MAC001406,2.5,0.1876
MAC001406,3.0,0.2001
MAC001406,3.5,0.215
MAC001406,4.0,0.2343
MAC001406,4.5,0.3022
MAC001406,5.0,0.3025
MAC001406,5.5,0.3407
MAC001406,6.0,0.383
MAC001406,6.5,0.3719
MAC001406,7.0,0.4159
MAC001406,7.5,0.4629
MAC001406,8.0,0.4086
MAC001406,8.5,0.4266
MAC001406,9.0,0.4062
MAC001406,9.5,0.4228
MAC001406,10.0,0.39
MAC001406,10.5,0.3667
MAC001406,11.0,0.372
MAC001406,11.5,0.3619
MAC001406,12.0,0.3406
MAC001406,12.5,0.3556
MAC001406,13.0,0.3396
MAC001406,13.5,0.3241
MAC001406,14.0,0.3202
MAC001406,14.5,0.3218
MAC001406,15.0,0.3302
MAC001406,15.5,0.4178
MAC001406,16.0,0.3977
MAC001406,16.5,0.4167
MAC001406,17.0,0.4167
MAC001406,17.5,0.4103
MAC001406,18.0,0.4074
MAC001406,18.5,0.4264
MAC001406,19.0,0.442
MAC001406,19.5,0.4515
MAC001406,20.0,0.4435
MAC001406,20.5,0.4422
MAC001406,21.0,0.3874
MAC001406,21.5,0.3276
MAC001406,22.0,0.2839
MAC001406,22.5,0.2371
MAC001406,23.0,0.2065
MAC001406,23.5,0.1738
MAC001410,0.0,0.3728
MAC001410,0.5,0.2645
MAC001410,1.0,0.2034
MAC001410,1.5,0.1804
MAC001410,2.0,0.1777
MAC001410,2.5,0.1739
MAC001410,3.0,0.1707
MAC001410,3.5,0.1649
MAC001410,4.0,0.1633
MAC001410,4.5,0.1584
MAC001410,5.0,0.16
MAC001410,5.5,0.1658
MAC001410,6.0,0.18
MAC001410,6.5,0.1905
MAC001410,7.0,0.2183
MAC001410,7.5,0.255
MAC001410,8.0,0.2901
MAC001410,8.5,0.303
MAC001410,9.0,0.3083
MAC001410,9.5,0.3127
MAC001410,10.0,0.3066
MAC001410,10.5,0.3233
MAC001410,11.0,0.3339
MAC001410,11.5,0.3616
MAC001410,12.0,0.347
MAC001410,12.5,0.4214
MAC001410,13.0,0.4408
MAC001410,13.5,0.4241
MAC001410,14.0,0.416
MAC001410,14.5,0.4253
MAC001410,15.0,0.4078
MAC001410,15.5,0.3844
MAC001410,16.0,0.3935
MAC001410,16.5,0.4742
MAC001410,17.0,0.5104
MAC001410,17.5,0.6714
MAC001410,18.0,0.8317
MAC001410,18.5,0.9045
MAC001410,19.0,0.9062
MAC001410,19.5,0.7945
MAC001410,20.0,0.7968
MAC001410,20.5,0.7887
MAC001410,21.0,0.7554
MAC001410,21.5,0.7347
MAC001410,22.0,0.6959
MAC001410,22.5,0.6837
MAC001410,23.0,0.6337
MAC001410,23.5,0.5054
MAC001414,0.0,0.0875
MAC001414,0.5,0.0793
MAC001414,1.0,0.0788
MAC001414,1.5,0.0774
MAC001414,2.0,0.0777
MAC001414,2.5,0.0761
MAC001414,3.0,0.0757
MAC001414,3.5,0.0758
MAC001414,4.0,0.0886
MAC001414,4.5,0.0929
MAC001414,5.0,0.1288
MAC001414,5.5,0.1266
MAC001414,6.0,0.1288
MAC001414,6.5,0.1166
MAC001414,7.0,0.1308
MAC001414,7.5,0.1557
MAC001414,8.0,0.1842
MAC001414,8.5,0.1967
MAC001414,9.0,0.2275
MAC001414,9.5,0.2722
MAC001414,10.0,0.2503
MAC001414,10.5,0.2573
MAC001414,11.0,0.2703
MAC001414,11.5,0.2764
MAC001414,12.0,0.258
MAC001414,12.5,0.2409
MAC001414,13.0,0.242
MAC001414,13.5,0.2365
MAC001414,14.0,0.2203
MAC001414,14.5,0.1983
MAC001414,15.0,0.1794
MAC001414,15.5,0.1676
MAC001414,16.0,0.1781
MAC001414,16.5,0.1836
MAC001414,17.0,0.211
MAC001414,17.5,0.2483
MAC001414,18.0,0.3256
MAC001414,18.5,0.4201
MAC001414,19.0,0.4267
MAC001414,19.5,0.3819
MAC001414,20.0,0.3745
MAC001414,20.5,0.3138
MAC001414,21.0,0.2343
MAC001414,21.5,0.1995
MAC001414,22.0,0.177
MAC001414,22.5,0.1492
MAC001414,23.0,0.1176
MAC001414,23.5,0.1002
MAC001417,0.0,0.2037
MAC001417,0.5,0.1855
MAC001417,1.0,0.1866
MAC001417,1.5,0.177
MAC001417,2.0,0.1814
MAC001417,2.5,0.1746
MAC001417,3.0,0.1724
MAC001417,3.5,0.1804
MAC001417,4.0,0.1839
MAC001417,4.5,0.2135
MAC001417,5.0,0.2896
MAC001417,5.5,0.3569
MAC001417,6.0,0.3605
MAC001417,6.5,0.3369
MAC001417,7.0,0.319
MAC001417,7.5,0.3164
MAC001417,8.0,0.3413
MAC001417,8.5,0.3893
MAC001417,9.0,0.428
MAC001417,9.5,0.404
MAC001417,10.0,0.4004
MAC001417,10.5,0.3952
MAC001417,11.0,0.3923
MAC001417,11.5,0.4009
MAC001417,12.0,0.402
MAC001417,12.5,0.4079
MAC001417,13.0,0.4376
MAC001417,13.5,0.5036
MAC001417,14.0,0.5345
MAC001417,14.5,0.5564
MAC001417,15.0,0.5223
MAC001417,15.5,0.5451
MAC001417,16.0,0.5824
MAC001417,16.5,0.6182
MAC001417,17.0,0.689
MAC001417,17.5,0.7491
MAC001417,18.0,0.7078
MAC001417,18.5,0.6811
MAC001417,19.0,0.5872
MAC001417,19.5,0.538
MAC001417,20.0,0.5419
MAC001417,20.5,0.5129
MAC001417,21.0,0.494
MAC001417,21.5,0.4596
MAC001417,22.0,0.4161
MAC001417,22.5,0.3598
MAC001417,23.0,0.2834
MAC001417,23.5,0.2311
MAC001431,0.0,0.1488
MAC001431,0.5,0.1438
MAC001431,1.0,0.1341
MAC001431,1.5,0.1381
MAC001431,2.0,0.1409
MAC001431,2.5,0.1366
MAC001431,3.0,0.1336
MAC001431,3.5,0.1238
MAC001431,4.0,0.1249
MAC001431,4.5,0.1248
MAC001431,5.0,0.1327
MAC001431,5.5,0.1494
MAC001431,6.0,0.1591
MAC001431,6.5,0.2081
MAC001431,7.0,0.2636
MAC001431,7.5,0.2624
MAC001431,8.0,0.2829
MAC001431,8.5,0.294
MAC001431,9.0,0.3159
MAC001431,9.5,0.3349
MAC001431,10.0,0.3494
MAC001431,10.5,0.3646
MAC001431,11.0,0.3454
MAC001431,11.5,0.3434
MAC001431,12.0,0.3489
MAC001431,12.5,0.3817
MAC001431,13.0,0.3881
MAC001431,13.5,0.4241
MAC001431,14.0,0.4082
MAC001431,14.5,0.4251
MAC001431,15.0,0.451
MAC001431,15.5,0.4066
MAC001431,16.0,0.4166
MAC001431,16.5,0.3837
MAC001431,17.0,0.3892
MAC001431,17.5,0.3741
MAC001431,18.0,0.3851
MAC001431,18.5,0.3797
MAC001431,19.0,0.362
MAC001431,19.5,0.3259
MAC001431,20.0,0.2762
MAC001431,20.5,0.2578
MAC001431,21.0,0.2312
MAC001431,21.5,0.224
MAC001431,22.0,0.2138
MAC001431,22.5,0.19
MAC001431,23.0,0.1698
MAC001431,23.5,0.1572
MAC001453,0.0,0.1199
MAC001453,0.5,0.1041
MAC001453,1.0,0.1007
MAC001453,1.5,0.0963
MAC001453,2.0,0.0921
MAC001453,2.5,0.0979
MAC001453,3.0,0.0898
MAC001453,3.5,0.0693
MAC001453,4.0,0.0712
MAC001453,4.5,0.07
MAC001453,5.0,0.073
MAC001453,5.5,0.0835
MAC001453,6.0,0.1423
MAC001453,6.5,0.1879
MAC001453,7.0,0.2284
MAC001453,7.5,0.2768
MAC001453,8.0,0.2411
MAC001453,8.5,0.1884
MAC001453,9.0,0.2073
MAC001453,9.5,0.1878
MAC001453,10.0,0.2539
MAC001453,10.5,0.2378
MAC001453,11.0,0.3167
MAC001453,11.5,0.2825
MAC001453,12.0,0.343
MAC001453,12.5,0.2804
MAC001453,13.0,0.2408
MAC001453,13.5,0.2251
MAC001453,14.0,0.216
MAC001453,14.5,0.2115
MAC001453,15.0,0.2123
MAC001453,15.5,0.2378
MAC001453,16.0,0.3373
MAC001453,16.5,0.3663
MAC001453,17.0,0.4833
MAC001453,17.5,0.4494
MAC001453,18.0,0.448
MAC001453,18.5,0.4747
MAC001453,19.0,0.4936
MAC001453,19.5,0.4941
MAC001453,20.0,0.5001
MAC001453,20.5,0.467
MAC001453,21.0,0.397
MAC001453,21.5,0.3336
MAC001453,22.0,0.2304
MAC001453,22.5,0.1614
MAC001453,23.0,0.1367
MAC001453,23.5,0.1252
MAC001466,0.0,0.0484
MAC001466,0.5,0.0479
MAC001466,1.0,0.0481
MAC001466,1.5,0.048
MAC001466,2.0,0.0489
MAC001466,2.5,0.0507
MAC001466,3.0,0.0477
MAC001466,3.5,0.0474
MAC001466,4.0,0.0489
MAC001466,4.5,0.0557
MAC001466,5.0,0.0591
MAC001466,5.5,0.0778
MAC001466,6.0,0.1234
MAC001466,6.5,0.1981
MAC001466,7.0,0.2606
MAC001466,7.5,0.2344
MAC001466,8.0,0.2577
MAC001466,8.5,0.2198
MAC001466,9.0,0.179
MAC001466,9.5,0.151
MAC001466,10.0,0.1411
MAC001466,10.5,0.1261
MAC001466,11.0,0.1184
MAC001466,11.5,0.1304
MAC001466,12.0,0.1387
MAC001466,12.5,0.1381
MAC001466,13.0,0.123
MAC001466,13.5,0.121
MAC001466,14.0,0.1294
MAC001466,14.5,0.1276
MAC001466,15.0,0.1333
MAC001466,15.5,0.1356
MAC001466,16.0,0.1463
MAC001466,16.5,0.1639
MAC001466,17.0,0.1953
MAC001466,17.5,0.2557
MAC001466,18.0,0.261
MAC001466,18.5,0.2486
MAC001466,19.0,0.239
MAC001466,19.5,0.2402
MAC001466,20.0,0.2412
MAC001466,20.5,0.2402
MAC001466,21.0,0.2172
MAC001466,21.5,0.1889
MAC001466,22.0,0.118
MAC001466,22.5,0.0845
MAC001466,23.0,0.0557
MAC001466,23.5,0.0512
MAC001467,0.0,0.4297
MAC001467,0.5,0.4265
MAC001467,1.0,0.3933
MAC001467,1.5,0.3702
MAC001467,2.0,0.3691
MAC001467,2.5,0.3641
MAC001467,3.0,0.3575
MAC001467,3.5,0.3805
MAC001467,4.0,0.4311
MAC001467,4.5,0.4703
MAC001467,5.0,0.4673
MAC001467,5.5,0.5641
MAC001467,6.0,0.5569
MAC001467,6.5,0.5304
MAC001467,7.0,0.5189
MAC001467,7.5,0.5091
MAC001467,8.0,0.4937
MAC001467,8.5,0.4929
MAC001467,9.0,0.5142
MAC001467,9.5,0.5005
MAC001467,10.0,0.5107
MAC001467,10.5,0.5233
MAC001467,11.0,0.4955
MAC001467,11.5,0.5038
MAC001467,12.0,0.5221
MAC001467,12.5,0.5052
MAC001467,13.0,0.5193
MAC001467,13.5,0.5138
MAC001467,14.0,0.4861
MAC001467,14.5,0.4965
MAC001467,15.0,0.5067
MAC001467,15.5,0.4829
MAC001467,16.0,0.5106
MAC001467,16.5,0.5703
MAC001467,17.0,0.6009
MAC001467,17.5,0.6279
MAC001467,18.0,0.6392
MAC001467,18.5,0.6336
MAC001467,19.0,0.6375
MAC001467,19.5,0.603
MAC001467,20.0,0.6433
MAC001467,20.5,0.6469
MAC001467,21.0,0.6415
MAC001467,21.5,0.6378
MAC001467,22.0,0.6039
MAC001467,22.5,0.5534
MAC001467,23.0,0.5115
MAC001467,23.5,0.4816
MAC001487,0.0,0.1349
MAC001487,0.5,0.1108
MAC001487,1.0,0.095
MAC001487,1.5,0.0694
MAC001487,2.0,0.0539
MAC001487,2.5,0.0436
MAC001487,3.0,0.0388
MAC001487,3.5,0.0367
MAC001487,4.0,0.0361
MAC001487,4.5,0.0347
MAC001487,5.0,0.0339
MAC001487,5.5,0.0332
MAC001487,6.0,0.0352
MAC001487,6.5,0.0354
MAC001487,7.0,0.0343
MAC001487,7.5,0.0333
MAC001487,8.0,0.036
MAC001487,8.5,0.0409
MAC001487,9.0,0.05
MAC001487,9.5,0.0733
MAC001487,10.0,0.0764
MAC001487,10.5,0.107
MAC001487,11.0,0.1276
MAC001487,11.5,0.1211
MAC001487,12.0,0.144
MAC001487,12.5,0.1208
MAC001487,13.0,0.1107
MAC001487,13.5,0.1149
MAC001487,14.0,0.1037
MAC001487,14.5,0.0886
MAC001487,15.0,0.0942
MAC001487,15.5,0.1164
MAC001487,16.0,0.1044
MAC001487,16.5,0.1073
MAC001487,17.0,0.1311
MAC001487,17.5,0.153
MAC001487,18.0,0.1464
MAC001487,18.5,0.1373
MAC001487,19.0,0.1467
MAC001487,19.5,0.1566
MAC001487,20.0,0.1549
MAC001487,20.5,0.1376
MAC001487,21.0,0.1361
MAC001487,21.5,0.145
MAC001487,22.0,0.1398
MAC001487,22.5,0.1384
MAC001487,23.0,0.145
MAC001487,23.5,0.1392
MAC001508,0.0,0.123
MAC001508,0.5,0.1221
MAC001508,1.0,0.1203
MAC001508,1.5,0.1222
MAC001508,2.0,0.1244
MAC001508,2.5,0.121
MAC001508,3.0,0.1243
MAC001508,3.5,0.1225
MAC001508,4.0,0.1212
MAC001508,4.5,0.1341
MAC001508,5.0,0.2889
MAC001508,5.5,0.2845
MAC001508,6.0,0.4815
MAC001508,6.5,0.5135
MAC001508,7.0,0.584
MAC001508,7.5,0.5024
MAC001508,8.0,0.5416
MAC001508,8.5,0.5385
MAC001508,9.0,0.4588
MAC001508,9.5,0.4137
MAC001508,10.0,0.3553
MAC001508,10.5,0.3006
MAC001508,11.0,0.2556
MAC001508,11.5,0.233
MAC001508,12.0,0.2449
MAC001508,12.5,0.2319
MAC001508,13.0,0.2382
MAC001508,13.5,0.2198
MAC001508,14.0,0.2159
MAC001508,14.5,0.2089
MAC001508,15.0,0.2626
MAC001508,15.5,0.2938
MAC001508,16.0,0.3409
MAC001508,16.5,0.3496
MAC001508,17.0,0.3637
MAC001508,17.5,0.3788
MAC001508,18.0,0.3934
MAC001508,18.5,0.4041
MAC001508,19.0,0.4119
MAC001508,19.5,0.443
MAC001508,20.0,0.4536
MAC001508,20.5,0.4842
MAC001508,21.0,0.4402
MAC001508,21.5,0.3947
MAC001508,22.0,0.3064
MAC001508,22.5,0.1869
MAC001508,23.0,0.1422
MAC001508,23.5,0.1423
MAC001538,0.0,0.8155
MAC001538,0.5,0.7684
MAC001538,1.0,0.6988
MAC001538,1.5,0.6248
MAC001538,2.0,0.5721
MAC001538,2.5,0.531
MAC001538,3.0,0.5128
MAC001538,3.5,0.5057
MAC001538,4.0,0.4923
MAC001538,4.5,0.4849
MAC001538,5.0,0.51
MAC001538,5.5,0.5028
MAC001538,6.0,0.5625
MAC001538,6.5,0.5808
MAC001538,7.0,0.5937
MAC001538,7.5,0.6076
MAC001538,8.0,0.6552
MAC001538,8.5,0.693
MAC001538,9.0,0.7819
MAC001538,9.5,0.8612
MAC001538,10.0,0.9005
MAC001538,10.5,0.9388
MAC001538,11.0,0.9771
MAC001538,11.5,1.0149
MAC001538,12.0,1.0306
MAC001538,12.5,1.0283
MAC001538,13.0,1.0448
MAC001538,13.5,1.0602
MAC001538,14.0,1.1176
MAC001538,14.5,1.1186
MAC001538,15.0,1.0332
MAC001538,15.5,1.055
MAC001538,16.0,1.0999
MAC001538,16.5,1.1774
MAC001538,17.0,1.2425
MAC001538,17.5,1.2901
MAC001538,18.0,1.3706
MAC001538,18.5,1.4178
MAC001538,19.0,1.4332
MAC001538,19.5,1.384
MAC001538,20.0,1.3302
MAC001538,20.5,1.22
MAC001538,21.0,1.1521
MAC001538,21.5,1.101
MAC001538,22.0,1.0503
MAC001538,22.5,1.0013
MAC001538,23.0,0.9514
MAC001538,23.5,0.8767
MAC001541,0.0,0.3592
MAC001541,0.5,0.3159
MAC001541,1.0,0.312
MAC001541,1.5,0.3073
MAC001541,2.0,0.3064
MAC001541,2.5,0.3042
MAC001541,3.0,0.3076
MAC001541,3.5,0.3065
MAC001541,4.0,0.3086
MAC001541,4.5,0.3271
MAC001541,5.0,0.3488
MAC001541,5.5,0.378
MAC001541,6.0,0.4163
MAC001541,6.5,0.3985
MAC001541,7.0,0.4572
MAC001541,7.5,0.4572
MAC001541,8.0,0.5354
MAC001541,8.5,0.6521
MAC001541,9.0,0.8032
MAC001541,9.5,0.8289
MAC001541,10.0,0.9954
MAC001541,10.5,1.1462
MAC001541,11.0,1.0417
MAC001541,11.5,1.0041
MAC001541,12.0,0.9563
MAC001541,12.5,0.9014
MAC001541,13.0,0.8756
MAC001541,13.5,0.8158
MAC001541,14.0,0.7353
MAC001541,14.5,0.6935
MAC001541,15.0,0.7026
MAC001541,15.5,0.7426
MAC001541,16.0,0.7659
MAC001541,16.5,0.8027
MAC001541,17.0,0.8734
MAC001541,17.5,0.9896
MAC001541,18.0,1.1012
MAC001541,18.5,1.1284
MAC001541,19.0,1.0709
MAC001541,19.5,1.0357
MAC001541,20.0,0.962
MAC001541,20.5,0.8368
MAC001541,21.0,0.7984
MAC001541,21.5,0.7632
MAC001541,22.0,0.7195
MAC001541,22.5,0.6424
MAC001541,23.0,0.5745
MAC001541,23.5,0.4554
MAC001542,0.0,0.1802
MAC001542,0.5,0.1696
MAC001542,1.0,0.1685
MAC001542,1.5,0.156
MAC001542,2.0,0.1607
MAC001542,2.5,0.1715
MAC001542,3.0,0.1912
MAC001542,3.5,0.2578
MAC001542,4.0,0.3064
MAC001542,4.5,0.3026
MAC001542,5.0,0.3718
MAC001542,5.5,0.3797
MAC001542,6.0,0.4184
MAC001542,6.5,0.4313
MAC001542,7.0,0.4656
MAC001542,7.5,0.39
MAC001542,8.0,0.375
MAC001542,8.5,0.3677
MAC001542,9.0,0.3658
MAC001542,9.5,0.3119
MAC001542,10.0,0.305
MAC001542,10.5,0.2655
MAC001542,11.0,0.2535
MAC001542,11.5,0.2422
MAC001542,12.0,0.2653
MAC001542,12.5,0.2809
MAC001542,13.0,0.279
MAC001542,13.5,0.2895
MAC001542,14.0,0.2614
MAC001542,14.5,0.2753
MAC001542,15.0,0.2924
MAC001542,15.5,0.315
MAC001542,16.0,0.347
MAC001542,16.5,0.4075
MAC001542,17.0,0.3813
MAC001542,17.5,0.4125
MAC001542,18.0,0.3833
MAC001542,18.5,0.374
MAC001542,19.0,0.377
MAC001542,19.5,0.3801
MAC001542,20.0,0.3961
MAC001542,20.5,0.3998
MAC001542,21.0,0.4916
MAC001542,21.5,0.354
MAC001542,22.0,0.368
MAC001542,22.5,0.2634
MAC001542,23.0,0.2276
MAC001542,23.5,0.2034
MAC001559,0.0,0.1812
MAC001559,0.5,0.1772
MAC001559,1.0,0.1733
MAC001559,1.5,0.1685
MAC001559,2.0,0.1766
MAC001559,2.5,0.1744
MAC001559,3.0,0.1719
MAC001559,3.5,0.1689
MAC001559,4.0,0.1696
MAC001559,4.5,0.1847
MAC001559,5.0,0.2342
MAC001559,5.5,0.4353
MAC001559,6.0,0.623
MAC001559,6.5,1.0031
MAC001559,7.0,1.2448
MAC001559,7.5,1.3234
MAC001559,8.0,0.9396
MAC001559,8.5,0.7129
MAC001559,9.0,0.5271
MAC001559,9.5,0.256
MAC001559,10.0,0.2303
MAC001559,10.5,0.2593
MAC001559,11.0,0.3247
MAC001559,11.5,0.5321
MAC001559,12.0,0.6609
MAC001559,12.5,0.6568
MAC001559,13.0,0.71
MAC001559,13.5,0.5955
MAC001559,14.0,0.3881
MAC001559,14.5,0.2872
MAC001559,15.0,0.2829
MAC001559,15.5,0.3176
MAC001559,16.0,0.3591
MAC001559,16.5,0.3478
MAC001559,17.0,0.339
MAC001559,17.5,0.3429
MAC001559,18.0,0.3731
MAC001559,18.5,0.3754
MAC001559,19.0,0.3795
MAC001559,19.5,0.3622
MAC001559,20.0,0.3457
MAC001559,20.5,0.3449
MAC001559,21.0,0.3448
MAC001559,21.5,0.326
MAC001559,22.0,0.3429
MAC001559,22.5,0.2759
MAC001559,23.0,0.2539
MAC001559,23.5,0.2083
MAC001564,0.0,1.0083
MAC001564,0.5,0.9996
MAC001564,1.0,0.8856
MAC001564,1.5,0.8599
MAC001564,2.0,0.8842
MAC001564,2.5,0.7614
MAC001564,3.0,0.7163
MAC001564,3.5,0.6524
MAC001564,4.0,0.6686
MAC001564,4.5,0.6202
MAC001564,5.0,0.5803
MAC001564,5.5,0.5514
MAC001564,6.0,0.5194
MAC001564,6.5,0.4868
MAC001564,7.0,0.4855
MAC001564,7.5,0.4402
MAC001564,8.0,0.4704
MAC001564,8.5,0.4557
MAC001564,9.0,0.4991
MAC001564,9.5,0.6219
MAC001564,10.0,0.5929
MAC001564,10.5,0.6036
MAC001564,11.0,0.5632
MAC001564,11.5,0.4871
MAC001564,12.0,0.4822
MAC001564,12.5,0.5451
MAC001564,13.0,0.6176
MAC001564,13.5,0.6161
MAC001564,14.0,0.6015
MAC001564,14.5,0.5801
MAC001564,15.0,0.6375
MAC001564,15.5,0.6832
MAC001564,16.0,0.6578
MAC001564,16.5,0.7119
MAC001564,17.0,0.646
MAC001564,17.5,0.6235
MAC001564,18.0,0.6028
MAC001564,18.5,0.6438
MAC001564,19.0,0.6832
MAC001564,19.5,0.7461
MAC001564,20.0,0.7602
MAC001564,20.5,0.825
MAC001564,21.0,0.9447
MAC001564,21.5,0.923
MAC001564,22.0,1.0155
MAC001564,22.5,1.0342
MAC001564,23.0,1.0052
MAC001564,23.5,1.0294
MAC001602,0.0,0.0943
MAC001602,0.5,0.0942
MAC001602,1.0,0.0953
MAC001602,1.5,0.0942
MAC001602,2.0,0.0952
MAC001602,2.5,0.095
MAC001602,3.0,0.0966
MAC001602,3.5,0.0952
MAC001602,4.0,0.0959
MAC001602,4.5,0.1038
MAC001602,5.0,0.1013
MAC001602,5.5,0.108
MAC001602,6.0,0.0994
MAC001602,6.5,0.0985
MAC001602,7.0,0.0933
MAC001602,7.5,0.0901
MAC001602,8.0,0.0834
MAC001602,8.5,0.0827
MAC001602,9.0,0.0961
MAC001602,9.5,0.0922
MAC001602,10.0,0.0953
MAC001602,10.5,0.0921
MAC001602,11.0,0.0832
MAC001602,11.5,0.0823
MAC001602,12.0,0.0758
MAC001602,12.5,0.0715
MAC001602,13.0,0.0676
MAC001602,13.5,0.0701
MAC001602,14.0,0.0734
MAC001602,14.5,0.0853
MAC001602,15.0,0.083
MAC001602,15.5,0.091
MAC001602,16.0,0.1014
MAC001602,16.5,0.1047
MAC001602,17.0,0.1235
MAC001602,17.5,0.1243
MAC001602,18.0,0.1428
MAC001602,18.5,0.1653
MAC001602,19.0,0.1786
MAC001602,19.5,0.1744
MAC001602,20.0,0.1548
MAC001602,20.5,0.14
MAC001602,21.0,0.1212
MAC001602,21.5,0.11
MAC001602,22.0,0.1064
MAC001602,22.5,0.1004
MAC001602,23.0,0.0979
MAC001602,23.5,0.0976
MAC001605,0.0,0.1229
MAC001605,0.5,0.1121
MAC001605,1.0,0.0982
MAC001605,1.5,0.092
MAC001605,2.0,0.0894
MAC001605,2.5,0.0858
MAC001605,3.0,0.0818
MAC001605,3.5,0.0804
MAC001605,4.0,0.0788
MAC001605,4.5,0.0811
MAC001605,5.0,0.094
MAC001605,5.5,0.1414
MAC001605,6.0,0.3528
MAC001605,6.5,0.2714
MAC001605,7.0,0.2998
MAC001605,7.5,0.2796
MAC001605,8.0,0.2386
MAC001605,8.5,0.2412
MAC001605,9.0,0.2515
MAC001605,9.5,0.2782
MAC001605,10.0,0.2625
MAC001605,10.5,0.228
MAC001605,11.0,0.2634
MAC001605,11.5,0.2213
MAC001605,12.0,0.2503
MAC001605,12.5,0.2274
MAC001605,13.0,0.241
MAC001605,13.5,0.2493
MAC001605,14.0,0.219
MAC001605,14.5,0.2236
MAC001605,15.0,0.2472
MAC001605,15.5,0.2166
MAC001605,16.0,0.2746
MAC001605,16.5,0.5975
MAC001605,17.0,0.6592
MAC001605,17.5,0.7743
MAC001605,18.0,0.7344
MAC001605,18.5,0.5402
MAC001605,19.0,0.4867
MAC001605,19.5,0.4777
MAC001605,20.0,0.395
MAC001605,20.5,0.3404
MAC001605,21.0,0.3275
MAC001605,21.5,0.2867
MAC001605,22.0,0.2521
MAC001605,22.5,0.2169
MAC001605,23.0,0.1711
MAC001605,23.5,0.1389
MAC001614,0.0,0.2796
MAC001614,0.5,0.2251
MAC001614,1.0,0.2002
MAC001614,1.5,0.1736
MAC001614,2.0,0.1639
MAC001614,2.5,0.1589
MAC001614,3.0,0.1555
MAC001614,3.5,0.1532
MAC001614,4.0,0.1541
MAC001614,4.5,0.1537
MAC001614,5.0,0.1539
MAC001614,5.5,0.1624
MAC001614,6.0,0.2274
MAC001614,6.5,0.2174
MAC001614,7.0,0.2415
MAC001614,7.5,0.3138
MAC001614,8.0,0.3207
MAC001614,8.5,0.3131
MAC001614,9.0,0.3031
MAC001614,9.5,0.297
MAC001614,10.0,0.3583
MAC001614,10.5,0.3618
MAC001614,11.0,0.3559
MAC001614,11.5,0.3433
MAC001614,12.0,0.3683
MAC001614,12.5,0.3554
MAC001614,13.0,0.371
MAC001614,13.5,0.3685
MAC001614,14.0,0.426
MAC001614,14.5,0.4027
MAC001614,15.0,0.4186
MAC001614,15.5,0.4278
MAC001614,16.0,0.4717
MAC001614,16.5,0.5029
MAC001614,17.0,0.5367
MAC001614,17.5,0.5747
MAC001614,18.0,0.6212
MAC001614,18.5,0.6763
MAC001614,19.0,0.7699
MAC001614,19.5,0.8032
MAC001614,20.0,0.7858
MAC001614,20.5,0.7536
MAC001614,21.0,0.726
MAC001614,21.5,0.6441
MAC001614,22.0,0.5962
MAC001614,22.5,0.4905
MAC001614,23.0,0.4224
MAC001614,23.5,0.3451
MAC001642,0.0,0.4341
MAC001642,0.5,0.4611
MAC001642,1.0,0.4949
MAC001642,1.5,0.5678
MAC001642,2.0,0.6332
MAC001642,2.5,0.687
MAC001642,3.0,0.7025
MAC001642,3.5,0.716
MAC001642,4.0,0.71
MAC001642,4.5,0.6722
MAC001642,5.0,0.8177
MAC001642,5.5,1.098
MAC001642,6.0,1.1528
MAC001642,6.5,1.2095
MAC001642,7.0,0.869
MAC001642,7.5,0.7778
MAC001642,8.0,0.685
MAC001642,8.5,0.6805
MAC001642,9.0,0.7041
MAC001642,9.5,0.6784
MAC001642,10.0,0.7026
MAC001642,10.5,0.7559
MAC001642,11.0,0.8156
MAC001642,11.5,0.8517
MAC001642,12.0,1.005
MAC001642,12.5,0.9884
MAC001642,13.0,1.039
MAC001642,13.5,1.0478
MAC001642,14.0,1.0642
MAC001642,14.5,1.0381
MAC001642,15.0,1.0219
MAC001642,15.5,1.102
MAC001642,16.0,1.1412
MAC001642,16.5,1.2399
MAC001642,17.0,1.4273
MAC001642,17.5,1.6303
MAC001642,18.0,1.7352
MAC001642,18.5,1.6998
MAC001642,19.0,1.4056
MAC001642,19.5,1.2312
MAC001642,20.0,1.1019
MAC001642,20.5,1.0302
MAC001642,21.0,0.9167
MAC001642,21.5,0.7562
MAC001642,22.0,0.6128
MAC001642,22.5,0.5101
MAC001642,23.0,0.4493
MAC001642,23.5,0.4233
MAC001645,0.0,0.123
MAC001645,0.5,0.1182
MAC001645,1.0,0.1156
MAC001645,1.5,0.1142
MAC001645,2.0,0.1151
MAC001645,2.5,0.1187
MAC001645,3.0,0.1176
MAC001645,3.5,0.1162
MAC001645,4.0,0.1208
MAC001645,4.5,0.1284
MAC001645,5.0,0.1629
MAC001645,5.5,0.2217
MAC001645,6.0,0.2924
MAC001645,6.5,0.3991
MAC001645,7.0,0.4155
MAC001645,7.5,0.4747
MAC001645,8.0,0.4887
MAC001645,8.5,0.4058
MAC001645,9.0,0.4157
MAC001645,9.5,0.324
MAC001645,10.0,0.2769
MAC001645,10.5,0.2874
MAC001645,11.0,0.2799
MAC001645,11.5,0.2292
MAC001645,12.0,0.2474
MAC001645,12.5,0.2228
MAC001645,13.0,0.2256
MAC001645,13.5,0.2301
MAC001645,14.0,0.2589
MAC001645,14.5,0.2663
MAC001645,15.0,0.2842
MAC001645,15.5,0.3507
MAC001645,16.0,0.4919
MAC001645,16.5,0.533
MAC001645,17.0,0.5036
MAC001645,17.5,0.4963
MAC001645,18.0,0.4764
MAC001645,18.5,0.3899
MAC001645,19.0,0.3791
MAC001645,19.5,0.3775
MAC001645,20.0,0.3684
MAC001645,20.5,0.3341
MAC001645,21.0,0.3289
MAC001645,21.5,0.3013
MAC001645,22.0,0.2321
MAC001645,22.5,0.2
MAC001645,23.0,0.1651
MAC001645,23.5,0.1337
MAC001662,0.0,0.1753
MAC001662,0.5,0.1355
MAC001662,1.0,0.1016
MAC001662,1.5,0.0826
MAC001662,2.0,0.0789
MAC001662,2.5,0.0757
MAC001662,3.0,0.072
MAC001662,3.5,0.0727
MAC001662,4.0,0.068
MAC001662,4.5,0.0728
MAC001662,5.0,0.0745
MAC001662,5.5,0.0742
MAC001662,6.0,0.0968
MAC001662,6.5,0.1016
MAC001662,7.0,0.1303
MAC001662,7.5,0.1907
MAC001662,8.0,0.2121
MAC001662,8.5,0.2123
MAC001662,9.0,0.1697
MAC001662,9.5,0.1632
MAC001662,10.0,0.1275
MAC001662,10.5,0.111
MAC001662,11.0,0.1212
MAC001662,11.5,0.1246
MAC001662,12.0,0.1337
MAC001662,12.5,0.1227
MAC001662,13.0,0.1052
MAC001662,13.5,0.1152
MAC001662,14.0,0.1165
MAC001662,14.5,0.1217
MAC001662,15.0,0.1215
MAC001662,15.5,0.1255
MAC001662,16.0,0.1343
MAC001662,16.5,0.1459
MAC001662,17.0,0.1629
MAC001662,17.5,0.1766
MAC001662,18.0,0.1983
MAC001662,18.5,0.2054
MAC001662,19.0,0.2096
MAC001662,19.5,0.2245
MAC001662,20.0,0.2278
MAC001662,20.5,0.2404
MAC001662,21.0,0.2458
MAC001662,21.5,0.243
MAC001662,22.0,0.2408
MAC001662,22.5,0.2376
MAC001662,23.0,0.2324
MAC001662,23.5,0.2126
MAC001678,0.0,0.334
MAC001678,0.5,0.279
MAC001678,1.0,0.2319
MAC001678,1.5,0.1918
MAC001678,2.0,0.1878
MAC001678,2.5,0.1705
MAC001678,3.0,0.1601
MAC001678,3.5,0.154
MAC001678,4.0,0.1555
MAC001678,4.5,0.1538
MAC001678,5.0,0.1535
MAC001678,5.5,0.1527
MAC001678,6.0,0.1612
MAC001678,6.5,0.1783
MAC001678,7.0,0.2059
MAC001678,7.5,0.2314
MAC001678,8.0,0.2377
MAC001678,8.5,0.2432
MAC001678,9.0,0.2132
MAC001678,9.5,0.208
MAC001678,10.0,0.1946
MAC001678,10.5,0.1923
MAC001678,11.0,0.1986
MAC001678,11.5,0.2431
MAC001678,12.0,0.2367
MAC001678,12.5,0.2322
MAC001678,13.0,0.2261
MAC001678,13.5,0.2232
MAC001678,14.0,0.2326
MAC001678,14.5,0.2218
MAC001678,15.0,0.2179
MAC001678,15.5,0.2015
MAC001678,16.0,0.2002
MAC001678,16.5,0.1852
MAC001678,17.0,0.1823
MAC001678,17.5,0.182
MAC001678,18.0,0.1916
MAC001678,18.5,0.2007
MAC001678,19.0,0.2317
MAC001678,19.5,0.274
MAC001678,20.0,0.3346
MAC001678,20.5,0.3594
MAC001678,21.0,0.4245
MAC001678,21.5,0.4261
MAC001678,22.0,0.4693
MAC001678,22.5,0.434
MAC001678,23.0,0.4209
MAC001678,23.5,0.3899
MAC001680,0.0,0.105
MAC001680,0.5,0.0998
MAC001680,1.0,0.0977
MAC001680,1.5,0.0986
MAC001680,2.0,0.0984
MAC001680,2.5,0.1002
MAC001680,3.0,0.1041
MAC001680,3.5,0.105
MAC001680,4.0,0.102
MAC001680,4.5,0.1065
MAC001680,5.0,0.1055
MAC001680,5.5,0.1145
MAC001680,6.0,0.1322
MAC001680,6.5,0.1654
MAC001680,7.0,0.2236
MAC001680,7.5,0.2671
MAC001680,8.0,0.3129
MAC001680,8.5,0.3429
MAC001680,9.0,0.322
MAC001680,9.5,0.3209
MAC001680,10.0,0.3418
MAC001680,10.5,0.3134
MAC001680,11.0,0.3294
MAC001680,11.5,0.3224
MAC001680,12.0,0.3217
MAC001680,12.5,0.3192
MAC001680,13.0,0.2852
MAC001680,13.5,0.2696
MAC001680,14.0,0.2823
MAC001680,14.5,0.2498
MAC001680,15.0,0.2371
MAC001680,15.5,0.2396
MAC001680,16.0,0.2746
MAC001680,16.5,0.2866
MAC001680,17.0,0.3421
MAC001680,17.5,0.3915
MAC001680,18.0,0.4725
MAC001680,18.5,0.4991
MAC001680,19.0,0.4722
MAC001680,19.5,0.5031
MAC001680,20.0,0.4816
MAC001680,20.5,0.5092
MAC001680,21.0,0.4636
MAC001680,21.5,0.4177
MAC001680,22.0,0.3317
MAC001680,22.5,0.2566
MAC001680,23.0,0.185
MAC001680,23.5,0.133
MAC001692,0.0,0.4348
MAC001692,0.5,0.3828
MAC001692,1.0,0.3585
MAC001692,1.5,0.3322
MAC001692,2.0,0.3193
MAC001692,2.5,0.312
MAC001692,3.0,0.3073
MAC001692,3.5,0.3008
MAC001692,4.0,0.3053
MAC001692,4.5,0.303
MAC001692,5.0,0.3047
MAC001692,5.5,0.3063
MAC001692,6.0,0.3341
MAC001692,6.5,0.3736
MAC001692,7.0,0.4161
MAC001692,7.5,0.5373
MAC001692,8.0,0.6581
MAC001692,8.5,0.8226
MAC001692,9.0,1.0099
MAC001692,9.5,1.0181
MAC001692,10.0,1.1067
MAC001692,10.5,1.0415
MAC001692,11.0,1.046
MAC001692,11.5,1.0068
MAC001692,12.0,0.9335
MAC001692,12.5,0.8707
MAC001692,13.0,0.8605
MAC001692,13.5,0.8446
MAC001692,14.0,0.7956
MAC001692,14.5,0.7537
MAC001692,15.0,0.7018
MAC001692,15.5,0.6392
MAC001692,16.0,0.704
MAC001692,16.5,0.8197
MAC001692,17.0,0.9672
MAC001692,17.5,1.0585
MAC001692,18.0,1.2191
MAC001692,18.5,1.2323
MAC001692,19.0,1.1965
MAC001692,19.5,1.1842
MAC001692,20.0,1.1452
MAC001692,20.5,1.2086
MAC001692,21.0,1.1997
MAC001692,21.5,1.094
MAC001692,22.0,0.972
MAC001692,22.5,0.8745
MAC001692,23.0,0.7211
MAC001692,23.5,0.5389
MAC001727,0.0,0.2155
MAC001727,0.5,0.2179
MAC001727,1.0,0.2155
MAC001727,1.5,0.2127
MAC001727,2.0,0.2164
MAC001727,2.5,0.2145
MAC001727,3.0,0.2104
MAC001727,3.5,0.2115
MAC001727,4.0,0.2104
MAC001727,4.5,0.2115
MAC001727,5.0,0.2351
MAC001727,5.5,0.247
MAC001727,6.0,0.3765
MAC001727,6.5,0.5335
MAC001727,7.0,0.6014
MAC001727,7.5,0.6573
MAC001727,8.0,0.642
MAC001727,8.5,0.5688
MAC001727,9.0,0.6163
MAC001727,9.5,0.5778
MAC001727,10.0,0.6079
MAC001727,10.5,0.5975
MAC001727,11.0,0.5891
MAC001727,11.5,0.5817
MAC001727,12.0,0.6004
MAC001727,12.5,0.5521
MAC001727,13.0,0.5314
MAC001727,13.5,0.4873
MAC001727,14.0,0.5095
MAC001727,14.5,0.4991
MAC001727,15.0,0.5293
MAC001727,15.5,0.5233
MAC001727,16.0,0.6213
MAC001727,16.5,0.6325
MAC001727,17.0,0.7092
MAC001727,17.5,0.6668
MAC001727,18.0,0.8583
MAC001727,18.5,0.7916
MAC001727,19.0,0.988
MAC001727,19.5,0.81
MAC001727,20.0,0.7264
MAC001727,20.5,0.5537
MAC001727,21.0,0.4408
MAC001727,21.5,0.3432
MAC001727,22.0,0.2883
MAC001727,22.5,0.235
MAC001727,23.0,0.2288
MAC001727,23.5,0.2225
MAC001731,0.0,0.8075
MAC001731,0.5,0.7876
MAC001731,1.0,0.733
MAC001731,1.5,0.5288
MAC001731,2.0,0.3688
MAC001731,2.5,0.1315
MAC001731,3.0,0.0519
MAC001731,3.5,0.0498
MAC001731,4.0,0.0506
MAC001731,4.5,0.0496
MAC001731,5.0,0.0464
MAC001731,5.5,0.046
MAC001731,6.0,0.0454
MAC001731,6.5,0.0458
MAC001731,7.0,0.046
MAC001731,7.5,0.0561
MAC001731,8.0,0.0981
MAC001731,8.5,0.1791
MAC001731,9.0,0.4218
MAC001731,9.5,0.4572
MAC001731,10.0,0.4939
MAC001731,10.5,0.5109
MAC001731,11.0,0.4626
MAC001731,11.5,0.4184
MAC001731,12.0,0.4043
MAC001731,12.5,0.3884
MAC001731,13.0,0.3394
MAC001731,13.5,0.3245
MAC001731,14.0,0.2888
MAC001731,14.5,0.2361
MAC001731,15.0,0.189
MAC001731,15.5,0.1674
MAC001731,16.0,0.1694
MAC001731,16.5,0.18
MAC001731,17.0,0.2664
MAC001731,17.5,0.294
MAC001731,18.0,0.3142
MAC001731,18.5,0.3431
MAC001731,19.0,0.4083
MAC001731,19.5,0.4632
MAC001731,20.0,0.5
MAC001731,20.5,0.5789
MAC001731,21.0,0.6181
MAC001731,21.5,0.6626
MAC001731,22.0,0.7042
MAC001731,22.5,0.7534
MAC001731,23.0,0.7961
MAC001731,23.5,0.8014
MAC001736,0.0,0.529
MAC001736,0.5,0.4328
MAC001736,1.0,0.4043
MAC001736,1.5,0.3856
MAC001736,2.0,0.3726
MAC001736,2.5,0.3683
MAC001736,3.0,0.3642
MAC001736,3.5,0.3617
MAC001736,4.0,0.358
MAC001736,4.5,0.3567
MAC001736,5.0,0.3895
MAC001736,5.5,0.4998
MAC001736,6.0,0.7247
MAC001736,6.5,0.7684
MAC001736,7.0,1.0298
MAC001736,7.5,0.9563
MAC001736,8.0,0.7902
MAC001736,8.5,0.8382
MAC001736,9.0,0.9334
MAC001736,9.5,0.9828
MAC001736,10.0,1.0278
MAC001736,10.5,1.1095
MAC001736,11.0,1.122
MAC001736,11.5,1.1365
MAC001736,12.0,1.1546
MAC001736,12.5,1.1765
MAC001736,13.0,1.166
MAC001736,13.5,1.108
MAC001736,14.0,1.0637
MAC001736,14.5,1.0441
MAC001736,15.0,1.1181
MAC001736,15.5,1.195
MAC001736,16.0,1.4279
MAC001736,16.5,1.5627
MAC001736,17.0,1.6412
MAC001736,17.5,1.6322
MAC001736,18.0,1.4284
MAC001736,18.5,1.2682
MAC001736,19.0,1.2571
MAC001736,19.5,1.2833
MAC001736,20.0,1.2529
MAC001736,20.5,1.2329
MAC001736,21.0,1.1255
MAC001736,21.5,0.9986
MAC001736,22.0,0.8905
MAC001736,22.5,0.8208
MAC001736,23.0,0.7399
MAC001736,23.5,0.6182
MAC001741,0.0,0.3602
MAC001741,0.5,0.3371
MAC001741,1.0,0.3192
MAC001741,1.5,0.2795
MAC001741,2.0,0.24
MAC001741,2.5,0.2072
MAC001741,3.0,0.1814
MAC001741,3.5,0.1668
MAC001741,4.0,0.1549
MAC001741,4.5,0.1504
MAC001741,5.0,0.1532
MAC001741,5.5,0.1489
MAC001741,6.0,0.153
MAC001741,6.5,0.1501
MAC001741,7.0,0.1476
MAC001741,7.5,0.152
MAC001741,8.0,0.1473
MAC001741,8.5,0.1505
MAC001741,9.0,0.1546
MAC001741,9.5,0.1525
MAC001741,10.0,0.1579
MAC001741,10.5,0.1648
MAC001741,11.0,0.1689
MAC001741,11.5,0.1838
MAC001741,12.0,0.1933
MAC001741,12.5,0.1915
MAC001741,13.0,0.2033
MAC001741,13.5,0.2056
MAC001741,14.0,0.2001
MAC001741,14.5,0.1972
MAC001741,15.0,0.2033
MAC001741,15.5,0.2032
MAC001741,16.0,0.2113
MAC001741,16.5,0.2173
MAC001741,17.0,0.2351
MAC001741,17.5,0.2324
MAC001741,18.0,0.2584
MAC001741,18.5,0.2733
MAC001741,19.0,0.2882
MAC001741,19.5,0.3061
MAC001741,20.0,0.3277
MAC001741,20.5,0.3301
MAC001741,21.0,0.3559
MAC001741,21.5,0.371
MAC001741,22.0,0.3846
MAC001741,22.5,0.3892
MAC001741,23.0,0.3971
MAC001741,23.5,0.3824
MAC001759,0.0,0.1528
MAC001759,0.5,0.1495
MAC001759,1.0,0.1413
MAC001759,1.5,0.1415
MAC001759,2.0,0.1326
MAC001759,2.5,0.1368
MAC001759,3.0,0.1319
MAC001759,3.5,0.1365
MAC001759,4.0,0.1538
MAC001759,4.5,0.1511
MAC001759,5.0,0.1605
MAC001759,5.5,0.1399
MAC001759,6.0,0.156
MAC001759,6.5,0.1679
MAC001759,7.0,0.1792
MAC001759,7.5,0.1843
MAC001759,8.0,0.1872
MAC001759,8.5,0.1975
MAC001759,9.0,0.1858
MAC001759,9.5,0.2066
MAC001759,10.0,0.2191
MAC001759,10.5,0.2331
MAC001759,11.0,0.236
MAC001759,11.5,0.2429
MAC001759,12.0,0.2457
MAC001759,12.5,0.207
MAC001759,13.0,0.2057
MAC001759,13.5,0.2013
MAC001759,14.0,0.2071
MAC001759,14.5,0.2102
MAC001759,15.0,0.1937
MAC001759,15.5,0.1995
MAC001759,16.0,0.1936
MAC001759,16.5,0.1995
MAC001759,17.0,0.2088
MAC001759,17.5,0.2159
MAC001759,18.0,0.2547
MAC001759,18.5,0.2371
MAC001759,19.0,0.2355
MAC001759,19.5,0.2303
MAC001759,20.0,0.2136
MAC001759,20.5,0.1968
MAC001759,21.0,0.1857
MAC001759,21.5,0.1882
MAC001759,22.0,0.1891
MAC001759,22.5,0.1843
MAC001759,23.0,0.1747
MAC001759,23.5,0.169
MAC001760,0.0,0.3238
MAC001760,0.5,0.2961
MAC001760,1.0,0.2675
MAC001760,1.5,0.2558
MAC001760,2.0,0.2484
MAC001760,2.5,0.2436
MAC001760,3.0,0.2426
MAC001760,3.5,0.2434
MAC001760,4.0,0.2533
MAC001760,4.5,0.2774
MAC001760,5.0,0.377
MAC001760,5.5,0.6547
MAC001760,6.0,0.7992
MAC001760,6.5,0.8434
MAC001760,7.0,0.8365
MAC001760,7.5,0.7088
MAC001760,8.0,0.5876
MAC001760,8.5,0.5536
MAC001760,9.0,0.4991
MAC001760,9.5,0.4523
MAC001760,10.0,0.465
MAC001760,10.5,0.4722
MAC001760,11.0,0.4874
MAC001760,11.5,0.4634
MAC001760,12.0,0.4529
MAC001760,12.5,0.4518
MAC001760,13.0,0.457
MAC001760,13.5,0.438
MAC001760,14.0,0.4314
MAC001760,14.5,0.4358
MAC001760,15.0,0.4274
MAC001760,15.5,0.4288
MAC001760,16.0,0.5067
MAC001760,16.5,0.5821
MAC001760,17.0,0.6893
MAC001760,17.5,0.8532
MAC001760,18.0,0.9011
MAC001760,18.5,0.9463
MAC001760,19.0,0.9716
MAC001760,19.5,0.9895
MAC001760,20.0,0.9363
MAC001760,20.5,0.859
MAC001760,21.0,0.7429
MAC001760,21.5,0.6679
MAC001760,22.0,0.5774
MAC001760,22.5,0.4758
MAC001760,23.0,0.4152
MAC001760,23.5,0.361
MAC001765,0.0,0.6621
MAC001765,0.5,0.6482
MAC001765,1.0,0.5984
MAC001765,1.5,0.57
MAC001765,2.0,0.5523
MAC001765,2.5,0.528
MAC001765,3.0,0.5007
MAC001765,3.5,0.476
MAC001765,4.0,0.468
MAC001765,4.5,0.4616
MAC001765,5.0,0.463
MAC001765,5.5,0.5058
MAC001765,6.0,0.6089
MAC001765,6.5,0.6222
MAC001765,7.0,0.612
MAC001765,7.5,0.5525
MAC001765,8.0,0.493
MAC001765,8.5,0.4908
MAC001765,9.0,0.4697
MAC001765,9.5,0.5058
MAC001765,10.0,0.5132
MAC001765,10.5,0.5337
MAC001765,11.0,0.5519
MAC001765,11.5,0.5582
MAC001765,12.0,0.6081
MAC001765,12.5,0.6126
MAC001765,13.0,0.6354
MAC001765,13.5,0.6352
MAC001765,14.0,0.6324
MAC001765,14.5,0.643
MAC001765,15.0,0.6349
MAC001765,15.5,0.6717
MAC001765,16.0,0.727
MAC001765,16.5,0.7545
MAC001765,17.0,0.7818
MAC001765,17.5,0.829
MAC001765,18.0,0.8595
MAC001765,18.5,0.8697
MAC001765,19.0,0.8856
MAC001765,19.5,0.909
MAC001765,20.0,0.8694
MAC001765,20.5,0.8641
MAC001765,21.0,0.8489
MAC001765,21.5,0.8119
MAC001765,22.0,0.7498
MAC001765,22.5,0.7249
MAC001765,23.0,0.6988
MAC001765,23.5,0.6753
MAC001767,0.0,0.1505
MAC001767,0.5,0.1276
MAC001767,1.0,0.109
MAC001767,1.5,0.1068
MAC001767,2.0,0.1019
MAC001767,2.5,0.0914
MAC001767,3.0,0.0967
MAC001767,3.5,0.0986
MAC001767,4.0,0.0976
MAC001767,4.5,0.1016
MAC001767,5.0,0.1425
MAC001767,5.5,0.1588
MAC001767,6.0,0.1583
MAC001767,6.5,0.1668
MAC001767,7.0,0.1637
MAC001767,7.5,0.1438
MAC001767,8.0,0.1261
MAC001767,8.5,0.1536
MAC001767,9.0,0.1293
MAC001767,9.5,0.1255
MAC001767,10.0,0.1201
MAC001767,10.5,0.1362
MAC001767,11.0,0.1368
MAC001767,11.5,0.1474
MAC001767,12.0,0.1439
MAC001767,12.5,0.1324
MAC001767,13.0,0.1226
MAC001767,13.5,0.1416
MAC001767,14.0,0.1452
MAC001767,14.5,0.1364
MAC001767,15.0,0.1437
MAC001767,15.5,0.162
MAC001767,16.0,0.1864
MAC001767,16.5,0.2079
MAC001767,17.0,0.2127
MAC001767,17.5,0.2396
MAC001767,18.0,0.276
MAC001767,18.5,0.2964
MAC001767,19.0,0.2508
MAC001767,19.5,0.2649
MAC001767,20.0,0.2673
MAC001767,20.5,0.2624
MAC001767,21.0,0.2734
MAC001767,21.5,0.2564
MAC001767,22.0,0.2392
MAC001767,22.5,0.2425
MAC001767,23.0,0.1985
MAC001767,23.5,0.1686
MAC001784,0.0,0.5748
MAC001784,0.5,0.5621
MAC001784,1.0,0.5193
MAC001784,1.5,0.454
MAC001784,2.0,0.3846
MAC001784,2.5,0.333
MAC001784,3.0,0.3095
MAC001784,3.5,0.2747
MAC001784,4.0,0.2403
MAC001784,4.5,0.2423
MAC001784,5.0,0.2318
MAC001784,5.5,0.2338
MAC001784,6.0,0.2326
MAC001784,6.5,0.2262
MAC001784,7.0,0.2259
MAC001784,7.5,0.2348
MAC001784,8.0,0.2615
MAC001784,8.5,0.2864
MAC001784,9.0,0.2806
MAC001784,9.5,0.2836
MAC001784,10.0,0.3129
MAC001784,10.5,0.3371
MAC001784,11.0,0.3235
MAC001784,11.5,0.3504
MAC001784,12.0,0.3423
MAC001784,12.5,0.3695
MAC001784,13.0,0.3791
MAC001784,13.5,0.4064
MAC001784,14.0,0.397
MAC001784,14.5,0.3901
MAC001784,15.0,0.4191
MAC001784,15.5,0.4235
MAC001784,16.0,0.4197
MAC001784,16.5,0.4058
MAC001784,17.0,0.4164
MAC001784,17.5,0.4684
MAC001784,18.0,0.4868
MAC001784,18.5,0.4941
MAC001784,19.0,0.4922
MAC001784,19.5,0.5149
MAC001784,20.0,0.5442
MAC001784,20.5,0.5688
MAC001784,21.0,0.5837
MAC001784,21.5,0.6069
MAC001784,22.0,0.5957
MAC001784,22.5,0.607
MAC001784,23.0,0.6065
MAC001784,23.5,0.5969
MAC001785,0.0,0.2187
MAC001785,0.5,0.1691
MAC001785,1.0,0.1584
MAC001785,1.5,0.1531
MAC001785,2.0,0.1428
MAC001785,2.5,0.1426
MAC001785,3.0,0.1346
MAC001785,3.5,0.1239
MAC001785,4.0,0.1243
MAC001785,4.5,0.1287
MAC001785,5.0,0.1292
MAC001785,5.5,0.1692
MAC001785,6.0,0.1632
MAC001785,6.5,0.2466
MAC001785,7.0,0.2792
MAC001785,7.5,0.3405
MAC001785,8.0,0.3638
MAC001785,8.5,0.3849
MAC001785,9.0,0.3577
MAC001785,9.5,0.369
MAC001785,10.0,0.3799
MAC001785,10.5,0.3813
MAC001785,11.0,0.3995
MAC001785,11.5,0.373
MAC001785,12.0,0.3646
MAC001785,12.5,0.3625
MAC001785,13.0,0.368
MAC001785,13.5,0.3926
MAC001785,14.0,0.3952
MAC001785,14.5,0.416
MAC001785,15.0,0.4414
MAC001785,15.5,0.4481
MAC001785,16.0,0.5007
MAC001785,16.5,0.502
MAC001785,17.0,0.4932
MAC001785,17.5,0.4813
MAC001785,18.0,0.4967
MAC001785,18.5,0.4583
MAC001785,19.0,0.4397
MAC001785,19.5,0.4164
MAC001785,20.0,0.404
MAC001785,20.5,0.3951
MAC001785,21.0,0.3603
MAC001785,21.5,0.3185
MAC001785,22.0,0.2677
MAC001785,22.5,0.2129
MAC001785,23.0,0.1962
MAC001785,23.5,0.1864
MAC001819,0.0,0.1887
MAC001819,0.5,0.1504
MAC001819,1.0,0.1508
MAC001819,1.5,0.1306
MAC001819,2.0,0.1281
MAC001819,2.5,0.126
MAC001819,3.0,0.1264
MAC001819,3.5,0.1306
MAC001819,4.0,0.1293
MAC001819,4.5,0.1312
MAC001819,5.0,0.1555
MAC001819,5.5,0.226
MAC001819,6.0,0.2931
MAC001819,6.5,0.3253
MAC001819,7.0,0.3629
MAC001819,7.5,0.4546
MAC001819,8.0,0.4293
MAC001819,8.5,0.4235
MAC001819,9.0,0.4258
MAC001819,9.5,0.4261
MAC001819,10.0,0.4069
MAC001819,10.5,0.4064
MAC001819,11.0,0.3945
MAC001819,11.5,0.3534
MAC001819,12.0,0.3178
MAC001819,12.5,0.2968
MAC001819,13.0,0.3162
MAC001819,13.5,0.2831
MAC001819,14.0,0.287
MAC001819,14.5,0.3048
MAC001819,15.0,0.2967
MAC001819,15.5,0.3303
MAC001819,16.0,0.4227
MAC001819,16.5,0.4789
MAC001819,17.0,0.592
MAC001819,17.5,0.6397
MAC001819,18.0,0.7273
MAC001819,18.5,0.8098
MAC001819,19.0,0.9293
MAC001819,19.5,0.9339
MAC001819,20.0,1.0709
MAC001819,20.5,1.019
MAC001819,21.0,0.9798
MAC001819,21.5,0.828
MAC001819,22.0,0.6583
MAC001819,22.5,0.4851
MAC001819,23.0,0.3175
MAC001819,23.5,0.2385
MAC001825,0.0,0.1522
MAC001825,0.5,0.1417
MAC001825,1.0,0.1455
MAC001825,1.5,0.1416
MAC001825,2.0,0.1492
MAC001825,2.5,0.1454
MAC001825,3.0,0.1483
MAC001825,3.5,0.149
MAC001825,4.0,0.1485
MAC001825,4.5,0.1499
MAC001825,5.0,0.1507
MAC001825,5.5,0.1563
MAC001825,6.0,0.1633
MAC001825,6.5,0.1903
MAC001825,7.0,0.2059
MAC001825,7.5,0.2059
MAC001825,8.0,0.2594
MAC001825,8.5,0.251
MAC001825,9.0,0.2646
MAC001825,9.5,0.2748
MAC001825,10.0,0.2697
MAC001825,10.5,0.2301
MAC001825,11.0,0.2313
MAC001825,11.5,0.2273
MAC001825,12.0,0.2369
MAC001825,12.5,0.2405
MAC001825,13.0,0.2349
MAC001825,13.5,0.2291
MAC001825,14.0,0.2098
MAC001825,14.5,0.2301
MAC001825,15.0,0.2352
MAC001825,15.5,0.2446
MAC001825,16.0,0.2645
MAC001825,16.5,0.3524
MAC001825,17.0,0.5693
MAC001825,17.5,0.7407
MAC001825,18.0,0.8491
MAC001825,18.5,0.6987
MAC001825,19.0,0.5193
MAC001825,19.5,0.4192
MAC001825,20.0,0.3928
MAC001825,20.5,0.4132
MAC001825,21.0,0.4238
MAC001825,21.5,0.4632
MAC001825,22.0,0.357
MAC001825,22.5,0.3654
MAC001825,23.0,0.2296
MAC001825,23.5,0.1622
MAC001834,0.0,0.1619
MAC001834,0.5,0.1574
MAC001834,1.0,0.1597
MAC001834,1.5,0.156
MAC001834,2.0,0.1543
MAC001834,2.5,0.1559
MAC001834,3.0,0.154
MAC001834,3.5,0.1542
MAC001834,4.0,0.1549
MAC001834,4.5,0.1586
MAC001834,5.0,0.1662
MAC001834,5.5,0.1831
MAC001834,6.0,0.296
MAC001834,6.5,0.2995
MAC001834,7.0,0.416
MAC001834,7.5,0.5327
MAC001834,8.0,0.5728
MAC001834,8.5,0.6147
MAC001834,9.0,0.619
MAC001834,9.5,0.5666
MAC001834,10.0,0.5724
MAC001834,10.5,0.5558
MAC001834,11.0,0.5342
MAC001834,11.5,0.5046
MAC001834,12.0,0.4608
MAC001834,12.5,0.4361
MAC001834,13.0,0.4421
MAC001834,13.5,0.4268
MAC001834,14.0,0.4078
MAC001834,14.5,0.4928
MAC001834,15.0,0.4598
MAC001834,15.5,0.5334
MAC001834,16.0,0.5359
MAC001834,16.5,0.5583
MAC001834,17.0,0.6113
MAC001834,17.5,0.5805
MAC001834,18.0,0.5658
MAC001834,18.5,0.5846
MAC001834,19.0,0.5122
MAC001834,19.5,0.5558
MAC001834,20.0,0.5311
MAC001834,20.5,0.5046
MAC001834,21.0,0.4818
MAC001834,21.5,0.4165
MAC001834,22.0,0.3381
MAC001834,22.5,0.2653
MAC001834,23.0,0.1978
MAC001834,23.5,0.1734
MAC001837,0.0,0.1614
MAC001837,0.5,0.1232
MAC001837,1.0,0.1086
MAC001837,1.5,0.1007
MAC001837,2.0,0.1022
MAC001837,2.5,0.0961
MAC001837,3.0,0.0971
MAC001837,3.5,0.0973
MAC001837,4.0,0.0996
MAC001837,4.5,0.1025
MAC001837,5.0,0.1231
MAC001837,5.5,0.1447
MAC001837,6.0,0.1984
MAC001837,6.5,0.2675
MAC001837,7.0,0.3526
MAC001837,7.5,0.4415
MAC001837,8.0,0.4475
MAC001837,8.5,0.4152
MAC001837,9.0,0.3835
MAC001837,9.5,0.3761
MAC001837,10.0,0.3674
MAC001837,10.5,0.3348
MAC001837,11.0,0.3114
MAC001837,11.5,0.2855
MAC001837,12.0,0.2754
MAC001837,12.5,0.269
MAC001837,13.0,0.2496
MAC001837,13.5,0.2586
MAC001837,14.0,0.2418
MAC001837,14.5,0.2318
MAC001837,15.0,0.2459
MAC001837,15.5,0.2709
MAC001837,16.0,0.3186
MAC001837,16.5,0.3927
MAC001837,17.0,0.534
MAC001837,17.5,0.6
MAC001837,18.0,0.6789
MAC001837,18.5,0.6955
MAC001837,19.0,0.7204
MAC001837,19.5,0.7575
MAC001837,20.0,0.798
MAC001837,20.5,0.7383
MAC001837,21.0,0.7288
MAC001837,21.5,0.6437
MAC001837,22.0,0.5459
MAC001837,22.5,0.44
MAC001837,23.0,0.3232
MAC001837,23.5,0.2342
MAC001853,0.0,0.3403
MAC001853,0.5,0.3585
MAC001853,1.0,0.345
MAC001853,1.5,0.351
MAC001853,2.0,0.3334
MAC001853,2.5,0.319
MAC001853,3.0,0.3402
MAC001853,3.5,0.3249
MAC001853,4.0,0.3545
MAC001853,4.5,0.3514
MAC001853,5.0,0.355
MAC001853,5.5,0.366
MAC001853,6.0,0.4972
MAC001853,6.5,0.6865
MAC001853,7.0,0.92
MAC001853,7.5,1.1075
MAC001853,8.0,1.1361
MAC001853,8.5,1.1234
MAC001853,9.0,1.1396
MAC001853,9.5,1.0138
MAC001853,10.0,0.8973
MAC001853,10.5,0.7241
MAC001853,11.0,0.7307
MAC001853,11.5,0.7588
MAC001853,12.0,0.8247
MAC001853,12.5,0.8165
MAC001853,13.0,0.7417
MAC001853,13.5,0.6875
MAC001853,14.0,0.6908
MAC001853,14.5,0.6997
MAC001853,15.0,0.7476
MAC001853,15.5,0.7666
MAC001853,16.0,0.809
MAC001853,16.5,0.9653
MAC001853,17.0,1.2285
MAC001853,17.5,1.3472
MAC001853,18.0,1.1526
MAC001853,18.5,1.0124
MAC001853,19.0,0.8889
MAC001853,19.5,0.8262
MAC001853,20.0,0.8345
MAC001853,20.5,0.8053
MAC001853,21.0,0.8723
MAC001853,21.5,0.9066
MAC001853,22.0,0.7812
MAC001853,22.5,0.6345
MAC001853,23.0,0.4897
MAC001853,23.5,0.3797
MAC001856,0.0,0.2866
MAC001856,0.5,0.2352
MAC001856,1.0,0.208
MAC001856,1.5,0.1922
MAC001856,2.0,0.1911
MAC001856,2.5,0.1885
MAC001856,3.0,0.1917
MAC001856,3.5,0.1894
MAC001856,4.0,0.1854
MAC001856,4.5,0.1939
MAC001856,5.0,0.287
MAC001856,5.5,0.3303
MAC001856,6.0,0.2554
MAC001856,6.5,0.2704
MAC001856,7.0,0.3164
MAC001856,7.5,0.2806
MAC001856,8.0,0.2834
MAC001856,8.5,0.3176
MAC001856,9.0,0.3548
MAC001856,9.5,0.3599
MAC001856,10.0,0.3773
MAC001856,10.5,0.3881
MAC001856,11.0,0.4099
MAC001856,11.5,0.4266
MAC001856,12.0,0.3884
MAC001856,12.5,0.3941
MAC001856,13.0,0.4533
MAC001856,13.5,0.4228
MAC001856,14.0,0.4217
MAC001856,14.5,0.4212
MAC001856,15.0,0.4266
MAC001856,15.5,0.427
MAC001856,16.0,0.4097
MAC001856,16.5,0.4182
MAC001856,17.0,0.4221
MAC001856,17.5,0.4649
MAC001856,18.0,0.5188
MAC001856,18.5,0.5674
MAC001856,19.0,0.6198
MAC001856,19.5,0.6213
MAC001856,20.0,0.6062
MAC001856,20.5,0.62
MAC001856,21.0,0.6284
MAC001856,21.5,0.7122
MAC001856,22.0,0.6062
MAC001856,22.5,0.5098
MAC001856,23.0,0.4338
MAC001856,23.5,0.3471
MAC001857,0.0,0.4484
MAC001857,0.5,0.4209
MAC001857,1.0,0.3873
MAC001857,1.5,0.3866
MAC001857,2.0,0.3662
MAC001857,2.5,0.3635
MAC001857,3.0,0.3592
MAC001857,3.5,0.3534
MAC001857,4.0,0.3587
MAC001857,4.5,0.3529
MAC001857,5.0,0.3509
MAC001857,5.5,0.3542
MAC001857,6.0,0.362
MAC001857,6.5,0.3666
MAC001857,7.0,0.3852
MAC001857,7.5,0.3883
MAC001857,8.0,0.4127
MAC001857,8.5,0.4166
MAC001857,9.0,0.4792
MAC001857,9.5,0.467
MAC001857,10.0,0.4889
MAC001857,10.5,0.4983
MAC001857,11.0,0.5115
MAC001857,11.5,0.5198
MAC001857,12.0,0.5754
MAC001857,12.5,0.559
MAC001857,13.0,0.621
MAC001857,13.5,0.5958
MAC001857,14.0,0.5995
MAC001857,14.5,0.5908
MAC001857,15.0,0.5935
MAC001857,15.5,0.5762
MAC001857,16.0,0.6364
MAC001857,16.5,0.644
MAC001857,17.0,0.6951
MAC001857,17.5,0.7561
MAC001857,18.0,0.7669
MAC001857,18.5,0.831
MAC001857,19.0,0.8462
MAC001857,19.5,0.8049
MAC001857,20.0,0.8259
MAC001857,20.5,0.793
MAC001857,21.0,0.8041
MAC001857,21.5,0.7556
MAC001857,22.0,0.7016
MAC001857,22.5,0.6432
MAC001857,23.0,0.5735
MAC001857,23.5,0.5268
MAC001858,0.0,0.4121
MAC001858,0.5,0.3512
MAC001858,1.0,0.295
MAC001858,1.5,0.2532
MAC001858,2.0,0.2321
MAC001858,2.5,0.2185
MAC001858,3.0,0.2211
MAC001858,3.5,0.2148
MAC001858,4.0,0.2304
MAC001858,4.5,0.2215
MAC001858,5.0,0.2156
MAC001858,5.5,0.2205
MAC001858,6.0,0.219
MAC001858,6.5,0.2353
MAC001858,7.0,0.258
MAC001858,7.5,0.3494
MAC001858,8.0,0.3435
MAC001858,8.5,0.4185
MAC001858,9.0,0.414
MAC001858,9.5,0.4158
MAC001858,10.0,0.5207
MAC001858,10.5,0.5313
MAC001858,11.0,0.5327
MAC001858,11.5,0.5769
MAC001858,12.0,0.522
MAC001858,12.5,0.5461
MAC001858,13.0,0.5004
MAC001858,13.5,0.4513
MAC001858,14.0,0.4925
MAC001858,14.5,0.5206
MAC001858,15.0,0.5589
MAC001858,15.5,0.591
MAC001858,16.0,0.5849
MAC001858,16.5,0.5498
MAC001858,17.0,0.5496
MAC001858,17.5,0.5383
MAC001858,18.0,0.5265
MAC001858,18.5,0.5334
MAC001858,19.0,0.5529
MAC001858,19.5,0.5376
MAC001858,20.0,0.5333
MAC001858,20.5,0.5048
MAC001858,21.0,0.4646
MAC001858,21.5,0.4817
MAC001858,22.0,0.4941
MAC001858,22.5,0.5118
MAC001858,23.0,0.5298
MAC001858,23.5,0.4924
MAC001866,0.0,0.2558
MAC001866,0.5,0.238
MAC001866,1.0,0.2286
MAC001866,1.5,0.2274
MAC001866,2.0,0.2278
MAC001866,2.5,0.2268
MAC001866,3.0,0.2232
MAC001866,3.5,0.2274
MAC001866,4.0,0.2327
MAC001866,4.5,0.2418
MAC001866,5.0,0.2916
MAC001866,5.5,0.3633
MAC001866,6.0,0.4379
MAC001866,6.5,0.4546
MAC001866,7.0,0.4581
MAC001866,7.5,0.4858
MAC001866,8.0,0.4772
MAC001866,8.5,0.3984
MAC001866,9.0,0.3887
MAC001866,9.5,0.3593
MAC001866,10.0,0.3468
MAC001866,10.5,0.328
MAC001866,11.0,0.3331
MAC001866,11.5,0.3187
MAC001866,12.0,0.311
MAC001866,12.5,0.2969
MAC001866,13.0,0.3235
MAC001866,13.5,0.3824
MAC001866,14.0,0.453
MAC001866,14.5,0.5289
MAC001866,15.0,0.6006
MAC001866,15.5,0.6816
MAC001866,16.0,0.7493
MAC001866,16.5,0.808
MAC001866,17.0,0.8416
MAC001866,17.5,0.8864
MAC001866,18.0,0.91
MAC001866,18.5,0.9268
MAC001866,19.0,0.9482
MAC001866,19.5,0.9656
MAC001866,20.0,0.9551
MAC001866,20.5,0.9234
MAC001866,21.0,0.8942
MAC001866,21.5,0.8051
MAC001866,22.0,0.6657
MAC001866,22.5,0.4885
MAC001866,23.0,0.3491
MAC001866,23.5,0.2825
MAC001878,0.0,0.8857
MAC001878,0.5,0.7671
MAC001878,1.0,0.6896
MAC001878,1.5,0.6038
MAC001878,2.0,0.5461
MAC001878,2.5,0.5077
MAC001878,3.0,0.465
MAC001878,3.5,0.4509
MAC001878,4.0,0.4765
MAC001878,4.5,0.526
MAC001878,5.0,0.5764
MAC001878,5.5,0.5923
MAC001878,6.0,0.6517
MAC001878,6.5,0.7123
MAC001878,7.0,0.7867
MAC001878,7.5,0.8388
MAC001878,8.0,0.8809
MAC001878,8.5,0.9146
MAC001878,9.0,0.8096
MAC001878,9.5,0.8111
MAC001878,10.0,0.8261
MAC001878,10.5,0.8416
MAC001878,11.0,0.8414
MAC001878,11.5,0.8578
MAC001878,12.0,0.9046
MAC001878,12.5,0.9413
MAC001878,13.0,0.9927
MAC001878,13.5,1.0702
MAC001878,14.0,1.0967
MAC001878,14.5,1.1064
MAC001878,15.0,1.1407
MAC001878,15.5,1.1332
MAC001878,16.0,1.2456
MAC001878,16.5,1.3312
MAC001878,17.0,1.3868
MAC001878,17.5,1.3895
MAC001878,18.0,1.4255
MAC001878,18.5,1.4377
MAC001878,19.0,1.4551
MAC001878,19.5,1.4522
MAC001878,20.0,1.4298
MAC001878,20.5,1.4346
MAC001878,21.0,1.4406
MAC001878,21.5,1.4137
MAC001878,22.0,1.3477
MAC001878,22.5,1.2466
MAC001878,23.0,1.1291
MAC001878,23.5,0.9933
MAC001897,0.0,0.0843
MAC001897,0.5,0.079
MAC001897,1.0,0.0821
MAC001897,1.5,0.0766
MAC001897,2.0,0.0745
MAC001897,2.5,0.0787
MAC001897,3.0,0.0771
MAC001897,3.5,0.0781
MAC001897,4.0,0.0951
MAC001897,4.5,0.1019
MAC001897,5.0,0.1436
MAC001897,5.5,0.2846
MAC001897,6.0,0.2783
MAC001897,6.5,0.3246
MAC001897,7.0,0.448
MAC001897,7.5,0.3923
MAC001897,8.0,0.3209
MAC001897,8.5,0.4022
MAC001897,9.0,0.3696
MAC001897,9.5,0.3815
MAC001897,10.0,0.4354
MAC001897,10.5,0.4701
MAC001897,11.0,0.4307
MAC001897,11.5,0.4335
MAC001897,12.0,0.4555
MAC001897,12.5,0.4763
MAC001897,13.0,0.4646
MAC001897,13.5,0.4476
MAC001897,14.0,0.44
MAC001897,14.5,0.4992
MAC001897,15.0,0.5329
MAC001897,15.5,0.535
MAC001897,16.0,0.5517
MAC001897,16.5,0.566
MAC001897,17.0,0.5542
MAC001897,17.5,0.5848
MAC001897,18.0,0.5501
MAC001897,18.5,0.5219
MAC001897,19.0,0.4395
MAC001897,19.5,0.3995
MAC001897,20.0,0.3749
MAC001897,20.5,0.3216
MAC001897,21.0,0.3093
MAC001897,21.5,0.2349
MAC001897,22.0,0.1881
MAC001897,22.5,0.1249
MAC001897,23.0,0.094
MAC001897,23.5,0.0868
MAC001898,0.0,0.0507
MAC001898,0.5,0.0514
MAC001898,1.0,0.0488
MAC001898,1.5,0.0515
MAC001898,2.0,0.0527
MAC001898,2.5,0.0474
MAC001898,3.0,0.0504
MAC001898,3.5,0.0506
MAC001898,4.0,0.0492
MAC001898,4.5,0.0484
MAC001898,5.0,0.0475
MAC001898,5.5,0.0466
MAC001898,6.0,0.0467
MAC001898,6.5,0.0455
MAC001898,7.0,0.048
MAC001898,7.5,0.0444
MAC001898,8.0,0.0399
MAC001898,8.5,0.0425
MAC001898,9.0,0.0464
MAC001898,9.5,0.0407
MAC001898,10.0,0.0416
MAC001898,10.5,0.045
MAC001898,11.0,0.0462
MAC001898,11.5,0.0444
MAC001898,12.0,0.0446
MAC001898,12.5,0.0434
MAC001898,13.0,0.0432
MAC001898,13.5,0.0413
MAC001898,14.0,0.0419
MAC001898,14.5,0.0456
MAC001898,15.0,0.0456
MAC001898,15.5,0.0437
MAC001898,16.0,0.0446
MAC001898,16.5,0.0445
MAC001898,17.0,0.0487
MAC001898,17.5,0.0594
MAC001898,18.0,0.0585
MAC001898,18.5,0.0549
MAC001898,19.0,0.057
MAC001898,19.5,0.0563
MAC001898,20.0,0.0542
MAC001898,20.5,0.0549
MAC001898,21.0,0.052
MAC001898,21.5,0.0529
MAC001898,22.0,0.0521
MAC001898,22.5,0.0507
MAC001898,23.0,0.0506
MAC001898,23.5,0.0519
MAC001904,0.0,0.2016
MAC001904,0.5,0.1826
MAC001904,1.0,0.1687
MAC001904,1.5,0.1649
MAC001904,2.0,0.16
MAC001904,2.5,0.1534
MAC001904,3.0,0.1575
MAC001904,3.5,0.1511
MAC001904,4.0,0.1615
MAC001904,4.5,0.1804
MAC001904,5.0,0.1669
MAC001904,5.5,0.1711
MAC001904,6.0,0.1789
MAC001904,6.5,0.1903
MAC001904,7.0,0.2286
MAC001904,7.5,0.2414
MAC001904,8.0,0.2976
MAC001904,8.5,0.3861
MAC001904,9.0,0.4491
MAC001904,9.5,0.4595
MAC001904,10.0,0.4346
MAC001904,10.5,0.4246
MAC001904,11.0,0.4118
MAC001904,11.5,0.4248
MAC001904,12.0,0.3965
MAC001904,12.5,0.3926
MAC001904,13.0,0.3709
MAC001904,13.5,0.3473
MAC001904,14.0,0.2929
MAC001904,14.5,0.2902
MAC001904,15.0,0.2787
MAC001904,15.5,0.2831
MAC001904,16.0,0.3049
MAC001904,16.5,0.3561
MAC001904,17.0,0.4575
MAC001904,17.5,0.5642
MAC001904,18.0,0.6548
MAC001904,18.5,0.6313
MAC001904,19.0,0.5588
MAC001904,19.5,0.4521
MAC001904,20.0,0.3889
MAC001904,20.5,0.3464
MAC001904,21.0,0.3063
MAC001904,21.5,0.3082
MAC001904,22.0,0.3022
MAC001904,22.5,0.2775
MAC001904,23.0,0.2534
MAC001904,23.5,0.2263
MAC001905,0.0,0.1849
MAC001905,0.5,0.1444
MAC001905,1.0,0.1253
MAC001905,1.5,0.1136
MAC001905,2.0,0.1097
MAC001905,2.5,0.1052
MAC001905,3.0,0.1042
MAC001905,3.5,0.1032
MAC001905,4.0,0.1024
MAC001905,4.5,0.1023
MAC001905,5.0,0.1246
MAC001905,5.5,0.1265
MAC001905,6.0,0.1743
MAC001905,6.5,0.1936
MAC001905,7.0,0.2554
MAC001905,7.5,0.2642
MAC001905,8.0,0.1871
MAC001905,8.5,0.1231
MAC001905,9.0,0.1231
MAC001905,9.5,0.1292
MAC001905,10.0,0.1298
MAC001905,10.5,0.1446
MAC001905,11.0,0.1636
MAC001905,11.5,0.1712
MAC001905,12.0,0.1624
MAC001905,12.5,0.1657
MAC001905,13.0,0.1529
MAC001905,13.5,0.1517
MAC001905,14.0,0.158
MAC001905,14.5,0.1566
MAC001905,15.0,0.1608
MAC001905,15.5,0.1887
MAC001905,16.0,0.1843
MAC001905,16.5,0.2063
MAC001905,17.0,0.229
MAC001905,17.5,0.3036
MAC001905,18.0,0.4076
MAC001905,18.5,0.5026
MAC001905,19.0,0.5347
MAC001905,19.5,0.484
MAC001905,20.0,0.4155
MAC001905,20.5,0.3819
MAC001905,21.0,0.3492
MAC001905,21.5,0.3329
MAC001905,22.0,0.3244
MAC001905,22.5,0.3197
MAC001905,23.0,0.2814
MAC001905,23.5,0.2424
MAC001945,0.0,0.0479
MAC001945,0.5,0.0439
MAC001945,1.0,0.0422
MAC001945,1.5,0.0462
MAC001945,2.0,0.0457
MAC001945,2.5,0.0446
MAC001945,3.0,0.0422
MAC001945,3.5,0.0436
MAC001945,4.0,0.0429
MAC001945,4.5,0.0449
MAC001945,5.0,0.0445
MAC001945,5.5,0.0436
MAC001945,6.0,0.0929
MAC001945,6.5,0.1313
MAC001945,7.0,0.133
MAC001945,7.5,0.248
MAC001945,8.0,0.2038
MAC001945,8.5,0.2036
MAC001945,9.0,0.1969
MAC001945,9.5,0.1721
MAC001945,10.0,0.1471
MAC001945,10.5,0.1501
MAC001945,11.0,0.1586
MAC001945,11.5,0.1503
MAC001945,12.0,0.1892
MAC001945,12.5,0.1696
MAC001945,13.0,0.1432
MAC001945,13.5,0.1355
MAC001945,14.0,0.1351
MAC001945,14.5,0.1642
MAC001945,15.0,0.2086
MAC001945,15.5,0.2171
MAC001945,16.0,0.2296
MAC001945,16.5,0.2775
MAC001945,17.0,0.2989
MAC001945,17.5,0.3111
MAC001945,18.0,0.2728
MAC001945,18.5,0.2461
MAC001945,19.0,0.2291
MAC001945,19.5,0.2298
MAC001945,20.0,0.2236
MAC001945,20.5,0.2256
MAC001945,21.0,0.222
MAC001945,21.5,0.149
MAC001945,22.0,0.1551
MAC001945,22.5,0.0876
MAC001945,23.0,0.0638
MAC001945,23.5,0.0535
MAC002015,0.0,0.2927
MAC002015,0.5,0.2217
MAC002015,1.0,0.1699
MAC002015,1.5,0.1346
MAC002015,2.0,0.1112
MAC002015,2.5,0.1015
MAC002015,3.0,0.1033
MAC002015,3.5,0.0928
MAC002015,4.0,0.0927
MAC002015,4.5,0.0888
MAC002015,5.0,0.0929
MAC002015,5.5,0.1357
MAC002015,6.0,0.1263
MAC002015,6.5,0.1719
MAC002015,7.0,0.1961
MAC002015,7.5,0.1977
MAC002015,8.0,0.2108
MAC002015,8.5,0.2595
MAC002015,9.0,0.332
MAC002015,9.5,0.3367
MAC002015,10.0,0.3707
MAC002015,10.5,0.3645
MAC002015,11.0,0.4095
MAC002015,11.5,0.427
MAC002015,12.0,0.405
MAC002015,12.5,0.399
MAC002015,13.0,0.3784
MAC002015,13.5,0.3631
MAC002015,14.0,0.3746
MAC002015,14.5,0.3429
MAC002015,15.0,0.3438
MAC002015,15.5,0.3764
MAC002015,16.0,0.3841
MAC002015,16.5,0.4232
MAC002015,17.0,0.4653
MAC002015,17.5,0.4913
MAC002015,18.0,0.5486
MAC002015,18.5,0.5354
MAC002015,19.0,0.5494
MAC002015,19.5,0.5397
MAC002015,20.0,0.5579
MAC002015,20.5,0.5755
MAC002015,21.0,0.5841
MAC002015,21.5,0.536
MAC002015,22.0,0.5296
MAC002015,22.5,0.4875
MAC002015,23.0,0.4495
MAC002015,23.5,0.3762
MAC002022,0.0,0.1227
MAC002022,0.5,0.113
MAC002022,1.0,0.1114
MAC002022,1.5,0.1176
MAC002022,2.0,0.1302
MAC002022,2.5,0.1262
MAC002022,3.0,0.1275
MAC002022,3.5,0.1531
MAC002022,4.0,0.1542
MAC002022,4.5,0.1458
MAC002022,5.0,0.1374
MAC002022,5.5,0.1284
MAC002022,6.0,0.1481
MAC002022,6.5,0.1607
MAC002022,7.0,0.2013
MAC002022,7.5,0.2256
MAC002022,8.0,0.2429
MAC002022,8.5,0.2514
MAC002022,9.0,0.2461
MAC002022,9.5,0.1997
MAC002022,10.0,0.2016
MAC002022,10.5,0.1836
MAC002022,11.0,0.1982
MAC002022,11.5,0.2017
MAC002022,12.0,0.2341
MAC002022,12.5,0.2516
MAC002022,13.0,0.2575
MAC002022,13.5,0.2893
MAC002022,14.0,0.2594
MAC002022,14.5,0.285
MAC002022,15.0,0.3028
MAC002022,15.5,0.3199
MAC002022,16.0,0.3304
MAC002022,16.5,0.3535
MAC002022,17.0,0.3238
MAC002022,17.5,0.31
MAC002022,18.0,0.3217
MAC002022,18.5,0.3204
MAC002022,19.0,0.3304
MAC002022,19.5,0.3348
MAC002022,20.0,0.3042
MAC002022,20.5,0.2744
MAC002022,21.0,0.2573
MAC002022,21.5,0.2253
MAC002022,22.0,0.1883
MAC002022,22.5,0.1598
MAC002022,23.0,0.1426
MAC002022,23.5,0.1321
MAC002027,0.0,0.3942
MAC002027,0.5,0.2889
MAC002027,1.0,0.2106
MAC002027,1.5,0.1726
MAC002027,2.0,0.1596
MAC002027,2.5,0.1457
MAC002027,3.0,0.1437
MAC002027,3.5,0.1485
MAC002027,4.0,0.1374
MAC002027,4.5,0.1383
MAC002027,5.0,0.138
MAC002027,5.5,0.155
MAC002027,6.0,0.182
MAC002027,6.5,0.1876
MAC002027,7.0,0.3085
MAC002027,7.5,0.2722
MAC002027,8.0,0.4148
MAC002027,8.5,0.3624
MAC002027,9.0,0.4164
MAC002027,9.5,0.4261
MAC002027,10.0,0.4483
MAC002027,10.5,0.5042
MAC002027,11.0,0.6006
MAC002027,11.5,0.6184
MAC002027,12.0,0.6601
MAC002027,12.5,0.6215
MAC002027,13.0,0.5366
MAC002027,13.5,0.4731
MAC002027,14.0,0.4863
MAC002027,14.5,0.4702
MAC002027,15.0,0.5073
MAC002027,15.5,0.5713
MAC002027,16.0,0.6503
MAC002027,16.5,0.7555
MAC002027,17.0,0.9078
MAC002027,17.5,1.0916
MAC002027,18.0,1.2405
MAC002027,18.5,1.2711
MAC002027,19.0,1.1311
MAC002027,19.5,0.9935
MAC002027,20.0,0.861
MAC002027,20.5,0.7929
MAC002027,21.0,0.7307
MAC002027,21.5,0.7159
MAC002027,22.0,0.7139
MAC002027,22.5,0.6826
MAC002027,23.0,0.6132
MAC002027,23.5,0.5213
MAC002029,0.0,0.36
MAC002029,0.5,0.3409
MAC002029,1.0,0.3014
MAC002029,1.5,0.2923
MAC002029,2.0,0.2948
MAC002029,2.5,0.286
MAC002029,3.0,0.2864
MAC002029,3.5,0.2925
MAC002029,4.0,0.2926
MAC002029,4.5,0.2881
MAC002029,5.0,0.2964
MAC002029,5.5,0.3555
MAC002029,6.0,0.3455
MAC002029,6.5,0.4246
MAC002029,7.0,0.5383
MAC002029,7.5,0.4894
MAC002029,8.0,0.615
MAC002029,8.5,0.5842
MAC002029,9.0,0.5877
MAC002029,9.5,0.6549
MAC002029,10.0,0.6044
MAC002029,10.5,0.5901
MAC002029,11.0,0.6099
MAC002029,11.5,0.5746
MAC002029,12.0,0.575
MAC002029,12.5,0.6133
MAC002029,13.0,0.6054
MAC002029,13.5,0.6067
MAC002029,14.0,0.5769
MAC002029,14.5,0.5137
MAC002029,15.0,0.465
MAC002029,15.5,0.4472
MAC002029,16.0,0.4587
MAC002029,16.5,0.4386
MAC002029,17.0,0.4937
MAC002029,17.5,0.5689
MAC002029,18.0,0.703
MAC002029,18.5,0.8925
MAC002029,19.0,1.0152
MAC002029,19.5,1.0867
MAC002029,20.0,0.926
MAC002029,20.5,0.9269
MAC002029,21.0,0.7641
MAC002029,21.5,0.7483
MAC002029,22.0,0.7186
MAC002029,22.5,0.607
MAC002029,23.0,0.5095
MAC002029,23.5,0.4063
MAC002035,0.0,0.522
MAC002035,0.5,0.4543
MAC002035,1.0,0.4103
MAC002035,1.5,0.3705
MAC002035,2.0,0.3608
MAC002035,2.5,0.3537
MAC002035,3.0,0.335
MAC002035,3.5,0.5423
MAC002035,4.0,1.2504
MAC002035,4.5,0.8383
MAC002035,5.0,1.2183
MAC002035,5.5,0.8001
MAC002035,6.0,0.6056
MAC002035,6.5,0.5264
MAC002035,7.0,0.5106
MAC002035,7.5,0.6482
MAC002035,8.0,0.7233
MAC002035,8.5,0.8685
MAC002035,9.0,0.9065
MAC002035,9.5,0.9784
MAC002035,10.0,1.1366
MAC002035,10.5,1.1055
MAC002035,11.0,1.0354
MAC002035,11.5,1.1138
MAC002035,12.0,0.9842
MAC002035,12.5,0.9981
MAC002035,13.0,0.9956
MAC002035,13.5,0.8565
MAC002035,14.0,0.866
MAC002035,14.5,0.8127
MAC002035,15.0,0.7889
MAC002035,15.5,0.8522
MAC002035,16.0,0.8917
MAC002035,16.5,0.9723
MAC002035,17.0,1.0106
MAC002035,17.5,1.055
MAC002035,18.0,1.0647
MAC002035,18.5,1.1103
MAC002035,19.0,1.2507
MAC002035,19.5,1.3236
MAC002035,20.0,1.3605
MAC002035,20.5,1.3135
MAC002035,21.0,1.3384
MAC002035,21.5,1.1115
MAC002035,22.0,1.0964
MAC002035,22.5,0.8632
MAC002035,23.0,0.8101
MAC002035,23.5,0.679
MAC002046,0.0,0.2496
MAC002046,0.5,0.2047
MAC002046,1.0,0.1788
MAC002046,1.5,0.1602
MAC002046,2.0,0.1457
MAC002046,2.5,0.1392
MAC002046,3.0,0.1371
MAC002046,3.5,0.1418
MAC002046,4.0,0.1487
MAC002046,4.5,0.1671
MAC002046,5.0,0.1835
MAC002046,5.5,0.2231
MAC002046,6.0,0.247
MAC002046,6.5,0.319
MAC002046,7.0,0.3634
MAC002046,7.5,0.3624
MAC002046,8.0,0.3471
MAC002046,8.5,0.3277
MAC002046,9.0,0.2861
MAC002046,9.5,0.2549
MAC002046,10.0,0.2551
MAC002046,10.5,0.26
MAC002046,11.0,0.2615
MAC002046,11.5,0.2677
MAC002046,12.0,0.2653
MAC002046,12.5,0.2937
MAC002046,13.0,0.3267
MAC002046,13.5,0.2941
MAC002046,14.0,0.2811
MAC002046,14.5,0.2717
MAC002046,15.0,0.2568
MAC002046,15.5,0.2647
MAC002046,16.0,0.2695
MAC002046,16.5,0.3184
MAC002046,17.0,0.4522
MAC002046,17.5,0.5919
MAC002046,18.0,0.6751
MAC002046,18.5,0.7159
MAC002046,19.0,0.7163
MAC002046,19.5,0.7075
MAC002046,20.0,0.7471
MAC002046,20.5,0.7585
MAC002046,21.0,0.7536
MAC002046,21.5,0.6637
MAC002046,22.0,0.541
MAC002046,22.5,0.4407
MAC002046,23.0,0.3515
MAC002046,23.5,0.2912
MAC002047,0.0,0.2796
MAC002047,0.5,0.2519
MAC002047,1.0,0.2373
MAC002047,1.5,0.2232
MAC002047,2.0,0.2207
MAC002047,2.5,0.2169
MAC002047,3.0,0.2051
MAC002047,3.5,0.1983
MAC002047,4.0,0.1813
MAC002047,4.5,0.1833
MAC002047,5.0,0.198
MAC002047,5.5,0.2055
MAC002047,6.0,0.229
MAC002047,6.5,0.253
MAC002047,7.0,0.247
MAC002047,7.5,0.2874
MAC002047,8.0,0.29
MAC002047,8.5,0.276
MAC002047,9.0,0.2796
MAC002047,9.5,0.2995
MAC002047,10.0,0.2512
MAC002047,10.5,0.2401
MAC002047,11.0,0.2264
MAC002047,11.5,0.2374
MAC002047,12.0,0.2517
MAC002047,12.5,0.2392
MAC002047,13.0,0.2265
MAC002047,13.5,0.2379
MAC002047,14.0,0.2365
MAC002047,14.5,0.2392
MAC002047,15.0,0.2466
MAC002047,15.5,0.2541
MAC002047,16.0,0.2662
MAC002047,16.5,0.2972
MAC002047,17.0,0.3283
MAC002047,17.5,0.3618
MAC002047,18.0,0.3837
MAC002047,18.5,0.4104
MAC002047,19.0,0.3898
MAC002047,19.5,0.4077
MAC002047,20.0,0.4325
MAC002047,20.5,0.4689
MAC002047,21.0,0.4529
MAC002047,21.5,0.4463
MAC002047,22.0,0.4133
MAC002047,22.5,0.3731
MAC002047,23.0,0.3492
MAC002047,23.5,0.3052
MAC002052,0.0,0.0232
MAC002052,0.5,0.0213
MAC002052,1.0,0.0209
MAC002052,1.5,0.0213
MAC002052,2.0,0.0208
MAC002052,2.5,0.0205
MAC002052,3.0,0.02
MAC002052,3.5,0.0494
MAC002052,4.0,0.0533
MAC002052,4.5,0.0776
MAC002052,5.0,0.0867
MAC002052,5.5,0.0954
MAC002052,6.0,0.1706
MAC002052,6.5,0.28
MAC002052,7.0,0.2611
MAC002052,7.5,0.2574
MAC002052,8.0,0.2641
MAC002052,8.5,0.1496
MAC002052,9.0,0.105
MAC002052,9.5,0.0733
MAC002052,10.0,0.0586
MAC002052,10.5,0.0503
MAC002052,11.0,0.0432
MAC002052,11.5,0.0421
MAC002052,12.0,0.0361
MAC002052,12.5,0.0318
MAC002052,13.0,0.0383
MAC002052,13.5,0.0331
MAC002052,14.0,0.046
MAC002052,14.5,0.0556
MAC002052,15.0,0.0928
MAC002052,15.5,0.1321
MAC002052,16.0,0.1742
MAC002052,16.5,0.2014
MAC002052,17.0,0.186
MAC002052,17.5,0.1652
MAC002052,18.0,0.1411
MAC002052,18.5,0.1369
MAC002052,19.0,0.1347
MAC002052,19.5,0.1224
MAC002052,20.0,0.1272
MAC002052,20.5,0.1224
MAC002052,21.0,0.1417
MAC002052,21.5,0.1169
MAC002052,22.0,0.1022
MAC002052,22.5,0.0649
MAC002052,23.0,0.0357
MAC002052,23.5,0.0275
MAC002109,0.0,0.2602
MAC002109,0.5,0.1876
MAC002109,1.0,0.1529
MAC002109,1.5,0.1182
MAC002109,2.0,0.1077
MAC002109,2.5,0.1012
MAC002109,3.0,0.0961
MAC002109,3.5,0.0965
MAC002109,4.0,0.093
MAC002109,4.5,0.0936
MAC002109,5.0,0.0915
MAC002109,5.5,0.0903
MAC002109,6.0,0.0978
MAC002109,6.5,0.1279
MAC002109,7.0,0.2222
MAC002109,7.5,0.2681
MAC002109,8.0,0.3393
MAC002109,8.5,0.3271
MAC002109,9.0,0.2946
MAC002109,9.5,0.2705
MAC002109,10.0,0.2611
MAC002109,10.5,0.2529
MAC002109,11.0,0.2456
MAC002109,11.5,0.2061
MAC002109,12.0,0.2045
MAC002109,12.5,0.2053
MAC002109,13.0,0.1849
MAC002109,13.5,0.2014
MAC002109,14.0,0.1895
MAC002109,14.5,0.2152
MAC002109,15.0,0.2089
MAC002109,15.5,0.2202
MAC002109,16.0,0.269
MAC002109,16.5,0.2793
MAC002109,17.0,0.3138
MAC002109,17.5,0.3715
MAC002109,18.0,0.4703
MAC002109,18.5,0.5504
MAC002109,19.0,0.6116
MAC002109,19.5,0.6744
MAC002109,20.0,0.6651
MAC002109,20.5,0.626
MAC002109,21.0,0.639
MAC002109,21.5,0.6233
MAC002109,22.0,0.5666
MAC002109,22.5,0.5467
MAC002109,23.0,0.4497
MAC002109,23.5,0.3672
MAC002113,0.0,0.1288
MAC002113,0.5,0.1297
MAC002113,1.0,0.1295
MAC002113,1.5,0.1198
MAC002113,2.0,0.1176
MAC002113,2.5,0.1191
MAC002113,3.0,0.1148
MAC002113,3.5,0.1196
MAC002113,4.0,0.1222
MAC002113,4.5,0.1165
MAC002113,5.0,0.1233
MAC002113,5.5,0.1323
MAC002113,6.0,0.1592
MAC002113,6.5,0.1966
MAC002113,7.0,0.2531
MAC002113,7.5,0.2571
MAC002113,8.0,0.2717
MAC002113,8.5,0.2927
MAC002113,9.0,0.3068
MAC002113,9.5,0.2445
MAC002113,10.0,0.2855
MAC002113,10.5,0.2338
MAC002113,11.0,0.2284
MAC002113,11.5,0.2172
MAC002113,12.0,0.1896
MAC002113,12.5,0.1756
MAC002113,13.0,0.1541
MAC002113,13.5,0.1634
MAC002113,14.0,0.1895
MAC002113,14.5,0.2128
MAC002113,15.0,0.2709
MAC002113,15.5,0.3644
MAC002113,16.0,0.4836
MAC002113,16.5,0.5312
MAC002113,17.0,0.5786
MAC002113,17.5,0.5922
MAC002113,18.0,0.493
MAC002113,18.5,0.4415
MAC002113,19.0,0.3679
MAC002113,19.5,0.3482
MAC002113,20.0,0.3212
MAC002113,20.5,0.2715
MAC002113,21.0,0.244
MAC002113,21.5,0.2096
MAC002113,22.0,0.2018
MAC002113,22.5,0.1744
MAC002113,23.0,0.1572
MAC002113,23.5,0.1487
MAC002147,0.0,0.0418
MAC002147,0.5,0.036
MAC002147,1.0,0.0303
MAC002147,1.5,0.0279
MAC002147,2.0,0.0243
MAC002147,2.5,0.0251
MAC002147,3.0,0.0229
MAC002147,3.5,0.0226
MAC002147,4.0,0.0233
MAC002147,4.5,0.0229
MAC002147,5.0,0.0241
MAC002147,5.5,0.0424
MAC002147,6.0,0.1058
MAC002147,6.5,0.108
MAC002147,7.0,0.1573
MAC002147,7.5,0.1443
MAC002147,8.0,0.121
MAC002147,8.5,0.122
MAC002147,9.0,0.0825
MAC002147,9.5,0.0747
MAC002147,10.0,0.0559
MAC002147,10.5,0.0524
MAC002147,11.0,0.0652
MAC002147,11.5,0.0756
MAC002147,12.0,0.0926
MAC002147,12.5,0.0967
MAC002147,13.0,0.093
MAC002147,13.5,0.0839
MAC002147,14.0,0.0883
MAC002147,14.5,0.0704
MAC002147,15.0,0.0646
MAC002147,15.5,0.0682
MAC002147,16.0,0.066
MAC002147,16.5,0.0749
MAC002147,17.0,0.0891
MAC002147,17.5,0.0919
MAC002147,18.0,0.1047
MAC002147,18.5,0.117
MAC002147,19.0,0.1169
MAC002147,19.5,0.1332
MAC002147,20.0,0.1342
MAC002147,20.5,0.1542
MAC002147,21.0,0.1649
MAC002147,21.5,0.1359
MAC002147,22.0,0.1261
MAC002147,22.5,0.0961
MAC002147,23.0,0.0766
MAC002147,23.5,0.0565
MAC002164,0.0,0.3283
MAC002164,0.5,0.2679
MAC002164,1.0,0.2234
MAC002164,1.5,0.2046
MAC002164,2.0,0.1989
MAC002164,2.5,0.1953
MAC002164,3.0,0.1903
MAC002164,3.5,0.1865
MAC002164,4.0,0.1859
MAC002164,4.5,0.1822
MAC002164,5.0,0.1835
MAC002164,5.5,0.2154
MAC002164,6.0,0.2433
MAC002164,6.5,0.3782
MAC002164,7.0,0.4039
MAC002164,7.5,0.4638
MAC002164,8.0,0.4661
MAC002164,8.5,0.4715
MAC002164,9.0,0.5441
MAC002164,9.5,0.5417
MAC002164,10.0,0.5436
MAC002164,10.5,0.5581
MAC002164,11.0,0.5506
MAC002164,11.5,0.5457
MAC002164,12.0,0.5815
MAC002164,12.5,0.5417
MAC002164,13.0,0.5807
MAC002164,13.5,0.5832
MAC002164,14.0,0.5193
MAC002164,14.5,0.5043
MAC002164,15.0,0.5097
MAC002164,15.5,0.5791
MAC002164,16.0,0.5596
MAC002164,16.5,0.6372
MAC002164,17.0,0.7172
MAC002164,17.5,0.8503
MAC002164,18.0,0.9479
MAC002164,18.5,1.0111
MAC002164,19.0,1.0385
MAC002164,19.5,1.0246
MAC002164,20.0,0.9193
MAC002164,20.5,0.8307
MAC002164,21.0,0.7914
MAC002164,21.5,0.8304
MAC002164,22.0,0.7951
MAC002164,22.5,0.7
MAC002164,23.0,0.5998
MAC002164,23.5,0.4426
MAC002165,0.0,0.4904
MAC002165,0.5,0.4356
MAC002165,1.0,0.4193
MAC002165,1.5,0.3654
MAC002165,2.0,0.3479
MAC002165,2.5,0.3282
MAC002165,3.0,0.3151
MAC002165,3.5,0.3069
MAC002165,4.0,0.3056
MAC002165,4.5,0.2975
MAC002165,5.0,0.3021
MAC002165,5.5,0.3966
MAC002165,6.0,0.4762
MAC002165,6.5,0.6896
MAC002165,7.0,0.7777
MAC002165,7.5,0.8569
MAC002165,8.0,0.8591
MAC002165,8.5,0.696
MAC002165,9.0,0.6631
MAC002165,9.5,0.6841
MAC002165,10.0,0.7111
MAC002165,10.5,0.677
MAC002165,11.0,0.7012
MAC002165,11.5,0.7132
MAC002165,12.0,0.7538
MAC002165,12.5,0.7079
MAC002165,13.0,0.7557
MAC002165,13.5,0.7165
MAC002165,14.0,0.7278
MAC002165,14.5,0.686
MAC002165,15.0,0.6898
MAC002165,15.5,0.7246
MAC002165,16.0,0.77
MAC002165,16.5,0.8209
MAC002165,17.0,0.8379
MAC002165,17.5,0.895
MAC002165,18.0,0.942
MAC002165,18.5,1.0063
MAC002165,19.0,1.0056
MAC002165,19.5,1.0409
MAC002165,20.0,1.0319
MAC002165,20.5,1.0332
MAC002165,21.0,1.012
MAC002165,21.5,0.9698
MAC002165,22.0,0.8185
MAC002165,22.5,0.7112
MAC002165,23.0,0.6222
MAC002165,23.5,0.5626
MAC002166,0.0,0.5329
MAC002166,0.5,0.5668
MAC002166,1.0,0.5425
MAC002166,1.5,0.4443
MAC002166,2.0,0.4272
MAC002166,2.5,0.4295
MAC002166,3.0,0.4709
MAC002166,3.5,0.534
MAC002166,4.0,0.5026
MAC002166,4.5,0.487
MAC002166,5.0,0.5309
MAC002166,5.5,0.6074
MAC002166,6.0,0.7672
MAC002166,6.5,0.7714
MAC002166,7.0,0.7476
MAC002166,7.5,0.7025
MAC002166,8.0,0.6537
MAC002166,8.5,0.6611
MAC002166,9.0,0.7284
MAC002166,9.5,0.704
MAC002166,10.0,0.74
MAC002166,10.5,0.7232
MAC002166,11.0,0.6815
MAC002166,11.5,0.6907
MAC002166,12.0,0.6887
MAC002166,12.5,0.7051
MAC002166,13.0,0.6585
MAC002166,13.5,0.6156
MAC002166,14.0,0.7285
MAC002166,14.5,0.7169
MAC002166,15.0,0.7045
MAC002166,15.5,0.7225
MAC002166,16.0,0.8183
MAC002166,16.5,0.9331
MAC002166,17.0,0.9791
MAC002166,17.5,1.1139
MAC002166,18.0,1.2854
MAC002166,18.5,1.3225
MAC002166,19.0,1.4049
MAC002166,19.5,1.4953
MAC002166,20.0,1.5378
MAC002166,20.5,1.497
MAC002166,21.0,1.5678
MAC002166,21.5,1.317
MAC002166,22.0,1.1289
MAC002166,22.5,0.9275
MAC002166,23.0,0.6683
MAC002166,23.5,0.5856
MAC002183,0.0,0.3542
MAC002183,0.5,0.2618
MAC002183,1.0,0.192
MAC002183,1.5,0.1562
MAC002183,2.0,0.1298
MAC002183,2.5,0.1194
MAC002183,3.0,0.1166
MAC002183,3.5,0.1111
MAC002183,4.0,0.1207
MAC002183,4.5,0.1421
MAC002183,5.0,0.127
MAC002183,5.5,0.1574
MAC002183,6.0,0.1677
MAC002183,6.5,0.1862
MAC002183,7.0,0.2292
MAC002183,7.5,0.2635
MAC002183,8.0,0.299
MAC002183,8.5,0.2843
MAC002183,9.0,0.334
MAC002183,9.5,0.3256
MAC002183,10.0,0.2992
MAC002183,10.5,0.3326
MAC002183,11.0,0.361
MAC002183,11.5,0.3671
MAC002183,12.0,0.3679
MAC002183,12.5,0.3578
MAC002183,13.0,0.3037
MAC002183,13.5,0.2926
MAC002183,14.0,0.2952
MAC002183,14.5,0.3266
MAC002183,15.0,0.3524
MAC002183,15.5,0.3451
MAC002183,16.0,0.3931
MAC002183,16.5,0.522
MAC002183,17.0,0.5747
MAC002183,17.5,0.6909
MAC002183,18.0,0.7934
MAC002183,18.5,0.8554
MAC002183,19.0,0.9181
MAC002183,19.5,0.9336
MAC002183,20.0,0.9371
MAC002183,20.5,0.8935
MAC002183,21.0,0.8661
MAC002183,21.5,0.8158
MAC002183,22.0,0.7236
MAC002183,22.5,0.6424
MAC002183,23.0,0.5538
MAC002183,23.5,0.4696
MAC002196,0.0,0.0996
MAC002196,0.5,0.0845
MAC002196,1.0,0.0802
MAC002196,1.5,0.0729
MAC002196,2.0,0.0723
MAC002196,2.5,0.0701
MAC002196,3.0,0.0686
MAC002196,3.5,0.0659
MAC002196,4.0,0.0658
MAC002196,4.5,0.0638
MAC002196,5.0,0.062
MAC002196,5.5,0.0715
MAC002196,6.0,0.0836
MAC002196,6.5,0.1101
MAC002196,7.0,0.1911
MAC002196,7.5,0.2068
MAC002196,8.0,0.2028
MAC002196,8.5,0.182
MAC002196,9.0,0.1589
MAC002196,9.5,0.1281
MAC002196,10.0,0.1271
MAC002196,10.5,0.1295
MAC002196,11.0,0.1435
MAC002196,11.5,0.1359
MAC002196,12.0,0.1564
MAC002196,12.5,0.128
MAC002196,13.0,0.1318
MAC002196,13.5,0.1141
MAC002196,14.0,0.1176
MAC002196,14.5,0.1279
MAC002196,15.0,0.1262
MAC002196,15.5,0.1131
MAC002196,16.0,0.0979
MAC002196,16.5,0.1351
MAC002196,17.0,0.1265
MAC002196,17.5,0.1365
MAC002196,18.0,0.134
MAC002196,18.5,0.1886
MAC002196,19.0,0.2333
MAC002196,19.5,0.2964
MAC002196,20.0,0.3025
MAC002196,20.5,0.2854
MAC002196,21.0,0.276
MAC002196,21.5,0.27
MAC002196,22.0,0.2312
MAC002196,22.5,0.1821
MAC002196,23.0,0.1419
MAC002196,23.5,0.1014
MAC002201,0.0,0.2512
MAC002201,0.5,0.2503
MAC002201,1.0,0.2508
MAC002201,1.5,0.267
MAC002201,2.0,0.2716
MAC002201,2.5,0.2788
MAC002201,3.0,0.2774
MAC002201,3.5,0.2771
MAC002201,4.0,0.275
MAC002201,4.5,0.2796
MAC002201,5.0,0.3065
MAC002201,5.5,0.3366
MAC002201,6.0,0.4698
MAC002201,6.5,0.5868
MAC002201,7.0,0.5426
MAC002201,7.5,0.6016
MAC002201,8.0,0.445
MAC002201,8.5,0.4556
MAC002201,9.0,0.3848
MAC002201,9.5,0.3607
MAC002201,10.0,0.3619
MAC002201,10.5,0.3549
MAC002201,11.0,0.3445
MAC002201,11.5,0.3619
MAC002201,12.0,0.3965
MAC002201,12.5,0.3679
MAC002201,13.0,0.3639
MAC002201,13.5,0.37
MAC002201,14.0,0.3574
MAC002201,14.5,0.3928
MAC002201,15.0,0.4293
MAC002201,15.5,0.4504
MAC002201,16.0,0.5229
MAC002201,16.5,0.5651
MAC002201,17.0,1.0029
MAC002201,17.5,0.8711
MAC002201,18.0,0.9768
MAC002201,18.5,0.7636
MAC002201,19.0,0.733
MAC002201,19.5,0.7471
MAC002201,20.0,0.7134
MAC002201,20.5,0.6822
MAC002201,21.0,0.6684
MAC002201,21.5,0.6028
MAC002201,22.0,0.518
MAC002201,22.5,0.3994
MAC002201,23.0,0.3233
MAC002201,23.5,0.2631
MAC002203,0.0,0.1546
MAC002203,0.5,0.1172
MAC002203,1.0,0.1044
MAC002203,1.5,0.0983
MAC002203,2.0,0.0978
MAC002203,2.5,0.0941
MAC002203,3.0,0.0945
MAC002203,3.5,0.0952
MAC002203,4.0,0.0973
MAC002203,4.5,0.0976
MAC002203,5.0,0.117
MAC002203,5.5,0.1373
MAC002203,6.0,0.169
MAC002203,6.5,0.1803
MAC002203,7.0,0.1963
MAC002203,7.5,0.1967
MAC002203,8.0,0.1838
MAC002203,8.5,0.1722
MAC002203,9.0,0.1577
MAC002203,9.5,0.1444
MAC002203,10.0,0.1453
MAC002203,10.5,0.1371
MAC002203,11.0,0.1384
MAC002203,11.5,0.1433
MAC002203,12.0,0.1611
MAC002203,12.5,0.1601
MAC002203,13.0,0.1594
MAC002203,13.5,0.1569
MAC002203,14.0,0.1704
MAC002203,14.5,0.1608
MAC002203,15.0,0.1656
MAC002203,15.5,0.1787
MAC002203,16.0,0.1726
MAC002203,16.5,0.1807
MAC002203,17.0,0.1863
MAC002203,17.5,0.1898
MAC002203,18.0,0.2096
MAC002203,18.5,0.2234
MAC002203,19.0,0.2312
MAC002203,19.5,0.2435
MAC002203,20.0,0.2653
MAC002203,20.5,0.2595
MAC002203,21.0,0.2733
MAC002203,21.5,0.2714
MAC002203,22.0,0.2995
MAC002203,22.5,0.302
MAC002203,23.0,0.2462
MAC002203,23.5,0.2015
MAC002204,0.0,0.1121
MAC002204,0.5,0.1099
MAC002204,1.0,0.1092
MAC002204,1.5,0.1091
MAC002204,2.0,0.1095
MAC002204,2.5,0.1095
MAC002204,3.0,0.109
MAC002204,3.5,0.1091
MAC002204,4.0,0.1086
MAC002204,4.5,0.1081
MAC002204,5.0,0.1081
MAC002204,5.5,0.1077
MAC002204,6.0,0.1094
MAC002204,6.5,0.1147
MAC002204,7.0,0.1205
MAC002204,7.5,0.1282
MAC002204,8.0,0.1224
MAC002204,8.5,0.1181
MAC002204,9.0,0.1227
MAC002204,9.5,0.1189
MAC002204,10.0,0.126
MAC002204,10.5,0.1221
MAC002204,11.0,0.1258
MAC002204,11.5,0.1227
MAC002204,12.0,0.1248
MAC002204,12.5,0.1357
MAC002204,13.0,0.1226
MAC002204,13.5,0.1223
MAC002204,14.0,0.1262
MAC002204,14.5,0.1236
MAC002204,15.0,0.1255
MAC002204,15.5,0.1236
MAC002204,16.0,0.1276
MAC002204,16.5,0.1269
MAC002204,17.0,0.126
MAC002204,17.5,0.1406
MAC002204,18.0,0.1542
MAC002204,18.5,0.1577
MAC002204,19.0,0.1688
MAC002204,19.5,0.1741
MAC002204,20.0,0.1685
MAC002204,20.5,0.1617
MAC002204,21.0,0.1624
MAC002204,21.5,0.162
MAC002204,22.0,0.1621
MAC002204,22.5,0.132
MAC002204,23.0,0.1186
MAC002204,23.5,0.1136
MAC002205,0.0,0.1356
MAC002205,0.5,0.1259
MAC002205,1.0,0.1093
MAC002205,1.5,0.0875
MAC002205,2.0,0.0878
MAC002205,2.5,0.0786
MAC002205,3.0,0.0794
MAC002205,3.5,0.0832
MAC002205,4.0,0.0857
MAC002205,4.5,0.0851
MAC002205,5.0,0.0943
MAC002205,5.5,0.1372
MAC002205,6.0,0.1749
MAC002205,6.5,0.2435
MAC002205,7.0,0.2948
MAC002205,7.5,0.3102
MAC002205,8.0,0.3334
MAC002205,8.5,0.2814
MAC002205,9.0,0.3129
MAC002205,9.5,0.2809
MAC002205,10.0,0.2718
MAC002205,10.5,0.2722
MAC002205,11.0,0.3243
MAC002205,11.5,0.3356
MAC002205,12.0,0.3646
MAC002205,12.5,0.3156
MAC002205,13.0,0.2837
MAC002205,13.5,0.2495
MAC002205,14.0,0.2211
MAC002205,14.5,0.2377
MAC002205,15.0,0.2529
MAC002205,15.5,0.3647
MAC002205,16.0,0.5231
MAC002205,16.5,0.529
MAC002205,17.0,0.5073
MAC002205,17.5,0.4879
MAC002205,18.0,0.5457
MAC002205,18.5,0.4997
MAC002205,19.0,0.4457
MAC002205,19.5,0.3983
MAC002205,20.0,0.415
MAC002205,20.5,0.3869
MAC002205,21.0,0.3645
MAC002205,21.5,0.3281
MAC002205,22.0,0.296
MAC002205,22.5,0.2448
MAC002205,23.0,0.2285
MAC002205,23.5,0.1691
MAC002221,0.0,0.1456
MAC002221,0.5,0.1423
MAC002221,1.0,0.141
MAC002221,1.5,0.1382
MAC002221,2.0,0.1387
MAC002221,2.5,0.1403
MAC002221,3.0,0.1384
MAC002221,3.5,0.1468
MAC002221,4.0,0.2006
MAC002221,4.5,0.2619
MAC002221,5.0,0.3932
MAC002221,5.5,0.326
MAC002221,6.0,0.3771
MAC002221,6.5,0.2675
MAC002221,7.0,0.2216
MAC002221,7.5,0.2063
MAC002221,8.0,0.2115
MAC002221,8.5,0.1901
MAC002221,9.0,0.182
MAC002221,9.5,0.1883
MAC002221,10.0,0.1848
MAC002221,10.5,0.175
MAC002221,11.0,0.1847
MAC002221,11.5,0.1989
MAC002221,12.0,0.1967
MAC002221,12.5,0.214
MAC002221,13.0,0.2089
MAC002221,13.5,0.1933
MAC002221,14.0,0.2075
MAC002221,14.5,0.2085
MAC002221,15.0,0.2487
MAC002221,15.5,0.296
MAC002221,16.0,0.4153
MAC002221,16.5,0.4982
MAC002221,17.0,0.5169
MAC002221,17.5,0.6902
MAC002221,18.0,0.7196
MAC002221,18.5,0.6445
MAC002221,19.0,0.6174
MAC002221,19.5,0.5006
MAC002221,20.0,0.4178
MAC002221,20.5,0.3278
MAC002221,21.0,0.284
MAC002221,21.5,0.2386
MAC002221,22.0,0.2072
MAC002221,22.5,0.1861
MAC002221,23.0,0.1776
MAC002221,23.5,0.166
MAC002232,0.0,0.4088
MAC002232,0.5,0.364
MAC002232,1.0,0.3277
MAC002232,1.5,0.308
MAC002232,2.0,0.3028
MAC002232,2.5,0.2944
MAC002232,3.0,0.2876
MAC002232,3.5,0.2916
MAC002232,4.0,0.2918
MAC002232,4.5,0.2989
MAC002232,5.0,0.3071
MAC002232,5.5,0.3081
MAC002232,6.0,0.35
MAC002232,6.5,0.3534
MAC002232,7.0,0.4084
MAC002232,7.5,0.4037
MAC002232,8.0,0.3923
MAC002232,8.5,0.3888
MAC002232,9.0,0.4002
MAC002232,9.5,0.43
MAC002232,10.0,0.4718
MAC002232,10.5,0.4817
MAC002232,11.0,0.5054
MAC002232,11.5,0.5373
MAC002232,12.0,0.5042
MAC002232,12.5,0.5043
MAC002232,13.0,0.5214
MAC002232,13.5,0.5115
MAC002232,14.0,0.5315
MAC002232,14.5,0.579
MAC002232,15.0,0.5893
MAC002232,15.5,0.6248
MAC002232,16.0,0.6343
MAC002232,16.5,0.6407
MAC002232,17.0,0.6183
MAC002232,17.5,0.6247
MAC002232,18.0,0.6204
MAC002232,18.5,0.6346
MAC002232,19.0,0.665
MAC002232,19.5,0.7015
MAC002232,20.0,0.7417
MAC002232,20.5,0.7129
MAC002232,21.0,0.7365
MAC002232,21.5,0.7133
MAC002232,22.0,0.6383
MAC002232,22.5,0.5796
MAC002232,23.0,0.5207
MAC002232,23.5,0.4744
MAC002237,0.0,0.1024
MAC002237,0.5,0.1039
MAC002237,1.0,0.0955
MAC002237,1.5,0.1025
MAC002237,2.0,0.1034
MAC002237,2.5,0.0951
MAC002237,3.0,0.1011
MAC002237,3.5,0.1009
MAC002237,4.0,0.0963
MAC002237,4.5,0.1012
MAC002237,5.0,0.1022
MAC002237,5.5,0.0956
MAC002237,6.0,0.1723
MAC002237,6.5,0.1393
MAC002237,7.0,0.1969
MAC002237,7.5,0.1529
MAC002237,8.0,0.1448
MAC002237,8.5,0.1025
MAC002237,9.0,0.1037
MAC002237,9.5,0.1048
MAC002237,10.0,0.1033
MAC002237,10.5,0.1176
MAC002237,11.0,0.11
MAC002237,11.5,0.1169
MAC002237,12.0,0.1127
MAC002237,12.5,0.0981
MAC002237,13.0,0.1029
MAC002237,13.5,0.117
MAC002237,14.0,0.1029
MAC002237,14.5,0.1165
MAC002237,15.0,0.1106
MAC002237,15.5,0.104
MAC002237,16.0,0.11
MAC002237,16.5,0.1215
MAC002237,17.0,0.2086
MAC002237,17.5,0.1993
MAC002237,18.0,0.2694
MAC002237,18.5,0.2654
MAC002237,19.0,0.2197
MAC002237,19.5,0.2346
MAC002237,20.0,0.2131
MAC002237,20.5,0.1997
MAC002237,21.0,0.2078
MAC002237,21.5,0.1645
MAC002237,22.0,0.158
MAC002237,22.5,0.1044
MAC002237,23.0,0.1012
MAC002237,23.5,0.0947
MAC002241,0.0,0.1445
MAC002241,0.5,0.1502
MAC002241,1.0,0.1281
MAC002241,1.5,0.1185
MAC002241,2.0,0.1148
MAC002241,2.5,0.1254
MAC002241,3.0,0.4319
MAC002241,3.5,0.5276
MAC002241,4.0,0.5916
MAC002241,4.5,0.8609
MAC002241,5.0,1.2717
MAC002241,5.5,1.4882
MAC002241,6.0,1.6201
MAC002241,6.5,1.6173
MAC002241,7.0,1.4905
MAC002241,7.5,0.8428
MAC002241,8.0,0.6992
MAC002241,8.5,0.6551
MAC002241,9.0,0.5134
MAC002241,9.5,0.4234
MAC002241,10.0,0.3549
MAC002241,10.5,0.3272
MAC002241,11.0,0.3243
MAC002241,11.5,0.3316
MAC002241,12.0,0.3411
MAC002241,12.5,0.3588
MAC002241,13.0,0.3692
MAC002241,13.5,0.3986
MAC002241,14.0,0.4127
MAC002241,14.5,0.516
MAC002241,15.0,0.9477
MAC002241,15.5,1.0609
MAC002241,16.0,0.9758
MAC002241,16.5,1.0805
MAC002241,17.0,1.2443
MAC002241,17.5,1.2486
MAC002241,18.0,1.4009
MAC002241,18.5,1.4858
MAC002241,19.0,1.4952
MAC002241,19.5,1.5238
MAC002241,20.0,1.4024
MAC002241,20.5,1.209
MAC002241,21.0,0.8699
MAC002241,21.5,0.5467
MAC002241,22.0,0.313
MAC002241,22.5,0.2186
MAC002241,23.0,0.1662
MAC002241,23.5,0.15
MAC002244,0.0,0.125
MAC002244,0.5,0.1255
MAC002244,1.0,0.1235
MAC002244,1.5,0.122
MAC002244,2.0,0.1198
MAC002244,2.5,0.118
MAC002244,3.0,0.1158
MAC002244,3.5,0.1168
MAC002244,4.0,0.1149
MAC002244,4.5,0.1151
MAC002244,5.0,0.1153
MAC002244,5.5,0.1147
MAC002244,6.0,0.1762
MAC002244,6.5,0.1656
MAC002244,7.0,0.2285
MAC002244,7.5,0.2356
MAC002244,8.0,0.2015
MAC002244,8.5,0.1969
MAC002244,9.0,0.1998
MAC002244,9.5,0.2525
MAC002244,10.0,0.2539
MAC002244,10.5,0.235
MAC002244,11.0,0.2284
MAC002244,11.5,0.2117
MAC002244,12.0,0.1827
MAC002244,12.5,0.1825
MAC002244,13.0,0.1747
MAC002244,13.5,0.1779
MAC002244,14.0,0.17
MAC002244,14.5,0.1696
MAC002244,15.0,0.1734
MAC002244,15.5,0.1743
MAC002244,16.0,0.1857
MAC002244,16.5,0.2093
MAC002244,17.0,0.2211
MAC002244,17.5,0.2427
MAC002244,18.0,0.2626
MAC002244,18.5,0.2948
MAC002244,19.0,0.3017
MAC002244,19.5,0.285
MAC002244,20.0,0.2461
MAC002244,20.5,0.2119
MAC002244,21.0,0.188
MAC002244,21.5,0.1685
MAC002244,22.0,0.1581
MAC002244,22.5,0.1493
MAC002244,23.0,0.1392
MAC002244,23.5,0.1327
MAC002251,0.0,0.0964
MAC002251,0.5,0.0811
MAC002251,1.0,0.0734
MAC002251,1.5,0.058
MAC002251,2.0,0.049
MAC002251,2.5,0.0398
MAC002251,3.0,0.0416
MAC002251,3.5,0.0417
MAC002251,4.0,0.0395
MAC002251,4.5,0.0498
MAC002251,5.0,0.0568
MAC002251,5.5,0.0768
MAC002251,6.0,0.1021
MAC002251,6.5,0.1124
MAC002251,7.0,0.1298
MAC002251,7.5,0.1321
MAC002251,8.0,0.1116
MAC002251,8.5,0.1021
MAC002251,9.0,0.1058
MAC002251,9.5,0.117
MAC002251,10.0,0.1224
MAC002251,10.5,0.1216
MAC002251,11.0,0.1193
MAC002251,11.5,0.1106
MAC002251,12.0,0.1113
MAC002251,12.5,0.1101
MAC002251,13.0,0.1226
MAC002251,13.5,0.1287
MAC002251,14.0,0.1347
MAC002251,14.5,0.1302
MAC002251,15.0,0.1307
MAC002251,15.5,0.1227
MAC002251,16.0,0.1281
MAC002251,16.5,0.1262
MAC002251,17.0,0.1341
MAC002251,17.5,0.1633
MAC002251,18.0,0.1772
MAC002251,18.5,0.1859
MAC002251,19.0,0.2101
MAC002251,19.5,0.2199
MAC002251,20.0,0.2268
MAC002251,20.5,0.1923
MAC002251,21.0,0.1885
MAC002251,21.5,0.1634
MAC002251,22.0,0.1624
MAC002251,22.5,0.14
MAC002251,23.0,0.1395
MAC002251,23.5,0.1205
MAC002266,0.0,0.1581
MAC002266,0.5,0.1483
MAC002266,1.0,0.1462
MAC002266,1.5,0.1439
MAC002266,2.0,0.1412
MAC002266,2.5,0.1433
MAC002266,3.0,0.1422
MAC002266,3.5,0.1407
MAC002266,4.0,0.1396
MAC002266,4.5,0.1433
MAC002266,5.0,0.1413
MAC002266,5.5,0.1396
MAC002266,6.0,0.1427
MAC002266,6.5,0.235
MAC002266,7.0,0.2491
MAC002266,7.5,0.2456
MAC002266,8.0,0.2428
MAC002266,8.5,0.2722
MAC002266,9.0,0.2541
MAC002266,9.5,0.2381
MAC002266,10.0,0.2367
MAC002266,10.5,0.2316
MAC002266,11.0,0.2388
MAC002266,11.5,0.2375
MAC002266,12.0,0.2523
MAC002266,12.5,0.2557
MAC002266,13.0,0.2473
MAC002266,13.5,0.2428
MAC002266,14.0,0.232
MAC002266,14.5,0.2209
MAC002266,15.0,0.2249
MAC002266,15.5,0.2425
MAC002266,16.0,0.2669
MAC002266,16.5,0.2868
MAC002266,17.0,0.3103
MAC002266,17.5,0.3058
MAC002266,18.0,0.2746
MAC002266,18.5,0.2747
MAC002266,19.0,0.2841
MAC002266,19.5,0.2542
MAC002266,20.0,0.2443
MAC002266,20.5,0.2441
MAC002266,21.0,0.2472
MAC002266,21.5,0.2426
MAC002266,22.0,0.2456
MAC002266,22.5,0.2553
MAC002266,23.0,0.21
MAC002266,23.5,0.1926
MAC002280,0.0,0.5028
MAC002280,0.5,0.4567
MAC002280,1.0,0.4331
MAC002280,1.5,0.408
MAC002280,2.0,0.4029
MAC002280,2.5,0.4038
MAC002280,3.0,0.4055
MAC002280,3.5,0.3927
MAC002280,4.0,0.3933
MAC002280,4.5,0.3857
MAC002280,5.0,0.4131
MAC002280,5.5,0.4453
MAC002280,6.0,0.5175
MAC002280,6.5,0.5885
MAC002280,7.0,0.6485
MAC002280,7.5,0.6371
MAC002280,8.0,0.5899
MAC002280,8.5,0.5495
MAC002280,9.0,0.5066
MAC002280,9.5,0.4985
MAC002280,10.0,0.499
MAC002280,10.5,0.5073
MAC002280,11.0,0.4948
MAC002280,11.5,0.4552
MAC002280,12.0,0.4748
MAC002280,12.5,0.5079
MAC002280,13.0,0.491
MAC002280,13.5,0.5304
MAC002280,14.0,0.4985
MAC002280,14.5,0.4919
MAC002280,15.0,0.4867
MAC002280,15.5,0.5262
MAC002280,16.0,0.5686
MAC002280,16.5,0.6099
MAC002280,17.0,0.6545
MAC002280,17.5,0.6891
MAC002280,18.0,0.7062
MAC002280,18.5,0.7132
MAC002280,19.0,0.7337
MAC002280,19.5,0.7559
MAC002280,20.0,0.7915
MAC002280,20.5,0.8216
MAC002280,21.0,0.8247
MAC002280,21.5,0.8268
MAC002280,22.0,0.7671
MAC002280,22.5,0.6849
MAC002280,23.0,0.6232
MAC002280,23.5,0.571
MAC002324,0.0,0.4523
MAC002324,0.5,0.3502
MAC002324,1.0,0.3021
MAC002324,1.5,0.2821
MAC002324,2.0,0.2705
MAC002324,2.5,0.2502
MAC002324,3.0,0.2419
MAC002324,3.5,0.2402
MAC002324,4.0,0.2297
MAC002324,4.5,0.2286
MAC002324,5.0,0.2688
MAC002324,5.5,0.4481
MAC002324,6.0,0.9741
MAC002324,6.5,0.8399
MAC002324,7.0,1.5383
MAC002324,7.5,1.1384
MAC002324,8.0,1.2702
MAC002324,8.5,1.2674
MAC002324,9.0,1.0831
MAC002324,9.5,0.921
MAC002324,10.0,0.9463
MAC002324,10.5,0.8926
MAC002324,11.0,0.8798
MAC002324,11.5,0.857
MAC002324,12.0,0.9171
MAC002324,12.5,0.9046
MAC002324,13.0,0.9262
MAC002324,13.5,0.9575
MAC002324,14.0,0.9947
MAC002324,14.5,0.9912
MAC002324,15.0,1.0102
MAC002324,15.5,1.1284
MAC002324,16.0,1.5369
MAC002324,16.5,1.9487
MAC002324,17.0,2.4493
MAC002324,17.5,2.9191
MAC002324,18.0,2.9469
MAC002324,18.5,3.0937
MAC002324,19.0,2.9415
MAC002324,19.5,2.8744
MAC002324,20.0,3.0252
MAC002324,20.5,3.0601
MAC002324,21.0,2.8755
MAC002324,21.5,2.5937
MAC002324,22.0,2.4262
MAC002324,22.5,1.541
MAC002324,23.0,0.923
MAC002324,23.5,0.6445
MAC002336,0.0,0.422
MAC002336,0.5,0.3278
MAC002336,1.0,0.2881
MAC002336,1.5,0.2302
MAC002336,2.0,0.2155
MAC002336,2.5,0.1927
MAC002336,3.0,0.173
MAC002336,3.5,0.1597
MAC002336,4.0,0.1621
MAC002336,4.5,0.158
MAC002336,5.0,0.1687
MAC002336,5.5,0.1746
MAC002336,6.0,0.2096
MAC002336,6.5,0.2614
MAC002336,7.0,0.3345
MAC002336,7.5,0.3784
MAC002336,8.0,0.3156
MAC002336,8.5,0.2677
MAC002336,9.0,0.2366
MAC002336,9.5,0.2582
MAC002336,10.0,0.2719
MAC002336,10.5,0.2741
MAC002336,11.0,0.2828
MAC002336,11.5,0.278
MAC002336,12.0,0.2828
MAC002336,12.5,0.3083
MAC002336,13.0,0.2758
MAC002336,13.5,0.2521
MAC002336,14.0,0.2366
MAC002336,14.5,0.2315
MAC002336,15.0,0.2241
MAC002336,15.5,0.2271
MAC002336,16.0,0.237
MAC002336,16.5,0.2481
MAC002336,17.0,0.3085
MAC002336,17.5,0.3676
MAC002336,18.0,0.4346
MAC002336,18.5,0.5464
MAC002336,19.0,0.6211
MAC002336,19.5,0.6906
MAC002336,20.0,0.717
MAC002336,20.5,0.6828
MAC002336,21.0,0.6691
MAC002336,21.5,0.6804
MAC002336,22.0,0.6785
MAC002336,22.5,0.6596
MAC002336,23.0,0.582
MAC002336,23.5,0.4753
MAC002370,0.0,0.2308
MAC002370,0.5,0.2035
MAC002370,1.0,0.1669
MAC002370,1.5,0.1637
MAC002370,2.0,0.1614
MAC002370,2.5,0.1663
MAC002370,3.0,0.1764
MAC002370,3.5,0.1732
MAC002370,4.0,0.2138
MAC002370,4.5,0.3217
MAC002370,5.0,0.2964
MAC002370,5.5,0.3409
MAC002370,6.0,0.3322
MAC002370,6.5,0.2712
MAC002370,7.0,0.2562
MAC002370,7.5,0.316
MAC002370,8.0,0.3368
MAC002370,8.5,0.3339
MAC002370,9.0,0.3506
MAC002370,9.5,0.3548
MAC002370,10.0,0.372
MAC002370,10.5,0.3604
MAC002370,11.0,0.3792
MAC002370,11.5,0.3459
MAC002370,12.0,0.3581
MAC002370,12.5,0.3657
MAC002370,13.0,0.3458
MAC002370,13.5,0.3429
MAC002370,14.0,0.3348
MAC002370,14.5,0.3115
MAC002370,15.0,0.3152
MAC002370,15.5,0.3183
MAC002370,16.0,0.3199
MAC002370,16.5,0.3305
MAC002370,17.0,0.3811
MAC002370,17.5,0.4849
MAC002370,18.0,0.5382
MAC002370,18.5,0.6525
MAC002370,19.0,0.7686
MAC002370,19.5,0.852
MAC002370,20.0,0.8432
MAC002370,20.5,0.8084
MAC002370,21.0,0.7439
MAC002370,21.5,0.6709
MAC002370,22.0,0.5548
MAC002370,22.5,0.4507
MAC002370,23.0,0.3387
MAC002370,23.5,0.2671
MAC002380,0.0,0.3741
MAC002380,0.5,0.3292
MAC002380,1.0,0.3017
MAC002380,1.5,0.2887
MAC002380,2.0,0.2762
MAC002380,2.5,0.2784
MAC002380,3.0,0.2749
MAC002380,3.5,0.2723
MAC002380,4.0,0.2808
MAC002380,4.5,0.3666
MAC002380,5.0,0.4511
MAC002380,5.5,0.5429
MAC002380,6.0,0.7317
MAC002380,6.5,0.9054
MAC002380,7.0,0.9358
MAC002380,7.5,0.9298
MAC002380,8.0,0.8926
MAC002380,8.5,0.8846
MAC002380,9.0,0.9562
MAC002380,9.5,0.9354
MAC002380,10.0,0.8207
MAC002380,10.5,0.7179
MAC002380,11.0,0.7701
MAC002380,11.5,0.7871
MAC002380,12.0,0.7992
MAC002380,12.5,0.8018
MAC002380,13.0,0.7741
MAC002380,13.5,0.7714
MAC002380,14.0,0.7695
MAC002380,14.5,0.7822
MAC002380,15.0,0.7835
MAC002380,15.5,0.9604
MAC002380,16.0,1.1733
MAC002380,16.5,1.4485
MAC002380,17.0,1.4286
MAC002380,17.5,1.4297
MAC002380,18.0,1.4029
MAC002380,18.5,1.5453
MAC002380,19.0,1.7798
MAC002380,19.5,1.8729
MAC002380,20.0,1.8406
MAC002380,20.5,1.6851
MAC002380,21.0,1.5157
MAC002380,21.5,1.3822
MAC002380,22.0,1.1716
MAC002380,22.5,0.8874
MAC002380,23.0,0.654
MAC002380,23.5,0.4696
MAC002392,0.0,0.0627
MAC002392,0.5,0.0608
MAC002392,1.0,0.0614
MAC002392,1.5,0.0599
MAC002392,2.0,0.06
MAC002392,2.5,0.062
MAC002392,3.0,0.0645
MAC002392,3.5,0.0696
MAC002392,4.0,0.0692
MAC002392,4.5,0.0774
MAC002392,5.0,0.077
MAC002392,5.5,0.0819
MAC002392,6.0,0.0769
MAC002392,6.5,0.0948
MAC002392,7.0,0.1234
MAC002392,7.5,0.1472
MAC002392,8.0,0.1555
MAC002392,8.5,0.1705
MAC002392,9.0,0.1905
MAC002392,9.5,0.168
MAC002392,10.0,0.1574
MAC002392,10.5,0.1585
MAC002392,11.0,0.1437
MAC002392,11.5,0.1191
MAC002392,12.0,0.1193
MAC002392,12.5,0.1398
MAC002392,13.0,0.1527
MAC002392,13.5,0.1434
MAC002392,14.0,0.1765
MAC002392,14.5,0.1778
MAC002392,15.0,0.1732
MAC002392,15.5,0.1616
MAC002392,16.0,0.167
MAC002392,16.5,0.1899
MAC002392,17.0,0.1939
MAC002392,17.5,0.2088
MAC002392,18.0,0.2406
MAC002392,18.5,0.2222
MAC002392,19.0,0.2157
MAC002392,19.5,0.2161
MAC002392,20.0,0.2022
MAC002392,20.5,0.1797
MAC002392,21.0,0.1936
MAC002392,21.5,0.1962
MAC002392,22.0,0.1596
MAC002392,22.5,0.1296
MAC002392,23.0,0.088
MAC002392,23.5,0.0712
MAC002402,0.0,0.4595
MAC002402,0.5,0.3797
MAC002402,1.0,0.2938
MAC002402,1.5,0.2435
MAC002402,2.0,0.2081
MAC002402,2.5,0.185
MAC002402,3.0,0.1718
MAC002402,3.5,0.1651
MAC002402,4.0,0.1645
MAC002402,4.5,0.1549
MAC002402,5.0,0.1558
MAC002402,5.5,0.1548
MAC002402,6.0,0.1534
MAC002402,6.5,0.1607
MAC002402,7.0,0.1919
MAC002402,7.5,0.2593
MAC002402,8.0,0.3604
MAC002402,8.5,0.4402
MAC002402,9.0,0.5042
MAC002402,9.5,0.5395
MAC002402,10.0,0.5473
MAC002402,10.5,0.5302
MAC002402,11.0,0.5343
MAC002402,11.5,0.5279
MAC002402,12.0,0.5521
MAC002402,12.5,0.5654
MAC002402,13.0,0.5534
MAC002402,13.5,0.5494
MAC002402,14.0,0.5281
MAC002402,14.5,0.5234
MAC002402,15.0,0.5415
MAC002402,15.5,0.538
MAC002402,16.0,0.5586
MAC002402,16.5,0.5368
MAC002402,17.0,0.5865
MAC002402,17.5,0.6612
MAC002402,18.0,0.7084
MAC002402,18.5,0.7409
MAC002402,19.0,0.7716
MAC002402,19.5,0.7691
MAC002402,20.0,0.7986
MAC002402,20.5,0.7929
MAC002402,21.0,0.7875
MAC002402,21.5,0.7561
MAC002402,22.0,0.7231
MAC002402,22.5,0.6787
MAC002402,23.0,0.6229
MAC002402,23.5,0.5456
MAC002413,0.0,0.0947
MAC002413,0.5,0.0936
MAC002413,1.0,0.0943
MAC002413,1.5,0.094
MAC002413,2.0,0.0903
MAC002413,2.5,0.0927
MAC002413,3.0,0.0911
MAC002413,3.5,0.0896
MAC002413,4.0,0.0912
MAC002413,4.5,0.0924
MAC002413,5.0,0.0897
MAC002413,5.5,0.089
MAC002413,6.0,0.0966
MAC002413,6.5,0.1134
MAC002413,7.0,0.1938
MAC002413,7.5,0.1628
MAC002413,8.0,0.1955
MAC002413,8.5,0.1796
MAC002413,9.0,0.1337
MAC002413,9.5,0.1088
MAC002413,10.0,0.1129
MAC002413,10.5,0.1149
MAC002413,11.0,0.1129
MAC002413,11.5,0.1203
MAC002413,12.0,0.1333
MAC002413,12.5,0.1261
MAC002413,13.0,0.125
MAC002413,13.5,0.1071
MAC002413,14.0,0.109
MAC002413,14.5,0.1146
MAC002413,15.0,0.1253
MAC002413,15.5,0.139
MAC002413,16.0,0.1466
MAC002413,16.5,0.1728
MAC002413,17.0,0.2226
MAC002413,17.5,0.2503
MAC002413,18.0,0.2378
MAC002413,18.5,0.2311
MAC002413,19.0,0.1891
MAC002413,19.5,0.178
MAC002413,20.0,0.168
MAC002413,20.5,0.1674
MAC002413,21.0,0.1607
MAC002413,21.5,0.1536
MAC002413,22.0,0.1449
MAC002413,22.5,0.1291
MAC002413,23.0,0.1075
MAC002413,23.5,0.0992
MAC002416,0.0,0.1455
MAC002416,0.5,0.1467
MAC002416,1.0,0.1492
MAC002416,1.5,0.1553
MAC002416,2.0,0.153
MAC002416,2.5,0.1437
MAC002416,3.0,0.1451
MAC002416,3.5,0.1447
MAC002416,4.0,0.1423
MAC002416,4.5,0.1407
MAC002416,5.0,0.1449
MAC002416,5.5,0.1426
MAC002416,6.0,0.155
MAC002416,6.5,0.1693
MAC002416,7.0,0.161
MAC002416,7.5,0.1815
MAC002416,8.0,0.1828
MAC002416,8.5,0.1545
MAC002416,9.0,0.1531
MAC002416,9.5,0.1439
MAC002416,10.0,0.1239
MAC002416,10.5,0.1187
MAC002416,11.0,0.1193
MAC002416,11.5,0.127
MAC002416,12.0,0.1345
MAC002416,12.5,0.1525
MAC002416,13.0,0.1377
MAC002416,13.5,0.1298
MAC002416,14.0,0.1232
MAC002416,14.5,0.1298
MAC002416,15.0,0.1196
MAC002416,15.5,0.137
MAC002416,16.0,0.1395
MAC002416,16.5,0.1504
MAC002416,17.0,0.1465
MAC002416,17.5,0.1491
MAC002416,18.0,0.1515
MAC002416,18.5,0.1615
MAC002416,19.0,0.1643
MAC002416,19.5,0.1663
MAC002416,20.0,0.1645
MAC002416,20.5,0.158
MAC002416,21.0,0.1529
MAC002416,21.5,0.1493
MAC002416,22.0,0.1446
MAC002416,22.5,0.147
MAC002416,23.0,0.1437
MAC002416,23.5,0.1453
MAC002421,0.0,0.2654
MAC002421,0.5,0.2348
MAC002421,1.0,0.2153
MAC002421,1.5,0.2023
MAC002421,2.0,0.1873
MAC002421,2.5,0.1967
MAC002421,3.0,0.1837
MAC002421,3.5,0.1898
MAC002421,4.0,0.1914
MAC002421,4.5,0.1999
MAC002421,5.0,0.2133
MAC002421,5.5,0.2299
MAC002421,6.0,0.2681
MAC002421,6.5,0.373
MAC002421,7.0,0.4749
MAC002421,7.5,0.5275
MAC002421,8.0,0.553
MAC002421,8.5,0.5356
MAC002421,9.0,0.5634
MAC002421,9.5,0.6301
MAC002421,10.0,0.5714
MAC002421,10.5,0.5676
MAC002421,11.0,0.4688
MAC002421,11.5,0.5146
MAC002421,12.0,0.5802
MAC002421,12.5,0.4945
MAC002421,13.0,0.5361
MAC002421,13.5,0.4821
MAC002421,14.0,0.4464
MAC002421,14.5,0.3777
MAC002421,15.0,0.345
MAC002421,15.5,0.3378
MAC002421,16.0,0.3443
MAC002421,16.5,0.3755
MAC002421,17.0,0.415
MAC002421,17.5,0.4844
MAC002421,18.0,0.5564
MAC002421,18.5,0.5626
MAC002421,19.0,0.5291
MAC002421,19.5,0.497
MAC002421,20.0,0.4717
MAC002421,20.5,0.4664
MAC002421,21.0,0.4513
MAC002421,21.5,0.4397
MAC002421,22.0,0.4297
MAC002421,22.5,0.3895
MAC002421,23.0,0.3508
MAC002421,23.5,0.2966
MAC002432,0.0,0.4935
MAC002432,0.5,0.3969
MAC002432,1.0,0.3331
MAC002432,1.5,0.2825
MAC002432,2.0,0.2707
MAC002432,2.5,0.2684
MAC002432,3.0,0.2658
MAC002432,3.5,0.2654
MAC002432,4.0,0.273
MAC002432,4.5,0.2696
MAC002432,5.0,0.2684
MAC002432,5.5,0.347
MAC002432,6.0,0.3876
MAC002432,6.5,0.3867
MAC002432,7.0,0.412
MAC002432,7.5,0.3939
MAC002432,8.0,0.4334
MAC002432,8.5,0.5156
MAC002432,9.0,0.5535
MAC002432,9.5,0.6264
MAC002432,10.0,0.6745
MAC002432,10.5,0.7008
MAC002432,11.0,0.7156
MAC002432,11.5,0.7266
MAC002432,12.0,0.6878
MAC002432,12.5,0.6785
MAC002432,13.0,0.6275
MAC002432,13.5,0.6381
MAC002432,14.0,0.6523
MAC002432,14.5,0.665
MAC002432,15.0,0.6734
MAC002432,15.5,0.7074
MAC002432,16.0,0.733
MAC002432,16.5,0.8234
MAC002432,17.0,0.9075
MAC002432,17.5,0.9378
MAC002432,18.0,0.9657
MAC002432,18.5,0.9351
MAC002432,19.0,0.8832
MAC002432,19.5,0.8519
MAC002432,20.0,0.8396
MAC002432,20.5,0.8375
MAC002432,21.0,0.8219
MAC002432,21.5,0.8047
MAC002432,22.0,0.7828
MAC002432,22.5,0.7378
MAC002432,23.0,0.6893
MAC002432,23.5,0.6042
MAC002446,0.0,0.9647
MAC002446,0.5,0.8801
MAC002446,1.0,0.8124
MAC002446,1.5,0.7441
MAC002446,2.0,0.7266
MAC002446,2.5,0.674
MAC002446,3.0,0.6475
MAC002446,3.5,0.5943
MAC002446,4.0,0.5857
MAC002446,4.5,0.5577
MAC002446,5.0,0.5329
MAC002446,5.5,0.5226
MAC002446,6.0,0.5202
MAC002446,6.5,0.5035
MAC002446,7.0,0.5062
MAC002446,7.5,0.4889
MAC002446,8.0,0.5132
MAC002446,8.5,0.5454
MAC002446,9.0,0.563
MAC002446,9.5,0.5732
MAC002446,10.0,0.5888
MAC002446,10.5,0.6162
MAC002446,11.0,0.652
MAC002446,11.5,0.6936
MAC002446,12.0,0.7147
MAC002446,12.5,0.7497
MAC002446,13.0,0.8187
MAC002446,13.5,0.9171
MAC002446,14.0,1.0163
MAC002446,14.5,1.0523
MAC002446,15.0,1.0702
MAC002446,15.5,1.1139
MAC002446,16.0,1.1106
MAC002446,16.5,1.1584
MAC002446,17.0,1.08
MAC002446,17.5,1.0089
MAC002446,18.0,0.9909
MAC002446,18.5,0.9801
MAC002446,19.0,0.9956
MAC002446,19.5,1.0066
MAC002446,20.0,1.0457
MAC002446,20.5,1.0903
MAC002446,21.0,1.1112
MAC002446,21.5,1.1052
MAC002446,22.0,1.0728
MAC002446,22.5,1.049
MAC002446,23.0,1.0325
MAC002446,23.5,0.9725
MAC002464,0.0,0.2059
MAC002464,0.5,0.1808
MAC002464,1.0,0.1586
MAC002464,1.5,0.1481
MAC002464,2.0,0.14
MAC002464,2.5,0.1362
MAC002464,3.0,0.1389
MAC002464,3.5,0.169
MAC002464,4.0,0.2494
MAC002464,4.5,0.2661
MAC002464,5.0,0.3438
MAC002464,5.5,0.3064
MAC002464,6.0,0.2852
MAC002464,6.5,0.2749
MAC002464,7.0,0.3417
MAC002464,7.5,0.3668
MAC002464,8.0,0.3514
MAC002464,8.5,0.3676
MAC002464,9.0,0.3222
MAC002464,9.5,0.3467
MAC002464,10.0,0.3644
MAC002464,10.5,0.4657
MAC002464,11.0,0.5206
MAC002464,11.5,0.4901
MAC002464,12.0,0.4896
MAC002464,12.5,0.4582
MAC002464,13.0,0.3841
MAC002464,13.5,0.355
MAC002464,14.0,0.3844
MAC002464,14.5,0.371
MAC002464,15.0,0.3531
MAC002464,15.5,0.3807
MAC002464,16.0,0.3722
MAC002464,16.5,0.3887
MAC002464,17.0,0.4656
MAC002464,17.5,0.4183
MAC002464,18.0,0.4548
MAC002464,18.5,0.4429
MAC002464,19.0,0.4196
MAC002464,19.5,0.3731
MAC002464,20.0,0.3367
MAC002464,20.5,0.3484
MAC002464,21.0,0.3284
MAC002464,21.5,0.3051
MAC002464,22.0,0.2881
MAC002464,22.5,0.2692
MAC002464,23.0,0.2519
MAC002464,23.5,0.2331
MAC002472,0.0,0.0675
MAC002472,0.5,0.0457
MAC002472,1.0,0.0332
MAC002472,1.5,0.028
MAC002472,2.0,0.0282
MAC002472,2.5,0.0288
MAC002472,3.0,0.0264
MAC002472,3.5,0.0277
MAC002472,4.0,0.0264
MAC002472,4.5,0.0257
MAC002472,5.0,0.0272
MAC002472,5.5,0.0249
MAC002472,6.0,0.0259
MAC002472,6.5,0.0392
MAC002472,7.0,0.0646
MAC002472,7.5,0.1045
MAC002472,8.0,0.0829
MAC002472,8.5,0.1273
MAC002472,9.0,0.1107
MAC002472,9.5,0.1012
MAC002472,10.0,0.104
MAC002472,10.5,0.0933
MAC002472,11.0,0.0944
MAC002472,11.5,0.0952
MAC002472,12.0,0.1005
MAC002472,12.5,0.0943
MAC002472,13.0,0.0968
MAC002472,13.5,0.0987
MAC002472,14.0,0.0965
MAC002472,14.5,0.0845
MAC002472,15.0,0.0987
MAC002472,15.5,0.1001
MAC002472,16.0,0.105
MAC002472,16.5,0.1136
MAC002472,17.0,0.1288
MAC002472,17.5,0.1372
MAC002472,18.0,0.1254
MAC002472,18.5,0.1298
MAC002472,19.0,0.1202
MAC002472,19.5,0.1167
MAC002472,20.0,0.1178
MAC002472,20.5,0.1085
MAC002472,21.0,0.1094
MAC002472,21.5,0.1091
MAC002472,22.0,0.1066
MAC002472,22.5,0.1026
MAC002472,23.0,0.0986
MAC002472,23.5,0.0836
MAC002481,0.0,0.6007
MAC002481,0.5,0.5647
MAC002481,1.0,0.509
MAC002481,1.5,0.4401
MAC002481,2.0,0.3843
MAC002481,2.5,0.3482
MAC002481,3.0,0.3168
MAC002481,3.5,0.2956
MAC002481,4.0,0.2826
MAC002481,4.5,0.2843
MAC002481,5.0,0.2919
MAC002481,5.5,0.2868
MAC002481,6.0,0.3271
MAC002481,6.5,0.3571
MAC002481,7.0,0.4086
MAC002481,7.5,0.4399
MAC002481,8.0,0.5092
MAC002481,8.5,0.5194
MAC002481,9.0,0.5368
MAC002481,9.5,0.514
MAC002481,10.0,0.5355
MAC002481,10.5,0.5216
MAC002481,11.0,0.4533
MAC002481,11.5,0.4556
MAC002481,12.0,0.4247
MAC002481,12.5,0.4525
MAC002481,13.0,0.4661
MAC002481,13.5,0.4788
MAC002481,14.0,0.5498
MAC002481,14.5,0.5492
MAC002481,15.0,0.5615
MAC002481,15.5,0.5964
MAC002481,16.0,0.5849
MAC002481,16.5,0.6479
MAC002481,17.0,0.6763
MAC002481,17.5,0.7018
MAC002481,18.0,0.7432
MAC002481,18.5,0.7754
MAC002481,19.0,0.7919
MAC002481,19.5,0.8195
MAC002481,20.0,0.8196
MAC002481,20.5,0.8271
MAC002481,21.0,0.8104
MAC002481,21.5,0.7576
MAC002481,22.0,0.7427
MAC002481,22.5,0.6892
MAC002481,23.0,0.6779
MAC002481,23.5,0.6741
MAC002486,0.0,0.3744
MAC002486,0.5,0.3457
MAC002486,1.0,0.3292
MAC002486,1.5,0.3325
MAC002486,2.0,0.3177
MAC002486,2.5,0.3174
MAC002486,3.0,0.3168
MAC002486,3.5,0.3087
MAC002486,4.0,0.3155
MAC002486,4.5,0.3081
MAC002486,5.0,0.3128
MAC002486,5.5,0.3328
MAC002486,6.0,0.338
MAC002486,6.5,0.344
MAC002486,7.0,0.4926
MAC002486,7.5,0.4254
MAC002486,8.0,0.578
MAC002486,8.5,0.5122
MAC002486,9.0,0.5077
MAC002486,9.5,0.5001
MAC002486,10.0,0.4761
MAC002486,10.5,0.4716
MAC002486,11.0,0.4707
MAC002486,11.5,0.4777
MAC002486,12.0,0.4591
MAC002486,12.5,0.4846
MAC002486,13.0,0.4644
MAC002486,13.5,0.4399
MAC002486,14.0,0.4562
MAC002486,14.5,0.4535
MAC002486,15.0,0.4625
MAC002486,15.5,0.4803
MAC002486,16.0,0.5077
MAC002486,16.5,0.5096
MAC002486,17.0,0.5594
MAC002486,17.5,0.8465
MAC002486,18.0,0.8204
MAC002486,18.5,0.8697
MAC002486,19.0,0.7933
MAC002486,19.5,0.6695
MAC002486,20.0,0.6258
MAC002486,20.5,0.6451
MAC002486,21.0,0.6346
MAC002486,21.5,0.5589
MAC002486,22.0,0.5284
MAC002486,22.5,0.4666
MAC002486,23.0,0.4157
MAC002486,23.5,0.3971
MAC002490,0.0,0.1439
MAC002490,0.5,0.1383
MAC002490,1.0,0.1339
MAC002490,1.5,0.1287
MAC002490,2.0,0.1294
MAC002490,2.5,0.1293
MAC002490,3.0,0.1334
MAC002490,3.5,0.1311
MAC002490,4.0,0.1288
MAC002490,4.5,0.1243
MAC002490,5.0,0.1271
MAC002490,5.5,0.1312
MAC002490,6.0,0.126
MAC002490,6.5,0.1242
MAC002490,7.0,0.1358
MAC002490,7.5,0.1702
MAC002490,8.0,0.2188
MAC002490,8.5,0.2136
MAC002490,9.0,0.2379
MAC002490,9.5,0.2524
MAC002490,10.0,0.2606
MAC002490,10.5,0.252
MAC002490,11.0,0.2543
MAC002490,11.5,0.2566
MAC002490,12.0,0.2569
MAC002490,12.5,0.2475
MAC002490,13.0,0.2507
MAC002490,13.5,0.2588
MAC002490,14.0,0.2691
MAC002490,14.5,0.2835
MAC002490,15.0,0.2895
MAC002490,15.5,0.2856
MAC002490,16.0,0.2925
MAC002490,16.5,0.2797
MAC002490,17.0,0.2779
MAC002490,17.5,0.2883
MAC002490,18.0,0.2998
MAC002490,18.5,0.271
MAC002490,19.0,0.2708
MAC002490,19.5,0.2525
MAC002490,20.0,0.2478
MAC002490,20.5,0.2502
MAC002490,21.0,0.2816
MAC002490,21.5,0.2709
MAC002490,22.0,0.2692
MAC002490,22.5,0.212
MAC002490,23.0,0.18
MAC002490,23.5,0.1591
MAC002502,0.0,0.9555
MAC002502,0.5,0.8611
MAC002502,1.0,0.7739
MAC002502,1.5,0.7105
MAC002502,2.0,0.609
MAC002502,2.5,0.5366
MAC002502,3.0,0.4879
MAC002502,3.5,0.44
MAC002502,4.0,0.4218
MAC002502,4.5,0.468
MAC002502,5.0,0.4614
MAC002502,5.5,0.5162
MAC002502,6.0,0.51
MAC002502,6.5,0.5913
MAC002502,7.0,0.6507
MAC002502,7.5,0.6612
MAC002502,8.0,0.6185
MAC002502,8.5,0.619
MAC002502,9.0,0.656
MAC002502,9.5,0.5832
MAC002502,10.0,0.6151
MAC002502,10.5,0.691
MAC002502,11.0,0.7116
MAC002502,11.5,0.7352
MAC002502,12.0,0.7337
MAC002502,12.5,0.763
MAC002502,13.0,0.7498
MAC002502,13.5,0.6784
MAC002502,14.0,0.694
MAC002502,14.5,0.7286
MAC002502,15.0,0.7385
MAC002502,15.5,0.7679
MAC002502,16.0,0.8069
MAC002502,16.5,0.8964
MAC002502,17.0,0.9783
MAC002502,17.5,1.0615
MAC002502,18.0,1.112
MAC002502,18.5,1.2298
MAC002502,19.0,1.2941
MAC002502,19.5,1.3647
MAC002502,20.0,1.3568
MAC002502,20.5,1.3188
MAC002502,21.0,1.2474
MAC002502,21.5,1.2458
MAC002502,22.0,1.209
MAC002502,22.5,1.1974
MAC002502,23.0,1.1391
MAC002502,23.5,1.0556
MAC002546,0.0,0.4496
MAC002546,0.5,0.3965
MAC002546,1.0,0.3487
MAC002546,1.5,0.3127
MAC002546,2.0,0.2818
MAC002546,2.5,0.2586
MAC002546,3.0,0.2433
MAC002546,3.5,0.2268
MAC002546,4.0,0.2197
MAC002546,4.5,0.2122
MAC002546,5.0,0.2083
MAC002546,5.5,0.2054
MAC002546,6.0,0.2242
MAC002546,6.5,0.3251
MAC002546,7.0,0.2569
MAC002546,7.5,0.3246
MAC002546,8.0,0.2441
MAC002546,8.5,0.235
MAC002546,9.0,0.2483
MAC002546,9.5,0.2447
MAC002546,10.0,0.2628
MAC002546,10.5,0.2735
MAC002546,11.0,0.2725
MAC002546,11.5,0.27
MAC002546,12.0,0.2476
MAC002546,12.5,0.2376
MAC002546,13.0,0.2383
MAC002546,13.5,0.2448
MAC002546,14.0,0.2359
MAC002546,14.5,0.2582
MAC002546,15.0,0.2483
MAC002546,15.5,0.2571
MAC002546,16.0,0.2535
MAC002546,16.5,0.3
MAC002546,17.0,0.3805
MAC002546,17.5,0.3832
MAC002546,18.0,0.42
MAC002546,18.5,0.3715
MAC002546,19.0,0.3497
MAC002546,19.5,0.3758
MAC002546,20.0,0.3997
MAC002546,20.5,0.4125
MAC002546,21.0,0.4181
MAC002546,21.5,0.432
MAC002546,22.0,0.4607
MAC002546,22.5,0.4765
MAC002546,23.0,0.4741
MAC002546,23.5,0.4752
MAC002566,0.0,0.1152
MAC002566,0.5,0.0963
MAC002566,1.0,0.095
MAC002566,1.5,0.0854
MAC002566,2.0,0.0832
MAC002566,2.5,0.0832
MAC002566,3.0,0.0787
MAC002566,3.5,0.0827
MAC002566,4.0,0.0842
MAC002566,4.5,0.1196
MAC002566,5.0,0.1416
MAC002566,5.5,0.1391
MAC002566,6.0,0.1638
MAC002566,6.5,0.1315
MAC002566,7.0,0.1221
MAC002566,7.5,0.1199
MAC002566,8.0,0.1068
MAC002566,8.5,0.1272
MAC002566,9.0,0.1309
MAC002566,9.5,0.1125
MAC002566,10.0,0.1139
MAC002566,10.5,0.1157
MAC002566,11.0,0.1353
MAC002566,11.5,0.1285
MAC002566,12.0,0.1418
MAC002566,12.5,0.1838
MAC002566,13.0,0.1755
MAC002566,13.5,0.1484
MAC002566,14.0,0.1397
MAC002566,14.5,0.13
MAC002566,15.0,0.1334
MAC002566,15.5,0.1525
MAC002566,16.0,0.1923
MAC002566,16.5,0.2113
MAC002566,17.0,0.2613
MAC002566,17.5,0.3171
MAC002566,18.0,0.3534
MAC002566,18.5,0.3627
MAC002566,19.0,0.3562
MAC002566,19.5,0.3053
MAC002566,20.0,0.2341
MAC002566,20.5,0.2622
MAC002566,21.0,0.2633
MAC002566,21.5,0.2343
MAC002566,22.0,0.1954
MAC002566,22.5,0.1655
MAC002566,23.0,0.1434
MAC002566,23.5,0.1241
MAC002592,0.0,0.7009
MAC002592,0.5,0.5736
MAC002592,1.0,0.5008
MAC002592,1.5,0.4516
MAC002592,2.0,0.4238
MAC002592,2.5,0.405
MAC002592,3.0,0.3936
MAC002592,3.5,0.3858
MAC002592,4.0,0.38
MAC002592,4.5,0.3778
MAC002592,5.0,0.3758
MAC002592,5.5,0.3746
MAC002592,6.0,0.377
MAC002592,6.5,0.428
MAC002592,7.0,0.5999
MAC002592,7.5,0.699
MAC002592,8.0,0.8153
MAC002592,8.5,0.8119
MAC002592,9.0,0.8024
MAC002592,9.5,0.7648
MAC002592,10.0,0.7604
MAC002592,10.5,0.6972
MAC002592,11.0,0.6881
MAC002592,11.5,0.6212
MAC002592,12.0,0.5664
MAC002592,12.5,0.5282
MAC002592,13.0,0.4912
MAC002592,13.5,0.498
MAC002592,14.0,0.4431
MAC002592,14.5,0.442
MAC002592,15.0,0.424
MAC002592,15.5,0.4577
MAC002592,16.0,0.5492
MAC002592,16.5,0.6585
MAC002592,17.0,0.7373
MAC002592,17.5,0.8135
MAC002592,18.0,0.8171
MAC002592,18.5,0.8132
MAC002592,19.0,0.8222
MAC002592,19.5,0.8559
MAC002592,20.0,0.9505
MAC002592,20.5,0.9861
MAC002592,21.0,0.9854
MAC002592,21.5,0.9841
MAC002592,22.0,0.9855
MAC002592,22.5,0.9379
MAC002592,23.0,0.8457
MAC002592,23.5,0.7853
MAC002609,0.0,0.1922
MAC002609,0.5,0.1673
MAC002609,1.0,0.1567
MAC002609,1.5,0.1363
MAC002609,2.0,0.1341
MAC002609,2.5,0.1248
MAC002609,3.0,0.1201
MAC002609,3.5,0.1153
MAC002609,4.0,0.1142
MAC002609,4.5,0.1089
MAC002609,5.0,0.1323
MAC002609,5.5,0.1304
MAC002609,6.0,0.1526
MAC002609,6.5,0.1909
MAC002609,7.0,0.2399
MAC002609,7.5,0.2958
MAC002609,8.0,0.3446
MAC002609,8.5,0.3639
MAC002609,9.0,0.345
MAC002609,9.5,0.3122
MAC002609,10.0,0.3279
MAC002609,10.5,0.3114
MAC002609,11.0,0.3021
MAC002609,11.5,0.2701
MAC002609,12.0,0.2556
MAC002609,12.5,0.2505
MAC002609,13.0,0.2686
MAC002609,13.5,0.2522
MAC002609,14.0,0.2522
MAC002609,14.5,0.2724
MAC002609,15.0,0.2713
MAC002609,15.5,0.2992
MAC002609,16.0,0.3276
MAC002609,16.5,0.3134
MAC002609,17.0,0.2899
MAC002609,17.5,0.3157
MAC002609,18.0,0.3086
MAC002609,18.5,0.3009
MAC002609,19.0,0.317
MAC002609,19.5,0.3057
MAC002609,20.0,0.2801
MAC002609,20.5,0.2824
MAC002609,21.0,0.2833
MAC002609,21.5,0.2839
MAC002609,22.0,0.3053
MAC002609,22.5,0.2989
MAC002609,23.0,0.2722
MAC002609,23.5,0.2285
MAC002643,0.0,0.1506
MAC002643,0.5,0.1388
MAC002643,1.0,0.135
MAC002643,1.5,0.1308
MAC002643,2.0,0.1299
MAC002643,2.5,0.1333
MAC002643,3.0,0.1291
MAC002643,3.5,0.134
MAC002643,4.0,0.1272
MAC002643,4.5,0.1637
MAC002643,5.0,0.1683
MAC002643,5.5,0.1773
MAC002643,6.0,0.2016
MAC002643,6.5,0.1961
MAC002643,7.0,0.2077
MAC002643,7.5,0.2008
MAC002643,8.0,0.1922
MAC002643,8.5,0.1568
MAC002643,9.0,0.1549
MAC002643,9.5,0.1512
MAC002643,10.0,0.1504
MAC002643,10.5,0.1464
MAC002643,11.0,0.1565
MAC002643,11.5,0.156
MAC002643,12.0,0.1609
MAC002643,12.5,0.1624
MAC002643,13.0,0.1634
MAC002643,13.5,0.1624
MAC002643,14.0,0.1616
MAC002643,14.5,0.166
MAC002643,15.0,0.1638
MAC002643,15.5,0.1991
MAC002643,16.0,0.2228
MAC002643,16.5,0.2296
MAC002643,17.0,0.2569
MAC002643,17.5,0.2472
MAC002643,18.0,0.2847
MAC002643,18.5,0.2791
MAC002643,19.0,0.2835
MAC002643,19.5,0.2749
MAC002643,20.0,0.2852
MAC002643,20.5,0.2628
MAC002643,21.0,0.2739
MAC002643,21.5,0.2628
MAC002643,22.0,0.258
MAC002643,22.5,0.2264
MAC002643,23.0,0.2026
MAC002643,23.5,0.1789
MAC002646,0.0,0.1663
MAC002646,0.5,0.1532
MAC002646,1.0,0.1529
MAC002646,1.5,0.1482
MAC002646,2.0,0.1364
MAC002646,2.5,0.1299
MAC002646,3.0,0.1211
MAC002646,3.5,0.117
MAC002646,4.0,0.1089
MAC002646,4.5,0.1128
MAC002646,5.0,0.1272
MAC002646,5.5,0.1851
MAC002646,6.0,0.2831
MAC002646,6.5,0.3906
MAC002646,7.0,0.4666
MAC002646,7.5,0.5281
MAC002646,8.0,0.5057
MAC002646,8.5,0.4302
MAC002646,9.0,0.3746
MAC002646,9.5,0.3416
MAC002646,10.0,0.2908
MAC002646,10.5,0.2968
MAC002646,11.0,0.2855
MAC002646,11.5,0.2729
MAC002646,12.0,0.258
MAC002646,12.5,0.2388
MAC002646,13.0,0.2301
MAC002646,13.5,0.2232
MAC002646,14.0,0.2035
MAC002646,14.5,0.2193
MAC002646,15.0,0.2431
MAC002646,15.5,0.2887
MAC002646,16.0,0.3309
MAC002646,16.5,0.3231
MAC002646,17.0,0.3407
MAC002646,17.5,0.322
MAC002646,18.0,0.3423
MAC002646,18.5,0.3518
MAC002646,19.0,0.3477
MAC002646,19.5,0.3394
MAC002646,20.0,0.3376
MAC002646,20.5,0.3179
MAC002646,21.0,0.2897
MAC002646,21.5,0.2731
MAC002646,22.0,0.241
MAC002646,22.5,0.213
MAC002646,23.0,0.1984
MAC002646,23.5,0.1797
MAC002652,0.0,0.6193
MAC002652,0.5,0.6117
MAC002652,1.0,0.576
MAC002652,1.5,0.5643
MAC002652,2.0,0.5403
MAC002652,2.5,0.4533
MAC002652,3.0,0.415
MAC002652,3.5,0.3913
MAC002652,4.0,0.3454
MAC002652,4.5,0.3072
MAC002652,5.0,0.3011
MAC002652,5.5,0.2919
MAC002652,6.0,0.2855
MAC002652,6.5,0.279
MAC002652,7.0,0.2794
MAC002652,7.5,0.2845
MAC002652,8.0,0.2828
MAC002652,8.5,0.2878
MAC002652,9.0,0.2994
MAC002652,9.5,0.3352
MAC002652,10.0,0.358
MAC002652,10.5,0.399
MAC002652,11.0,0.4159
MAC002652,11.5,0.4489
MAC002652,12.0,0.4719
MAC002652,12.5,0.5012
MAC002652,13.0,0.498
MAC002652,13.5,0.4926
MAC002652,14.0,0.47
MAC002652,14.5,0.4388
MAC002652,15.0,0.427
MAC002652,15.5,0.412
MAC002652,16.0,0.3924
MAC002652,16.5,0.4224
MAC002652,17.0,0.4238
MAC002652,17.5,0.4176
MAC002652,18.0,0.4146
MAC002652,18.5,0.4567
MAC002652,19.0,0.4625
MAC002652,19.5,0.4582
MAC002652,20.0,0.4475
MAC002652,20.5,0.466
MAC002652,21.0,0.4704
MAC002652,21.5,0.4945
MAC002652,22.0,0.5089
MAC002652,22.5,0.5451
MAC002652,23.0,0.6026
MAC002652,23.5,0.6237
MAC002662,0.0,0.2062
MAC002662,0.5,0.1903
MAC002662,1.0,0.172
MAC002662,1.5,0.1605
MAC002662,2.0,0.1651
MAC002662,2.5,0.1932
MAC002662,3.0,0.2379
MAC002662,3.5,0.2997
MAC002662,4.0,0.3779
MAC002662,4.5,0.4403
MAC002662,5.0,0.4578
MAC002662,5.5,0.418
MAC002662,6.0,0.386
MAC002662,6.5,0.4008
MAC002662,7.0,0.4024
MAC002662,7.5,0.4152
MAC002662,8.0,0.4482
MAC002662,8.5,0.4657
MAC002662,9.0,0.4315
MAC002662,9.5,0.3891
MAC002662,10.0,0.358
MAC002662,10.5,0.3255
MAC002662,11.0,0.3226
MAC002662,11.5,0.3286
MAC002662,12.0,0.333
MAC002662,12.5,0.3379
MAC002662,13.0,0.3322
MAC002662,13.5,0.3058
MAC002662,14.0,0.2801
MAC002662,14.5,0.2811
MAC002662,15.0,0.2777
MAC002662,15.5,0.2908
MAC002662,16.0,0.3035
MAC002662,16.5,0.3196
MAC002662,17.0,0.382
MAC002662,17.5,0.4525
MAC002662,18.0,0.4983
MAC002662,18.5,0.4614
MAC002662,19.0,0.4423
MAC002662,19.5,0.3998
MAC002662,20.0,0.3421
MAC002662,20.5,0.3023
MAC002662,21.0,0.2861
MAC002662,21.5,0.2676
MAC002662,22.0,0.2594
MAC002662,22.5,0.2453
MAC002662,23.0,0.23
MAC002662,23.5,0.2221
MAC002666,0.0,0.6994
MAC002666,0.5,0.6956
MAC002666,1.0,0.6944
MAC002666,1.5,0.7047
MAC002666,2.0,0.7012
MAC002666,2.5,0.6876
MAC002666,3.0,0.687
MAC002666,3.5,0.692
MAC002666,4.0,0.6998
MAC002666,4.5,0.6952
MAC002666,5.0,0.6949
MAC002666,5.5,0.7019
MAC002666,6.0,0.7495
MAC002666,6.5,0.7523
MAC002666,7.0,0.8159
MAC002666,7.5,0.7836
MAC002666,8.0,0.7914
MAC002666,8.5,0.8067
MAC002666,9.0,0.8061
MAC002666,9.5,0.8004
MAC002666,10.0,0.7924
MAC002666,10.5,0.7825
MAC002666,11.0,0.795
MAC002666,11.5,0.8012
MAC002666,12.0,0.8066
MAC002666,12.5,0.8021
MAC002666,13.0,0.8104
MAC002666,13.5,0.7997
MAC002666,14.0,0.7983
MAC002666,14.5,0.8299
MAC002666,15.0,0.8169
MAC002666,15.5,0.8349
MAC002666,16.0,0.8261
MAC002666,16.5,0.8254
MAC002666,17.0,0.8701
MAC002666,17.5,0.9542
MAC002666,18.0,1.0186
MAC002666,18.5,1.0963
MAC002666,19.0,1.1548
MAC002666,19.5,1.1945
MAC002666,20.0,1.2904
MAC002666,20.5,1.2672
MAC002666,21.0,1.3091
MAC002666,21.5,1.0847
MAC002666,22.0,0.9736
MAC002666,22.5,0.8185
MAC002666,23.0,0.7256
MAC002666,23.5,0.7052
MAC002667,0.0,0.4264
MAC002667,0.5,0.4205
MAC002667,1.0,0.4137
MAC002667,1.5,0.4035
MAC002667,2.0,0.4077
MAC002667,2.5,0.4118
MAC002667,3.0,0.4032
MAC002667,3.5,0.4083
MAC002667,4.0,0.4065
MAC002667,4.5,0.4071
MAC002667,5.0,0.4118
MAC002667,5.5,0.4231
MAC002667,6.0,0.4404
MAC002667,6.5,0.4462
MAC002667,7.0,0.4666
MAC002667,7.5,0.4857
MAC002667,8.0,0.492
MAC002667,8.5,0.4849
MAC002667,9.0,0.5043
MAC002667,9.5,0.512
MAC002667,10.0,0.5217
MAC002667,10.5,0.5246
MAC002667,11.0,0.5252
MAC002667,11.5,0.5571
MAC002667,12.0,0.5293
MAC002667,12.5,0.5576
MAC002667,13.0,0.5791
MAC002667,13.5,0.573
MAC002667,14.0,0.6272
MAC002667,14.5,0.5884
MAC002667,15.0,0.6327
MAC002667,15.5,0.704
MAC002667,16.0,0.7803
MAC002667,16.5,0.7613
MAC002667,17.0,0.7963
MAC002667,17.5,0.8083
MAC002667,18.0,0.8308
MAC002667,18.5,0.8663
MAC002667,19.0,0.8458
MAC002667,19.5,0.8412
MAC002667,20.0,0.8155
MAC002667,20.5,0.7066
MAC002667,21.0,0.5908
MAC002667,21.5,0.5514
MAC002667,22.0,0.5057
MAC002667,22.5,0.4851
MAC002667,23.0,0.4692
MAC002667,23.5,0.4399
MAC002675,0.0,0.1939
MAC002675,0.5,0.18
MAC002675,1.0,0.1521
MAC002675,1.5,0.1276
MAC002675,2.0,0.1132
MAC002675,2.5,0.1027
MAC002675,3.0,0.0932
MAC002675,3.5,0.0891
MAC002675,4.0,0.084
MAC002675,4.5,0.083
MAC002675,5.0,0.0986
MAC002675,5.5,0.1064
MAC002675,6.0,0.145
MAC002675,6.5,0.1756
MAC002675,7.0,0.2239
MAC002675,7.5,0.2361
MAC002675,8.0,0.1972
MAC002675,8.5,0.1917
MAC002675,9.0,0.1864
MAC002675,9.5,0.1717
MAC002675,10.0,0.1751
MAC002675,10.5,0.1507
MAC002675,11.0,0.1556
MAC002675,11.5,0.1597
MAC002675,12.0,0.1629
MAC002675,12.5,0.1532
MAC002675,13.0,0.1718
MAC002675,13.5,0.1561
MAC002675,14.0,0.1502
MAC002675,14.5,0.1613
MAC002675,15.0,0.165
MAC002675,15.5,0.1535
MAC002675,16.0,0.1476
MAC002675,16.5,0.1874
MAC002675,17.0,0.1913
MAC002675,17.5,0.1913
MAC002675,18.0,0.2253
MAC002675,18.5,0.2421
MAC002675,19.0,0.2378
MAC002675,19.5,0.2316
MAC002675,20.0,0.2356
MAC002675,20.5,0.2206
MAC002675,21.0,0.2622
MAC002675,21.5,0.2604
MAC002675,22.0,0.2634
MAC002675,22.5,0.2534
MAC002675,23.0,0.2501
MAC002675,23.5,0.2108
MAC002678,0.0,0.087
MAC002678,0.5,0.0882
MAC002678,1.0,0.0863
MAC002678,1.5,0.0864
MAC002678,2.0,0.0851
MAC002678,2.5,0.0856
MAC002678,3.0,0.0852
MAC002678,3.5,0.0853
MAC002678,4.0,0.0845
MAC002678,4.5,0.0845
MAC002678,5.0,0.104
MAC002678,5.5,0.1728
MAC002678,6.0,0.1602
MAC002678,6.5,0.2013
MAC002678,7.0,0.2098
MAC002678,7.5,0.2353
MAC002678,8.0,0.2524
MAC002678,8.5,0.2274
MAC002678,9.0,0.1973
MAC002678,9.5,0.1776
MAC002678,10.0,0.1845
MAC002678,10.5,0.2743
MAC002678,11.0,0.1716
MAC002678,11.5,0.2591
MAC002678,12.0,0.1903
MAC002678,12.5,0.1551
MAC002678,13.0,0.1714
MAC002678,13.5,0.1539
MAC002678,14.0,0.1654
MAC002678,14.5,0.155
MAC002678,15.0,0.1492
MAC002678,15.5,0.1405
MAC002678,16.0,0.2025
MAC002678,16.5,0.2742
MAC002678,17.0,0.2138
MAC002678,17.5,0.2864
MAC002678,18.0,0.1914
MAC002678,18.5,0.224
MAC002678,19.0,0.2399
MAC002678,19.5,0.2313
MAC002678,20.0,0.221
MAC002678,20.5,0.203
MAC002678,21.0,0.1858
MAC002678,21.5,0.1642
MAC002678,22.0,0.136
MAC002678,22.5,0.0971
MAC002678,23.0,0.0903
MAC002678,23.5,0.0873
MAC002704,0.0,0.4412
MAC002704,0.5,0.3778
MAC002704,1.0,0.3186
MAC002704,1.5,0.2869
MAC002704,2.0,0.264
MAC002704,2.5,0.2443
MAC002704,3.0,0.2329
MAC002704,3.5,0.2261
MAC002704,4.0,0.223
MAC002704,4.5,0.2219
MAC002704,5.0,0.2204
MAC002704,5.5,0.2444
MAC002704,6.0,0.3522
MAC002704,6.5,0.3482
MAC002704,7.0,0.4241
MAC002704,7.5,0.4576
MAC002704,8.0,0.455
MAC002704,8.5,0.4342
MAC002704,9.0,0.4178
MAC002704,9.5,0.4153
MAC002704,10.0,0.3804
MAC002704,10.5,0.3549
MAC002704,11.0,0.361
MAC002704,11.5,0.3552
MAC002704,12.0,0.3733
MAC002704,12.5,0.4209
MAC002704,13.0,0.4223
MAC002704,13.5,0.4246
MAC002704,14.0,0.4309
MAC002704,14.5,0.4146
MAC002704,15.0,0.4537
MAC002704,15.5,0.4696
MAC002704,16.0,0.5293
MAC002704,16.5,0.5665
MAC002704,17.0,0.5734
MAC002704,17.5,0.5898
MAC002704,18.0,0.5793
MAC002704,18.5,0.5898
MAC002704,19.0,0.6344
MAC002704,19.5,0.6978
MAC002704,20.0,0.7095
MAC002704,20.5,0.6683
MAC002704,21.0,0.6614
MAC002704,21.5,0.6391
MAC002704,22.0,0.6674
MAC002704,22.5,0.6447
MAC002704,23.0,0.6141
MAC002704,23.5,0.5279
MAC002713,0.0,0.4271
MAC002713,0.5,0.354
MAC002713,1.0,0.2931
MAC002713,1.5,0.2385
MAC002713,2.0,0.1983
MAC002713,2.5,0.1703
MAC002713,3.0,0.1587
MAC002713,3.5,0.1492
MAC002713,4.0,0.1426
MAC002713,4.5,0.1448
MAC002713,5.0,0.1584
MAC002713,5.5,0.1613
MAC002713,6.0,0.2326
MAC002713,6.5,0.2771
MAC002713,7.0,0.3713
MAC002713,7.5,0.4226
MAC002713,8.0,0.3949
MAC002713,8.5,0.4111
MAC002713,9.0,0.3723
MAC002713,9.5,0.3197
MAC002713,10.0,0.2929
MAC002713,10.5,0.2711
MAC002713,11.0,0.2726
MAC002713,11.5,0.2584
MAC002713,12.0,0.26
MAC002713,12.5,0.2686
MAC002713,13.0,0.2664
MAC002713,13.5,0.2771
MAC002713,14.0,0.3143
MAC002713,14.5,0.3252
MAC002713,15.0,0.3722
MAC002713,15.5,0.4234
MAC002713,16.0,0.4547
MAC002713,16.5,0.5448
MAC002713,17.0,0.5763
MAC002713,17.5,0.5743
MAC002713,18.0,0.5333
MAC002713,18.5,0.5311
MAC002713,19.0,0.514
MAC002713,19.5,0.5071
MAC002713,20.0,0.5125
MAC002713,20.5,0.4881
MAC002713,21.0,0.4628
MAC002713,21.5,0.4881
MAC002713,22.0,0.4909
MAC002713,22.5,0.4803
MAC002713,23.0,0.4769
MAC002713,23.5,0.4684
MAC002725,0.0,0.766
MAC002725,0.5,0.7192
MAC002725,1.0,0.7057
MAC002725,1.5,0.6885
MAC002725,2.0,0.7013
MAC002725,2.5,0.6826
MAC002725,3.0,0.6924
MAC002725,3.5,0.6815
MAC002725,4.0,0.6905
MAC002725,4.5,0.7162
MAC002725,5.0,0.7371
MAC002725,5.5,0.7434
MAC002725,6.0,0.7595
MAC002725,6.5,0.8251
MAC002725,7.0,0.9549
MAC002725,7.5,1.1303
MAC002725,8.0,1.3184
MAC002725,8.5,1.4015
MAC002725,9.0,1.568
MAC002725,9.5,1.5947
MAC002725,10.0,1.7848
MAC002725,10.5,1.8319
MAC002725,11.0,1.704
MAC002725,11.5,1.6369
MAC002725,12.0,1.603
MAC002725,12.5,1.5584
MAC002725,13.0,1.4013
MAC002725,13.5,1.3275
MAC002725,14.0,1.2637
MAC002725,14.5,1.2024
MAC002725,15.0,1.1765
MAC002725,15.5,1.2221
MAC002725,16.0,1.2556
MAC002725,16.5,1.2785
MAC002725,17.0,1.337
MAC002725,17.5,1.405
MAC002725,18.0,1.4564
MAC002725,18.5,1.5027
MAC002725,19.0,1.5124
MAC002725,19.5,1.48
MAC002725,20.0,1.4396
MAC002725,20.5,1.3794
MAC002725,21.0,1.2823
MAC002725,21.5,1.1689
MAC002725,22.0,1.0692
MAC002725,22.5,0.9703
MAC002725,23.0,0.9084
MAC002725,23.5,0.8334
MAC002728,0.0,0.2723
MAC002728,0.5,0.2425
MAC002728,1.0,0.2157
MAC002728,1.5,0.2096
MAC002728,2.0,0.2013
MAC002728,2.5,0.1888
MAC002728,3.0,0.1916
MAC002728,3.5,0.189
MAC002728,4.0,0.1922
MAC002728,4.5,0.2552
MAC002728,5.0,0.3534
MAC002728,5.5,0.2907
MAC002728,6.0,0.364
MAC002728,6.5,0.3071
MAC002728,7.0,0.3801
MAC002728,7.5,0.4331
MAC002728,8.0,0.4384
MAC002728,8.5,0.4899
MAC002728,9.0,0.4794
MAC002728,9.5,0.5668
MAC002728,10.0,0.6194
MAC002728,10.5,0.5736
MAC002728,11.0,0.5337
MAC002728,11.5,0.5827
MAC002728,12.0,0.6343
MAC002728,12.5,0.61
MAC002728,13.0,0.5513
MAC002728,13.5,0.5315
MAC002728,14.0,0.5354
MAC002728,14.5,0.5465
MAC002728,15.0,0.5909
MAC002728,15.5,0.5352
MAC002728,16.0,0.5979
MAC002728,16.5,0.6113
MAC002728,17.0,0.7031
MAC002728,17.5,0.8019
MAC002728,18.0,0.8671
MAC002728,18.5,0.8566
MAC002728,19.0,0.8287
MAC002728,19.5,0.8132
MAC002728,20.0,0.7683
MAC002728,20.5,0.667
MAC002728,21.0,0.6435
MAC002728,21.5,0.5502
MAC002728,22.0,0.5107
MAC002728,22.5,0.4569
MAC002728,23.0,0.366
MAC002728,23.5,0.3236
MAC002738,0.0,0.165
MAC002738,0.5,0.1315
MAC002738,1.0,0.1051
MAC002738,1.5,0.0905
MAC002738,2.0,0.0883
MAC002738,2.5,0.0832
MAC002738,3.0,0.0855
MAC002738,3.5,0.0854
MAC002738,4.0,0.0926
MAC002738,4.5,0.2194
MAC002738,5.0,0.2056
MAC002738,5.5,0.3119
MAC002738,6.0,0.2885
MAC002738,6.5,0.2905
MAC002738,7.0,0.2378
MAC002738,7.5,0.31
MAC002738,8.0,0.2153
MAC002738,8.5,0.2461
MAC002738,9.0,0.2215
MAC002738,9.5,0.1996
MAC002738,10.0,0.1961
MAC002738,10.5,0.2066
MAC002738,11.0,0.2017
MAC002738,11.5,0.1898
MAC002738,12.0,0.1943
MAC002738,12.5,0.201
MAC002738,13.0,0.2193
MAC002738,13.5,0.2266
MAC002738,14.0,0.2508
MAC002738,14.5,0.2848
MAC002738,15.0,0.3249
MAC002738,15.5,0.3187
MAC002738,16.0,0.2939
MAC002738,16.5,0.2892
MAC002738,17.0,0.3336
MAC002738,17.5,0.3277
MAC002738,18.0,0.3866
MAC002738,18.5,0.3734
MAC002738,19.0,0.2983
MAC002738,19.5,0.2975
MAC002738,20.0,0.2283
MAC002738,20.5,0.2254
MAC002738,21.0,0.2256
MAC002738,21.5,0.2211
MAC002738,22.0,0.2193
MAC002738,22.5,0.2201
MAC002738,23.0,0.2111
MAC002738,23.5,0.1941
MAC002743,0.0,0.5166
MAC002743,0.5,0.5618
MAC002743,1.0,0.5141
MAC002743,1.5,0.5091
MAC002743,2.0,0.4331
MAC002743,2.5,0.3819
MAC002743,3.0,0.3585
MAC002743,3.5,0.3227
MAC002743,4.0,0.2871
MAC002743,4.5,0.2741
MAC002743,5.0,0.334
MAC002743,5.5,0.391
MAC002743,6.0,0.4646
MAC002743,6.5,0.4915
MAC002743,7.0,0.4788
MAC002743,7.5,0.434
MAC002743,8.0,0.363
MAC002743,8.5,0.3084
MAC002743,9.0,0.2738
MAC002743,9.5,0.2592
MAC002743,10.0,0.2747
MAC002743,10.5,0.2957
MAC002743,11.0,0.3023
MAC002743,11.5,0.3425
MAC002743,12.0,0.3544
MAC002743,12.5,0.3612
MAC002743,13.0,0.3685
MAC002743,13.5,0.3854
MAC002743,14.0,0.4061
MAC002743,14.5,0.4188
MAC002743,15.0,0.4215
MAC002743,15.5,0.4464
MAC002743,16.0,0.4566
MAC002743,16.5,0.4179
MAC002743,17.0,0.4663
MAC002743,17.5,0.4735
MAC002743,18.0,0.4529
MAC002743,18.5,0.457
MAC002743,19.0,0.4578
MAC002743,19.5,0.4622
MAC002743,20.0,0.4576
MAC002743,20.5,0.4455
MAC002743,21.0,0.4449
MAC002743,21.5,0.4512
MAC002743,22.0,0.449
MAC002743,22.5,0.4312
MAC002743,23.0,0.4442
MAC002743,23.5,0.4553
MAC002746,0.0,0.2066
MAC002746,0.5,0.146
MAC002746,1.0,0.1096
MAC002746,1.5,0.0818
MAC002746,2.0,0.0727
MAC002746,2.5,0.0685
MAC002746,3.0,0.0688
MAC002746,3.5,0.0659
MAC002746,4.0,0.0668
MAC002746,4.5,0.0694
MAC002746,5.0,0.0693
MAC002746,5.5,0.0753
MAC002746,6.0,0.0744
MAC002746,6.5,0.1069
MAC002746,7.0,0.1492
MAC002746,7.5,0.136
MAC002746,8.0,0.1466
MAC002746,8.5,0.1048
MAC002746,9.0,0.0989
MAC002746,9.5,0.1088
MAC002746,10.0,0.1144
MAC002746,10.5,0.1351
MAC002746,11.0,0.1243
MAC002746,11.5,0.113
MAC002746,12.0,0.1164
MAC002746,12.5,0.1205
MAC002746,13.0,0.1157
MAC002746,13.5,0.1105
MAC002746,14.0,0.1114
MAC002746,14.5,0.1052
MAC002746,15.0,0.1096
MAC002746,15.5,0.0993
MAC002746,16.0,0.0965
MAC002746,16.5,0.0954
MAC002746,17.0,0.1058
MAC002746,17.5,0.1044
MAC002746,18.0,0.1192
MAC002746,18.5,0.1359
MAC002746,19.0,0.1539
MAC002746,19.5,0.1752
MAC002746,20.0,0.193
MAC002746,20.5,0.2048
MAC002746,21.0,0.1961
MAC002746,21.5,0.1905
MAC002746,22.0,0.1973
MAC002746,22.5,0.2254
MAC002746,23.0,0.2584
MAC002746,23.5,0.244
MAC002757,0.0,0.4047
MAC002757,0.5,0.3977
MAC002757,1.0,0.386
MAC002757,1.5,0.3776
MAC002757,2.0,0.3662
MAC002757,2.5,0.3686
MAC002757,3.0,0.3636
MAC002757,3.5,0.3633
MAC002757,4.0,0.3653
MAC002757,4.5,0.3724
MAC002757,5.0,0.3966
MAC002757,5.5,0.4418
MAC002757,6.0,0.5065
MAC002757,6.5,0.6823
MAC002757,7.0,0.7711
MAC002757,7.5,0.8316
MAC002757,8.0,0.8286
MAC002757,8.5,0.8269
MAC002757,9.0,0.8076
MAC002757,9.5,0.7946
MAC002757,10.0,0.8666
MAC002757,10.5,0.972
MAC002757,11.0,1.0844
MAC002757,11.5,1.0676
MAC002757,12.0,1.0562
MAC002757,12.5,1.1063
MAC002757,13.0,1.2029
MAC002757,13.5,1.2302
MAC002757,14.0,1.2459
MAC002757,14.5,1.3266
MAC002757,15.0,1.381
MAC002757,15.5,1.4578
MAC002757,16.0,1.5067
MAC002757,16.5,1.5713
MAC002757,17.0,1.7872
MAC002757,17.5,1.7932
MAC002757,18.0,1.7503
MAC002757,18.5,1.6228
MAC002757,19.0,1.359
MAC002757,19.5,1.1188
MAC002757,20.0,1.0016
MAC002757,20.5,0.9417
MAC002757,21.0,0.8801
MAC002757,21.5,0.8118
MAC002757,22.0,0.7039
MAC002757,22.5,0.6056
MAC002757,23.0,0.5059
MAC002757,23.5,0.4473
MAC002765,0.0,0.3616
MAC002765,0.5,0.3249
MAC002765,1.0,0.3091
MAC002765,1.5,0.3277
MAC002765,2.0,0.3425
MAC002765,2.5,0.3222
MAC002765,3.0,0.3221
MAC002765,3.5,0.3175
MAC002765,4.0,0.3173
MAC002765,4.5,0.3356
MAC002765,5.0,0.4025
MAC002765,5.5,0.5008
MAC002765,6.0,0.5837
MAC002765,6.5,0.7625
MAC002765,7.0,0.8396
MAC002765,7.5,0.9222
MAC002765,8.0,0.9208
MAC002765,8.5,0.7827
MAC002765,9.0,0.7327
MAC002765,9.5,0.6804
MAC002765,10.0,0.6337
MAC002765,10.5,0.6713
MAC002765,11.0,0.8157
MAC002765,11.5,0.958
MAC002765,12.0,1.0672
MAC002765,12.5,0.9171
MAC002765,13.0,0.8087
MAC002765,13.5,0.6647
MAC002765,14.0,0.5798
MAC002765,14.5,0.5598
MAC002765,15.0,0.589
MAC002765,15.5,0.5866
MAC002765,16.0,0.6336
MAC002765,16.5,0.6458
MAC002765,17.0,0.7001
MAC002765,17.5,0.7887
MAC002765,18.0,1.0002
MAC002765,18.5,1.1394
MAC002765,19.0,1.1153
MAC002765,19.5,1.0491
MAC002765,20.0,0.8598
MAC002765,20.5,0.7747
MAC002765,21.0,0.7584
MAC002765,21.5,0.7601
MAC002765,22.0,0.748
MAC002765,22.5,0.6678
MAC002765,23.0,0.565
MAC002765,23.5,0.4644
MAC002776,0.0,0.1693
MAC002776,0.5,0.1515
MAC002776,1.0,0.146
MAC002776,1.5,0.1361
MAC002776,2.0,0.1416
MAC002776,2.5,0.1407
MAC002776,3.0,0.1378
MAC002776,3.5,0.1452
MAC002776,4.0,0.1713
MAC002776,4.5,0.249
MAC002776,5.0,0.3031
MAC002776,5.5,0.3658
MAC002776,6.0,0.4052
MAC002776,6.5,0.4015
MAC002776,7.0,0.3915
MAC002776,7.5,0.4267
MAC002776,8.0,0.5207
MAC002776,8.5,0.6479
MAC002776,9.0,0.6802
MAC002776,9.5,0.7364
MAC002776,10.0,0.7128
MAC002776,10.5,0.6831
MAC002776,11.0,0.6338
MAC002776,11.5,0.5837
MAC002776,12.0,0.5248
MAC002776,12.5,0.4632
MAC002776,13.0,0.4237
MAC002776,13.5,0.4521
MAC002776,14.0,0.4875
MAC002776,14.5,0.6025
MAC002776,15.0,0.7503
MAC002776,15.5,0.9017
MAC002776,16.0,1.0081
MAC002776,16.5,1.0257
MAC002776,17.0,1.0432
MAC002776,17.5,1.0597
MAC002776,18.0,1.0604
MAC002776,18.5,1.066
MAC002776,19.0,1.1355
MAC002776,19.5,1.1926
MAC002776,20.0,1.3672
MAC002776,20.5,1.533
MAC002776,21.0,1.4147
MAC002776,21.5,1.1635
MAC002776,22.0,0.8533
MAC002776,22.5,0.6569
MAC002776,23.0,0.4348
MAC002776,23.5,0.2968
MAC002837,0.0,0.1472
MAC002837,0.5,0.1459
MAC002837,1.0,0.1452
MAC002837,1.5,0.1454
MAC002837,2.0,0.1449
MAC002837,2.5,0.1461
MAC002837,3.0,0.1884
MAC002837,3.5,0.228
MAC002837,4.0,0.2252
MAC002837,4.5,0.2194
MAC002837,5.0,0.2011
MAC002837,5.5,0.1958
MAC002837,6.0,0.2144
MAC002837,6.5,0.224
MAC002837,7.0,0.2337
MAC002837,7.5,0.2163
MAC002837,8.0,0.2004
MAC002837,8.5,0.199
MAC002837,9.0,0.1872
MAC002837,9.5,0.2023
MAC002837,10.0,0.2303
MAC002837,10.5,0.265
MAC002837,11.0,0.2775
MAC002837,11.5,0.2714
MAC002837,12.0,0.2614
MAC002837,12.5,0.2417
MAC002837,13.0,0.2354
MAC002837,13.5,0.2562
MAC002837,14.0,0.2666
MAC002837,14.5,0.2632
MAC002837,15.0,0.2922
MAC002837,15.5,0.3276
MAC002837,16.0,0.335
MAC002837,16.5,0.3458
MAC002837,17.0,0.3909
MAC002837,17.5,0.4496
MAC002837,18.0,0.4791
MAC002837,18.5,0.5009
MAC002837,19.0,0.519
MAC002837,19.5,0.5337
MAC002837,20.0,0.5553
MAC002837,20.5,0.4958
MAC002837,21.0,0.3694
MAC002837,21.5,0.2412
MAC002837,22.0,0.1699
MAC002837,22.5,0.1536
MAC002837,23.0,0.1488
MAC002837,23.5,0.1474
MAC002843,0.0,0.2284
MAC002843,0.5,0.2229
MAC002843,1.0,0.2247
MAC002843,1.5,0.213
MAC002843,2.0,0.2098
MAC002843,2.5,0.2037
MAC002843,3.0,0.2009
MAC002843,3.5,0.1936
MAC002843,4.0,0.1887
MAC002843,4.5,0.1892
MAC002843,5.0,0.1893
MAC002843,5.5,0.1904
MAC002843,6.0,0.203
MAC002843,6.5,0.2155
MAC002843,7.0,0.2177
MAC002843,7.5,0.2282
MAC002843,8.0,0.2121
MAC002843,8.5,0.2029
MAC002843,9.0,0.2055
MAC002843,9.5,0.2063
MAC002843,10.0,0.2071
MAC002843,10.5,0.2211
MAC002843,11.0,0.2355
MAC002843,11.5,0.2401
MAC002843,12.0,0.2369
MAC002843,12.5,0.2357
MAC002843,13.0,0.2341
MAC002843,13.5,0.2294
MAC002843,14.0,0.2331
MAC002843,14.5,0.2364
MAC002843,15.0,0.2653
MAC002843,15.5,0.2695
MAC002843,16.0,0.2816
MAC002843,16.5,0.2913
MAC002843,17.0,0.3117
MAC002843,17.5,0.3351
MAC002843,18.0,0.3395
MAC002843,18.5,0.3682
MAC002843,19.0,0.4093
MAC002843,19.5,0.3746
MAC002843,20.0,0.3133
MAC002843,20.5,0.2934
MAC002843,21.0,0.2684
MAC002843,21.5,0.2542
MAC002843,22.0,0.2494
MAC002843,22.5,0.2494
MAC002843,23.0,0.2354
MAC002843,23.5,0.2321
MAC002852,0.0,1.484
MAC002852,0.5,1.0286
MAC002852,1.0,0.9133
MAC002852,1.5,0.8402
MAC002852,2.0,0.789
MAC002852,2.5,0.7534
MAC002852,3.0,0.7961
MAC002852,3.5,0.7773
MAC002852,4.0,0.7376
MAC002852,4.5,0.7356
MAC002852,5.0,0.7116
MAC002852,5.5,0.7355
MAC002852,6.0,0.7611
MAC002852,6.5,0.7573
MAC002852,7.0,0.8517
MAC002852,7.5,1.1933
MAC002852,8.0,1.4085
MAC002852,8.5,1.8929
MAC002852,9.0,1.811
MAC002852,9.5,1.4917
MAC002852,10.0,1.3798
MAC002852,10.5,0.8971
MAC002852,11.0,0.8941
MAC002852,11.5,0.9248
MAC002852,12.0,0.9069
MAC002852,12.5,0.886
MAC002852,13.0,0.8326
MAC002852,13.5,0.834
MAC002852,14.0,0.8179
MAC002852,14.5,0.8468
MAC002852,15.0,0.8508
MAC002852,15.5,0.9073
MAC002852,16.0,0.9233
MAC002852,16.5,0.9383
MAC002852,17.0,1.0908
MAC002852,17.5,1.7524
MAC002852,18.0,1.7227
MAC002852,18.5,1.7693
MAC002852,19.0,1.7576
MAC002852,19.5,1.8602
MAC002852,20.0,1.8514
MAC002852,20.5,1.82
MAC002852,21.0,1.8082
MAC002852,21.5,1.8602
MAC002852,22.0,1.8178
MAC002852,22.5,1.8191
MAC002852,23.0,1.7369
MAC002852,23.5,1.673
MAC002856,0.0,0.3101
MAC002856,0.5,0.2233
MAC002856,1.0,0.175
MAC002856,1.5,0.1372
MAC002856,2.0,0.1246
MAC002856,2.5,0.1201
MAC002856,3.0,0.1218
MAC002856,3.5,0.1173
MAC002856,4.0,0.1145
MAC002856,4.5,0.115
MAC002856,5.0,0.1139
MAC002856,5.5,0.131
MAC002856,6.0,0.1483
MAC002856,6.5,0.1798
MAC002856,7.0,0.2657
MAC002856,7.5,0.3193
MAC002856,8.0,0.4301
MAC002856,8.5,0.5022
MAC002856,9.0,0.6337
MAC002856,9.5,0.7981
MAC002856,10.0,0.9101
MAC002856,10.5,0.9682
MAC002856,11.0,1.0021
MAC002856,11.5,1.0026
MAC002856,12.0,0.9775
MAC002856,12.5,0.9456
MAC002856,13.0,0.9284
MAC002856,13.5,0.9307
MAC002856,14.0,0.9017
MAC002856,14.5,0.9284
MAC002856,15.0,0.8307
MAC002856,15.5,0.8591
MAC002856,16.0,0.9899
MAC002856,16.5,1.123
MAC002856,17.0,1.2066
MAC002856,17.5,1.1815
MAC002856,18.0,1.1826
MAC002856,18.5,1.0391
MAC002856,19.0,0.9507
MAC002856,19.5,0.9202
MAC002856,20.0,0.8451
MAC002856,20.5,0.8334
MAC002856,21.0,0.7966
MAC002856,21.5,0.6976
MAC002856,22.0,0.6381
MAC002856,22.5,0.5791
MAC002856,23.0,0.4952
MAC002856,23.5,0.3881
MAC002869,0.0,0.3345
MAC002869,0.5,0.3192
MAC002869,1.0,0.3177
MAC002869,1.5,0.3171
MAC002869,2.0,0.3194
MAC002869,2.5,0.3085
MAC002869,3.0,0.3174
MAC002869,3.5,0.3138
MAC002869,4.0,0.3104
MAC002869,4.5,0.3131
MAC002869,5.0,0.3065
MAC002869,5.5,0.3269
MAC002869,6.0,0.337
MAC002869,6.5,0.3964
MAC002869,7.0,0.9684
MAC002869,7.5,1.1247
MAC002869,8.0,1.7615
MAC002869,8.5,1.9019
MAC002869,9.0,1.9855
MAC002869,9.5,1.9965
MAC002869,10.0,1.8455
MAC002869,10.5,1.7069
MAC002869,11.0,1.6722
MAC002869,11.5,1.8702
MAC002869,12.0,1.7005
MAC002869,12.5,1.69
MAC002869,13.0,1.5041
MAC002869,13.5,1.3535
MAC002869,14.0,1.3236
MAC002869,14.5,1.2095
MAC002869,15.0,1.2878
MAC002869,15.5,1.2876
MAC002869,16.0,1.4631
MAC002869,16.5,1.5839
MAC002869,17.0,1.6508
MAC002869,17.5,1.9202
MAC002869,18.0,1.8561
MAC002869,18.5,1.7382
MAC002869,19.0,1.4935
MAC002869,19.5,1.2962
MAC002869,20.0,1.2066
MAC002869,20.5,1.16
MAC002869,21.0,1.2057
MAC002869,21.5,1.26
MAC002869,22.0,1.1205
MAC002869,22.5,0.829
MAC002869,23.0,0.5903
MAC002869,23.5,0.4228
MAC002879,0.0,0.1417
MAC002879,0.5,0.133
MAC002879,1.0,0.1239
MAC002879,1.5,0.1233
MAC002879,2.0,0.1202
MAC002879,2.5,0.1177
MAC002879,3.0,0.1223
MAC002879,3.5,0.1224
MAC002879,4.0,0.1187
MAC002879,4.5,0.1176
MAC002879,5.0,0.1165
MAC002879,5.5,0.1196
MAC002879,6.0,0.1301
MAC002879,6.5,0.1518
MAC002879,7.0,0.1422
MAC002879,7.5,0.1316
MAC002879,8.0,0.117
MAC002879,8.5,0.1249
MAC002879,9.0,0.1287
MAC002879,9.5,0.1406
MAC002879,10.0,0.1447
MAC002879,10.5,0.1427
MAC002879,11.0,0.15
MAC002879,11.5,0.1656
MAC002879,12.0,0.1641
MAC002879,12.5,0.1569
MAC002879,13.0,0.1644
MAC002879,13.5,0.1557
MAC002879,14.0,0.1615
MAC002879,14.5,0.1668
MAC002879,15.0,0.1715
MAC002879,15.5,0.1568
MAC002879,16.0,0.1621
MAC002879,16.5,0.1633
MAC002879,17.0,0.2005
MAC002879,17.5,0.2197
MAC002879,18.0,0.2448
MAC002879,18.5,0.2828
MAC002879,19.0,0.2898
MAC002879,19.5,0.2844
MAC002879,20.0,0.2699
MAC002879,20.5,0.2454
MAC002879,21.0,0.2327
MAC002879,21.5,0.2286
MAC002879,22.0,0.2196
MAC002879,22.5,0.2013
MAC002879,23.0,0.1863
MAC002879,23.5,0.1628
MAC002881,0.0,0.7865
MAC002881,0.5,0.719
MAC002881,1.0,0.6323
MAC002881,1.5,0.5647
MAC002881,2.0,0.5194
MAC002881,2.5,0.4966
MAC002881,3.0,0.4983
MAC002881,3.5,0.4917
MAC002881,4.0,0.4908
MAC002881,4.5,0.4874
MAC002881,5.0,0.4897
MAC002881,5.5,0.5003
MAC002881,6.0,0.4993
MAC002881,6.5,0.6342
MAC002881,7.0,0.582
MAC002881,7.5,0.661
MAC002881,8.0,0.5874
MAC002881,8.5,0.5725
MAC002881,9.0,0.5728
MAC002881,9.5,0.5701
MAC002881,10.0,0.561
MAC002881,10.5,0.5715
MAC002881,11.0,0.5723
MAC002881,11.5,0.5628
MAC002881,12.0,0.5731
MAC002881,12.5,0.5942
MAC002881,13.0,0.589
MAC002881,13.5,0.5924
MAC002881,14.0,0.5794
MAC002881,14.5,0.5874
MAC002881,15.0,0.5756
MAC002881,15.5,0.5901
MAC002881,16.0,0.5959
MAC002881,16.5,0.5945
MAC002881,17.0,0.6053
MAC002881,17.5,0.6155
MAC002881,18.0,0.6299
MAC002881,18.5,0.6525
MAC002881,19.0,0.7092
MAC002881,19.5,0.776
MAC002881,20.0,0.8518
MAC002881,20.5,0.8837
MAC002881,21.0,0.8986
MAC002881,21.5,0.8901
MAC002881,22.0,0.8803
MAC002881,22.5,0.8676
MAC002881,23.0,0.8637
MAC002881,23.5,0.8253
MAC002893,0.0,0.2026
MAC002893,0.5,0.1723
MAC002893,1.0,0.1504
MAC002893,1.5,0.1284
MAC002893,2.0,0.123
MAC002893,2.5,0.1161
MAC002893,3.0,0.117
MAC002893,3.5,0.1141
MAC002893,4.0,0.116
MAC002893,4.5,0.1272
MAC002893,5.0,0.1999
MAC002893,5.5,0.3022
MAC002893,6.0,0.2918
MAC002893,6.5,0.3862
MAC002893,7.0,0.3947
MAC002893,7.5,0.3852
MAC002893,8.0,0.4166
MAC002893,8.5,0.3315
MAC002893,9.0,0.4235
MAC002893,9.5,0.463
MAC002893,10.0,0.5016
MAC002893,10.5,0.4674
MAC002893,11.0,0.4622
MAC002893,11.5,0.4757
MAC002893,12.0,0.5946
MAC002893,12.5,0.481
MAC002893,13.0,0.5428
MAC002893,13.5,0.4686
MAC002893,14.0,0.4323
MAC002893,14.5,0.4215
MAC002893,15.0,0.4548
MAC002893,15.5,0.5058
MAC002893,16.0,0.5202
MAC002893,16.5,0.51
MAC002893,17.0,0.4799
MAC002893,17.5,0.7765
MAC002893,18.0,0.5483
MAC002893,18.5,0.8332
MAC002893,19.0,0.5225
MAC002893,19.5,0.4557
MAC002893,20.0,0.4215
MAC002893,20.5,0.3991
MAC002893,21.0,0.3585
MAC002893,21.5,0.3292
MAC002893,22.0,0.2982
MAC002893,22.5,0.2716
MAC002893,23.0,0.2453
MAC002893,23.5,0.2255
MAC002895,0.0,0.2227
MAC002895,0.5,0.2039
MAC002895,1.0,0.192
MAC002895,1.5,0.1926
MAC002895,2.0,0.1883
MAC002895,2.5,0.1763
MAC002895,3.0,0.1693
MAC002895,3.5,0.1678
MAC002895,4.0,0.1685
MAC002895,4.5,0.1616
MAC002895,5.0,0.1619
MAC002895,5.5,0.1601
MAC002895,6.0,0.1606
MAC002895,6.5,0.156
MAC002895,7.0,0.2022
MAC002895,7.5,0.1943
MAC002895,8.0,0.2963
MAC002895,8.5,0.2398
MAC002895,9.0,0.2817
MAC002895,9.5,0.2901
MAC002895,10.0,0.3312
MAC002895,10.5,0.3858
MAC002895,11.0,0.4107
MAC002895,11.5,0.3655
MAC002895,12.0,0.3771
MAC002895,12.5,0.3378
MAC002895,13.0,0.2903
MAC002895,13.5,0.2782
MAC002895,14.0,0.2764
MAC002895,14.5,0.2836
MAC002895,15.0,0.3067
MAC002895,15.5,0.3379
MAC002895,16.0,0.3742
MAC002895,16.5,0.36
MAC002895,17.0,0.3405
MAC002895,17.5,0.3508
MAC002895,18.0,0.341
MAC002895,18.5,0.3597
MAC002895,19.0,0.3895
MAC002895,19.5,0.4113
MAC002895,20.0,0.4177
MAC002895,20.5,0.4259
MAC002895,21.0,0.4088
MAC002895,21.5,0.3785
MAC002895,22.0,0.3373
MAC002895,22.5,0.2987
MAC002895,23.0,0.2641
MAC002895,23.5,0.2421
MAC002896,0.0,0.3673
MAC002896,0.5,0.3568
MAC002896,1.0,0.3484
MAC002896,1.5,0.346
MAC002896,2.0,0.3449
MAC002896,2.5,0.3436
MAC002896,3.0,0.3428
MAC002896,3.5,0.3433
MAC002896,4.0,0.3414
MAC002896,4.5,0.3444
MAC002896,5.0,0.3653
MAC002896,5.5,0.4204
MAC002896,6.0,0.6394
MAC002896,6.5,0.765
MAC002896,7.0,0.918
MAC002896,7.5,0.9398
MAC002896,8.0,0.8822
MAC002896,8.5,0.7669
MAC002896,9.0,0.7505
MAC002896,9.5,0.6619
MAC002896,10.0,0.6251
MAC002896,10.5,0.6048
MAC002896,11.0,0.5827
MAC002896,11.5,0.6069
MAC002896,12.0,0.6683
MAC002896,12.5,0.7057
MAC002896,13.0,0.7244
MAC002896,13.5,0.7043
MAC002896,14.0,0.6988
MAC002896,14.5,0.7329
MAC002896,15.0,0.8304
MAC002896,15.5,0.9929
MAC002896,16.0,1.1796
MAC002896,16.5,1.2745
MAC002896,17.0,1.3502
MAC002896,17.5,1.3647
MAC002896,18.0,1.3917
MAC002896,18.5,1.3989
MAC002896,19.0,1.3905
MAC002896,19.5,1.3373
MAC002896,20.0,1.2379
MAC002896,20.5,1.1372
MAC002896,21.0,0.9444
MAC002896,21.5,0.7564
MAC002896,22.0,0.5911
MAC002896,22.5,0.4737
MAC002896,23.0,0.3996
MAC002896,23.5,0.3797
MAC002903,0.0,0.4832
MAC002903,0.5,0.4501
MAC002903,1.0,0.4085
MAC002903,1.5,0.3757
MAC002903,2.0,0.3523
MAC002903,2.5,0.3358
MAC002903,3.0,0.3229
MAC002903,3.5,0.3135
MAC002903,4.0,0.3116
MAC002903,4.5,0.3119
MAC002903,5.0,0.325
MAC002903,5.5,0.3286
MAC002903,6.0,0.3483
MAC002903,6.5,0.3806
MAC002903,7.0,0.3938
MAC002903,7.5,0.4191
MAC002903,8.0,0.4449
MAC002903,8.5,0.4532
MAC002903,9.0,0.4826
MAC002903,9.5,0.4895
MAC002903,10.0,0.492
MAC002903,10.5,0.4876
MAC002903,11.0,0.4934
MAC002903,11.5,0.5044
MAC002903,12.0,0.5065
MAC002903,12.5,0.5038
MAC002903,13.0,0.4952
MAC002903,13.5,0.4867
MAC002903,14.0,0.4871
MAC002903,14.5,0.5048
MAC002903,15.0,0.5157
MAC002903,15.5,0.5377
MAC002903,16.0,0.5483
MAC002903,16.5,0.5603
MAC002903,17.0,0.5788
MAC002903,17.5,0.5796
MAC002903,18.0,0.5714
MAC002903,18.5,0.5723
MAC002903,19.0,0.5548
MAC002903,19.5,0.5652
MAC002903,20.0,0.5717
MAC002903,20.5,0.5822
MAC002903,21.0,0.6039
MAC002903,21.5,0.6017
MAC002903,22.0,0.6018
MAC002903,22.5,0.5869
MAC002903,23.0,0.5523
MAC002903,23.5,0.5042
MAC002910,0.0,0.1751
MAC002910,0.5,0.1502
MAC002910,1.0,0.1463
MAC002910,1.5,0.1458
MAC002910,2.0,0.1429
MAC002910,2.5,0.1397
MAC002910,3.0,0.1389
MAC002910,3.5,0.1404
MAC002910,4.0,0.1391
MAC002910,4.5,0.1379
MAC002910,5.0,0.1393
MAC002910,5.5,0.1535
MAC002910,6.0,0.156
MAC002910,6.5,0.2221
MAC002910,7.0,0.4023
MAC002910,7.5,0.3374
MAC002910,8.0,0.5403
MAC002910,8.5,0.4159
MAC002910,9.0,0.4592
MAC002910,9.5,0.3931
MAC002910,10.0,0.3241
MAC002910,10.5,0.2974
MAC002910,11.0,0.3362
MAC002910,11.5,0.3487
MAC002910,12.0,0.3663
MAC002910,12.5,0.3593
MAC002910,13.0,0.2927
MAC002910,13.5,0.2724
MAC002910,14.0,0.2653
MAC002910,14.5,0.2585
MAC002910,15.0,0.2592
MAC002910,15.5,0.2874
MAC002910,16.0,0.302
MAC002910,16.5,0.3558
MAC002910,17.0,0.4189
MAC002910,17.5,0.4189
MAC002910,18.0,0.467
MAC002910,18.5,0.4191
MAC002910,19.0,0.4598
MAC002910,19.5,0.4313
MAC002910,20.0,0.4416
MAC002910,20.5,0.4188
MAC002910,21.0,0.4187
MAC002910,21.5,0.3918
MAC002910,22.0,0.392
MAC002910,22.5,0.3503
MAC002910,23.0,0.2731
MAC002910,23.5,0.2338
MAC002916,0.0,0.1202
MAC002916,0.5,0.1146
MAC002916,1.0,0.1099
MAC002916,1.5,0.1103
MAC002916,2.0,0.1085
MAC002916,2.5,0.1094
MAC002916,3.0,0.1077
MAC002916,3.5,0.1108
MAC002916,4.0,0.1064
MAC002916,4.5,0.1106
MAC002916,5.0,0.1114
MAC002916,5.5,0.1128
MAC002916,6.0,0.114
MAC002916,6.5,0.1153
MAC002916,7.0,0.1186
MAC002916,7.5,0.1291
MAC002916,8.0,0.143
MAC002916,8.5,0.1606
MAC002916,9.0,0.1762
MAC002916,9.5,0.193
MAC002916,10.0,0.2117
MAC002916,10.5,0.2205
MAC002916,11.0,0.2375
MAC002916,11.5,0.2297
MAC002916,12.0,0.2337
MAC002916,12.5,0.2313
MAC002916,13.0,0.2279
MAC002916,13.5,0.2178
MAC002916,14.0,0.2185
MAC002916,14.5,0.2185
MAC002916,15.0,0.2192
MAC002916,15.5,0.2307
MAC002916,16.0,0.2461
MAC002916,16.5,0.2633
MAC002916,17.0,0.2695
MAC002916,17.5,0.2743
MAC002916,18.0,0.2802
MAC002916,18.5,0.2791
MAC002916,19.0,0.2798
MAC002916,19.5,0.2755
MAC002916,20.0,0.278
MAC002916,20.5,0.2789
MAC002916,21.0,0.2709
MAC002916,21.5,0.2562
MAC002916,22.0,0.2143
MAC002916,22.5,0.1786
MAC002916,23.0,0.1497
MAC002916,23.5,0.1281
MAC002930,0.0,0.1127
MAC002930,0.5,0.0876
MAC002930,1.0,0.0818
MAC002930,1.5,0.0832
MAC002930,2.0,0.08
MAC002930,2.5,0.079
MAC002930,3.0,0.0831
MAC002930,3.5,0.0808
MAC002930,4.0,0.0779
MAC002930,4.5,0.0797
MAC002930,5.0,0.0845
MAC002930,5.5,0.0998
MAC002930,6.0,0.098
MAC002930,6.5,0.0992
MAC002930,7.0,0.1445
MAC002930,7.5,0.1424
MAC002930,8.0,0.1757
MAC002930,8.5,0.1886
MAC002930,9.0,0.1983
MAC002930,9.5,0.212
MAC002930,10.0,0.2361
MAC002930,10.5,0.2464
MAC002930,11.0,0.2372
MAC002930,11.5,0.247
MAC002930,12.0,0.2498
MAC002930,12.5,0.2585
MAC002930,13.0,0.2664
MAC002930,13.5,0.2876
MAC002930,14.0,0.2936
MAC002930,14.5,0.2741
MAC002930,15.0,0.2754
MAC002930,15.5,0.2792
MAC002930,16.0,0.2891
MAC002930,16.5,0.2918
MAC002930,17.0,0.2983
MAC002930,17.5,0.2953
MAC002930,18.0,0.3102
MAC002930,18.5,0.3775
MAC002930,19.0,0.4114
MAC002930,19.5,0.4131
MAC002930,20.0,0.355
MAC002930,20.5,0.3087
MAC002930,21.0,0.2896
MAC002930,21.5,0.2759
MAC002930,22.0,0.2786
MAC002930,22.5,0.2531
MAC002930,23.0,0.1972
MAC002930,23.5,0.1678
MAC002931,0.0,0.0621
MAC002931,0.5,0.0616
MAC002931,1.0,0.06
MAC002931,1.5,0.0607
MAC002931,2.0,0.0603
MAC002931,2.5,0.0604
MAC002931,3.0,0.0637
MAC002931,3.5,0.0648
MAC002931,4.0,0.0645
MAC002931,4.5,0.0691
MAC002931,5.0,0.0974
MAC002931,5.5,0.113
MAC002931,6.0,0.1055
MAC002931,6.5,0.1387
MAC002931,7.0,0.2037
MAC002931,7.5,0.2585
MAC002931,8.0,0.2367
MAC002931,8.5,0.2674
MAC002931,9.0,0.2517
MAC002931,9.5,0.1914
MAC002931,10.0,0.1515
MAC002931,10.5,0.1718
MAC002931,11.0,0.1413
MAC002931,11.5,0.1579
MAC002931,12.0,0.1645
MAC002931,12.5,0.153
MAC002931,13.0,0.1588
MAC002931,13.5,0.1543
MAC002931,14.0,0.174
MAC002931,14.5,0.1991
MAC002931,15.0,0.2066
MAC002931,15.5,0.2292
MAC002931,16.0,0.2228
MAC002931,16.5,0.3284
MAC002931,17.0,0.4139
MAC002931,17.5,0.4292
MAC002931,18.0,0.4246
MAC002931,18.5,0.3309
MAC002931,19.0,0.3557
MAC002931,19.5,0.2747
MAC002931,20.0,0.2404
MAC002931,20.5,0.2159
MAC002931,21.0,0.2571
MAC002931,21.5,0.2218
MAC002931,22.0,0.1895
MAC002931,22.5,0.1292
MAC002931,23.0,0.0746
MAC002931,23.5,0.0633
MAC002951,0.0,0.0843
MAC002951,0.5,0.0639
MAC002951,1.0,0.0523
MAC002951,1.5,0.0487
MAC002951,2.0,0.0464
MAC002951,2.5,0.0492
MAC002951,3.0,0.0446
MAC002951,3.5,0.0454
MAC002951,4.0,0.0446
MAC002951,4.5,0.0479
MAC002951,5.0,0.0691
MAC002951,5.5,0.0567
MAC002951,6.0,0.0888
MAC002951,6.5,0.096
MAC002951,7.0,0.0851
MAC002951,7.5,0.1023
MAC002951,8.0,0.0921
MAC002951,8.5,0.0835
MAC002951,9.0,0.1019
MAC002951,9.5,0.0954
MAC002951,10.0,0.0989
MAC002951,10.5,0.1019
MAC002951,11.0,0.094
MAC002951,11.5,0.1027
MAC002951,12.0,0.0949
MAC002951,12.5,0.0872
MAC002951,13.0,0.087
MAC002951,13.5,0.0894
MAC002951,14.0,0.0824
MAC002951,14.5,0.0841
MAC002951,15.0,0.0835
MAC002951,15.5,0.082
MAC002951,16.0,0.0961
MAC002951,16.5,0.1057
MAC002951,17.0,0.1219
MAC002951,17.5,0.1226
MAC002951,18.0,0.1421
MAC002951,18.5,0.1431
MAC002951,19.0,0.1446
MAC002951,19.5,0.1573
MAC002951,20.0,0.1661
MAC002951,20.5,0.1854
MAC002951,21.0,0.2011
MAC002951,21.5,0.2012
MAC002951,22.0,0.1919
MAC002951,22.5,0.1727
MAC002951,23.0,0.1466
MAC002951,23.5,0.1168
MAC002954,0.0,0.1289
MAC002954,0.5,0.1222
MAC002954,1.0,0.125
MAC002954,1.5,0.1191
MAC002954,2.0,0.1169
MAC002954,2.5,0.114
MAC002954,3.0,0.119
MAC002954,3.5,0.1201
MAC002954,4.0,0.1163
MAC002954,4.5,0.1144
MAC002954,5.0,0.1186
MAC002954,5.5,0.1764
MAC002954,6.0,0.2374
MAC002954,6.5,0.3055
MAC002954,7.0,0.4022
MAC002954,7.5,0.436
MAC002954,8.0,0.3984
MAC002954,8.5,0.4025
MAC002954,9.0,0.3416
MAC002954,9.5,0.2966
MAC002954,10.0,0.3034
MAC002954,10.5,0.2987
MAC002954,11.0,0.3033
MAC002954,11.5,0.3148
MAC002954,12.0,0.3174
MAC002954,12.5,0.2888
MAC002954,13.0,0.2716
MAC002954,13.5,0.2628
MAC002954,14.0,0.2942
MAC002954,14.5,0.2632
MAC002954,15.0,0.2718
MAC002954,15.5,0.29
MAC002954,16.0,0.3394
MAC002954,16.5,0.389
MAC002954,17.0,0.4173
MAC002954,17.5,0.3631
MAC002954,18.0,0.344
MAC002954,18.5,0.3312
MAC002954,19.0,0.3467
MAC002954,19.5,0.3418
MAC002954,20.0,0.3114
MAC002954,20.5,0.2858
MAC002954,21.0,0.2581
MAC002954,21.5,0.2376
MAC002954,22.0,0.2195
MAC002954,22.5,0.1895
MAC002954,23.0,0.168
MAC002954,23.5,0.1424
MAC002964,0.0,0.0979
MAC002964,0.5,0.0974
MAC002964,1.0,0.0962
MAC002964,1.5,0.0917
MAC002964,2.0,0.0953
MAC002964,2.5,0.094
MAC002964,3.0,0.0962
MAC002964,3.5,0.1041
MAC002964,4.0,0.1134
MAC002964,4.5,0.1321
MAC002964,5.0,0.1636
MAC002964,5.5,0.2195
MAC002964,6.0,0.2104
MAC002964,6.5,0.2438
MAC002964,7.0,0.2535
MAC002964,7.5,0.2242
MAC002964,8.0,0.2371
MAC002964,8.5,0.218
MAC002964,9.0,0.2029
MAC002964,9.5,0.2053
MAC002964,10.0,0.1911
MAC002964,10.5,0.1906
MAC002964,11.0,0.1921
MAC002964,11.5,0.1919
MAC002964,12.0,0.1998
MAC002964,12.5,0.2048
MAC002964,13.0,0.2075
MAC002964,13.5,0.2278
MAC002964,14.0,0.2395
MAC002964,14.5,0.2225
MAC002964,15.0,0.2421
MAC002964,15.5,0.2401
MAC002964,16.0,0.2397
MAC002964,16.5,0.2248
MAC002964,17.0,0.2081
MAC002964,17.5,0.1931
MAC002964,18.0,0.1685
MAC002964,18.5,0.1639
MAC002964,19.0,0.1617
MAC002964,19.5,0.1627
MAC002964,20.0,0.1562
MAC002964,20.5,0.1515
MAC002964,21.0,0.1336
MAC002964,21.5,0.126
MAC002964,22.0,0.1181
MAC002964,22.5,0.1107
MAC002964,23.0,0.1035
MAC002964,23.5,0.0995
MAC002982,0.0,0.1154
MAC002982,0.5,0.0908
MAC002982,1.0,0.0745
MAC002982,1.5,0.0646
MAC002982,2.0,0.0592
MAC002982,2.5,0.0572
MAC002982,3.0,0.062
MAC002982,3.5,0.0652
MAC002982,4.0,0.066
MAC002982,4.5,0.0703
MAC002982,5.0,0.0836
MAC002982,5.5,0.0671
MAC002982,6.0,0.0737
MAC002982,6.5,0.0645
MAC002982,7.0,0.0648
MAC002982,7.5,0.0695
MAC002982,8.0,0.0741
MAC002982,8.5,0.0756
MAC002982,9.0,0.0836
MAC002982,9.5,0.0872
MAC002982,10.0,0.0958
MAC002982,10.5,0.0918
MAC002982,11.0,0.0844
MAC002982,11.5,0.0953
MAC002982,12.0,0.0904
MAC002982,12.5,0.0892
MAC002982,13.0,0.0907
MAC002982,13.5,0.0895
MAC002982,14.0,0.0907
MAC002982,14.5,0.0839
MAC002982,15.0,0.0883
MAC002982,15.5,0.0981
MAC002982,16.0,0.1025
MAC002982,16.5,0.1128
MAC002982,17.0,0.1407
MAC002982,17.5,0.1449
MAC002982,18.0,0.1576
MAC002982,18.5,0.1651
MAC002982,19.0,0.1714
MAC002982,19.5,0.1559
MAC002982,20.0,0.1659
MAC002982,20.5,0.1693
MAC002982,21.0,0.1657
MAC002982,21.5,0.1713
MAC002982,22.0,0.1744
MAC002982,22.5,0.1606
MAC002982,23.0,0.1472
MAC002982,23.5,0.1295
MAC003010,0.0,0.1217
MAC003010,0.5,0.1142
MAC003010,1.0,0.112
MAC003010,1.5,0.1128
MAC003010,2.0,0.1156
MAC003010,2.5,0.1148
MAC003010,3.0,0.115
MAC003010,3.5,0.1155
MAC003010,4.0,0.1128
MAC003010,4.5,0.1121
MAC003010,5.0,0.1143
MAC003010,5.5,0.1153
MAC003010,6.0,0.1141
MAC003010,6.5,0.1185
MAC003010,7.0,0.1199
MAC003010,7.5,0.1228
MAC003010,8.0,0.1234
MAC003010,8.5,0.1285
MAC003010,9.0,0.1334
MAC003010,9.5,0.1431
MAC003010,10.0,0.1313
MAC003010,10.5,0.1285
MAC003010,11.0,0.1332
MAC003010,11.5,0.1398
MAC003010,12.0,0.1497
MAC003010,12.5,0.1502
MAC003010,13.0,0.137
MAC003010,13.5,0.1381
MAC003010,14.0,0.1315
MAC003010,14.5,0.1264
MAC003010,15.0,0.1248
MAC003010,15.5,0.1183
MAC003010,16.0,0.1191
MAC003010,16.5,0.1173
MAC003010,17.0,0.1251
MAC003010,17.5,0.1286
MAC003010,18.0,0.1309
MAC003010,18.5,0.1419
MAC003010,19.0,0.1667
MAC003010,19.5,0.1862
MAC003010,20.0,0.1903
MAC003010,20.5,0.1843
MAC003010,21.0,0.1607
MAC003010,21.5,0.1504
MAC003010,22.0,0.1462
MAC003010,22.5,0.1327
MAC003010,23.0,0.1315
MAC003010,23.5,0.128
MAC003012,0.0,0.3298
MAC003012,0.5,0.2205
MAC003012,1.0,0.1857
MAC003012,1.5,0.1908
MAC003012,2.0,0.1878
MAC003012,2.5,0.1874
MAC003012,3.0,0.1826
MAC003012,3.5,0.1862
MAC003012,4.0,0.1787
MAC003012,4.5,0.1838
MAC003012,5.0,0.1779
MAC003012,5.5,0.1832
MAC003012,6.0,0.2054
MAC003012,6.5,0.3318
MAC003012,7.0,0.4064
MAC003012,7.5,0.666
MAC003012,8.0,0.4756
MAC003012,8.5,0.643
MAC003012,9.0,0.5379
MAC003012,9.5,0.664
MAC003012,10.0,0.8305
MAC003012,10.5,0.8397
MAC003012,11.0,0.9576
MAC003012,11.5,0.9791
MAC003012,12.0,1.0292
MAC003012,12.5,0.928
MAC003012,13.0,0.8487
MAC003012,13.5,0.7527
MAC003012,14.0,0.7765
MAC003012,14.5,0.8402
MAC003012,15.0,0.8198
MAC003012,15.5,0.9183
MAC003012,16.0,1.2176
MAC003012,16.5,1.4113
MAC003012,17.0,1.5523
MAC003012,17.5,1.2627
MAC003012,18.0,1.2472
MAC003012,18.5,0.9838
MAC003012,19.0,0.838
MAC003012,19.5,0.7474
MAC003012,20.0,0.6036
MAC003012,20.5,0.5715
MAC003012,21.0,0.5817
MAC003012,21.5,0.5685
MAC003012,22.0,0.5573
MAC003012,22.5,0.5401
MAC003012,23.0,0.5238
MAC003012,23.5,0.404
MAC003019,0.0,0.0916
MAC003019,0.5,0.078
MAC003019,1.0,0.0808
MAC003019,1.5,0.0796
MAC003019,2.0,0.0817
MAC003019,2.5,0.0721
MAC003019,3.0,0.0753
MAC003019,3.5,0.0731
MAC003019,4.0,0.0907
MAC003019,4.5,0.1198
MAC003019,5.0,0.1534
MAC003019,5.5,0.1922
MAC003019,6.0,0.2024
MAC003019,6.5,0.2002
MAC003019,7.0,0.206
MAC003019,7.5,0.2042
MAC003019,8.0,0.2056
MAC003019,8.5,0.2166
MAC003019,9.0,0.2182
MAC003019,9.5,0.262
MAC003019,10.0,0.2194
MAC003019,10.5,0.2508
MAC003019,11.0,0.2507
MAC003019,11.5,0.2699
MAC003019,12.0,0.2653
MAC003019,12.5,0.246
MAC003019,13.0,0.288
MAC003019,13.5,0.2874
MAC003019,14.0,0.315
MAC003019,14.5,0.3226
MAC003019,15.0,0.345
MAC003019,15.5,0.3432
MAC003019,16.0,0.3837
MAC003019,16.5,0.465
MAC003019,17.0,0.5213
MAC003019,17.5,0.6245
MAC003019,18.0,0.6292
MAC003019,18.5,0.6078
MAC003019,19.0,0.5648
MAC003019,19.5,0.5832
MAC003019,20.0,0.5499
MAC003019,20.5,0.5315
MAC003019,21.0,0.5081
MAC003019,21.5,0.3744
MAC003019,22.0,0.3735
MAC003019,22.5,0.2164
MAC003019,23.0,0.1955
MAC003019,23.5,0.104
MAC003043,0.0,0.2041
MAC003043,0.5,0.1908
MAC003043,1.0,0.1757
MAC003043,1.5,0.1595
MAC003043,2.0,0.1616
MAC003043,2.5,0.1485
MAC003043,3.0,0.1405
MAC003043,3.5,0.1454
MAC003043,4.0,0.1435
MAC003043,4.5,0.1714
MAC003043,5.0,0.1807
MAC003043,5.5,0.2073
MAC003043,6.0,0.247
MAC003043,6.5,0.2571
MAC003043,7.0,0.2836
MAC003043,7.5,0.2943
MAC003043,8.0,0.2652
MAC003043,8.5,0.2819
MAC003043,9.0,0.2774
MAC003043,9.5,0.2467
MAC003043,10.0,0.2396
MAC003043,10.5,0.2474
MAC003043,11.0,0.2361
MAC003043,11.5,0.236
MAC003043,12.0,0.2599
MAC003043,12.5,0.2504
MAC003043,13.0,0.244
MAC003043,13.5,0.2303
MAC003043,14.0,0.2356
MAC003043,14.5,0.2279
MAC003043,15.0,0.2161
MAC003043,15.5,0.2118
MAC003043,16.0,0.2138
MAC003043,16.5,0.221
MAC003043,17.0,0.2381
MAC003043,17.5,0.2545
MAC003043,18.0,0.2768
MAC003043,18.5,0.2895
MAC003043,19.0,0.3291
MAC003043,19.5,0.326
MAC003043,20.0,0.3332
MAC003043,20.5,0.3179
MAC003043,21.0,0.321
MAC003043,21.5,0.3082
MAC003043,22.0,0.3
MAC003043,22.5,0.2773
MAC003043,23.0,0.2501
MAC003043,23.5,0.2353
MAC003044,0.0,0.1786
MAC003044,0.5,0.1635
MAC003044,1.0,0.1574
MAC003044,1.5,0.1508
MAC003044,2.0,0.1495
MAC003044,2.5,0.1463
MAC003044,3.0,0.1457
MAC003044,3.5,0.1416
MAC003044,4.0,0.1428
MAC003044,4.5,0.1395
MAC003044,5.0,0.1434
MAC003044,5.5,0.1735
MAC003044,6.0,0.1783
MAC003044,6.5,0.2337
MAC003044,7.0,0.2946
MAC003044,7.5,0.2914
MAC003044,8.0,0.3676
MAC003044,8.5,0.437
MAC003044,9.0,0.4434
MAC003044,9.5,0.389
MAC003044,10.0,0.3592
MAC003044,10.5,0.2985
MAC003044,11.0,0.2393
MAC003044,11.5,0.2223
MAC003044,12.0,0.2164
MAC003044,12.5,0.21
MAC003044,13.0,0.2096
MAC003044,13.5,0.1937
MAC003044,14.0,0.1787
MAC003044,14.5,0.192
MAC003044,15.0,0.1973
MAC003044,15.5,0.2511
MAC003044,16.0,0.2516
MAC003044,16.5,0.3441
MAC003044,17.0,0.4314
MAC003044,17.5,0.4875
MAC003044,18.0,0.4786
MAC003044,18.5,0.5132
MAC003044,19.0,0.4966
MAC003044,19.5,0.5181
MAC003044,20.0,0.4937
MAC003044,20.5,0.4263
MAC003044,21.0,0.4021
MAC003044,21.5,0.3626
MAC003044,22.0,0.3197
MAC003044,22.5,0.2534
MAC003044,23.0,0.225
MAC003044,23.5,0.1954
MAC003048,0.0,0.0997
MAC003048,0.5,0.098
MAC003048,1.0,0.1015
MAC003048,1.5,0.1025
MAC003048,2.0,0.0989
MAC003048,2.5,0.1012
MAC003048,3.0,0.0987
MAC003048,3.5,0.1014
MAC003048,4.0,0.0985
MAC003048,4.5,0.0987
MAC003048,5.0,0.0992
MAC003048,5.5,0.0991
MAC003048,6.0,0.1005
MAC003048,6.5,0.1084
MAC003048,7.0,0.1274
MAC003048,7.5,0.1652
MAC003048,8.0,0.185
MAC003048,8.5,0.2096
MAC003048,9.0,0.2155
MAC003048,9.5,0.2053
MAC003048,10.0,0.2197
MAC003048,10.5,0.2243
MAC003048,11.0,0.2532
MAC003048,11.5,0.2596
MAC003048,12.0,0.2839
MAC003048,12.5,0.2667
MAC003048,13.0,0.2484
MAC003048,13.5,0.2516
MAC003048,14.0,0.2613
MAC003048,14.5,0.2568
MAC003048,15.0,0.2668
MAC003048,15.5,0.2665
MAC003048,16.0,0.2778
MAC003048,16.5,0.2828
MAC003048,17.0,0.3026
MAC003048,17.5,0.3119
MAC003048,18.0,0.3006
MAC003048,18.5,0.3095
MAC003048,19.0,0.3088
MAC003048,19.5,0.2852
MAC003048,20.0,0.2244
MAC003048,20.5,0.1892
MAC003048,21.0,0.1339
MAC003048,21.5,0.116
MAC003048,22.0,0.111
MAC003048,22.5,0.1085
MAC003048,23.0,0.1029
MAC003048,23.5,0.1016
MAC003049,0.0,0.1146
MAC003049,0.5,0.0979
MAC003049,1.0,0.0888
MAC003049,1.5,0.0928
MAC003049,2.0,0.0919
MAC003049,2.5,0.0908
MAC003049,3.0,0.0917
MAC003049,3.5,0.0898
MAC003049,4.0,0.0865
MAC003049,4.5,0.0897
MAC003049,5.0,0.1005
MAC003049,5.5,0.1034
MAC003049,6.0,0.1461
MAC003049,6.5,0.1846
MAC003049,7.0,0.2772
MAC003049,7.5,0.2899
MAC003049,8.0,0.2605
MAC003049,8.5,0.2663
MAC003049,9.0,0.2548
MAC003049,9.5,0.1931
MAC003049,10.0,0.1544
MAC003049,10.5,0.1403
MAC003049,11.0,0.1412
MAC003049,11.5,0.1376
MAC003049,12.0,0.1344
MAC003049,12.5,0.1388
MAC003049,13.0,0.174
MAC003049,13.5,0.1691
MAC003049,14.0,0.1871
MAC003049,14.5,0.1816
MAC003049,15.0,0.2047
MAC003049,15.5,0.222
MAC003049,16.0,0.2828
MAC003049,16.5,0.3338
MAC003049,17.0,0.4174
MAC003049,17.5,0.458
MAC003049,18.0,0.4832
MAC003049,18.5,0.4922
MAC003049,19.0,0.505
MAC003049,19.5,0.5254
MAC003049,20.0,0.5321
MAC003049,20.5,0.5121
MAC003049,21.0,0.4964
MAC003049,21.5,0.4736
MAC003049,22.0,0.3971
MAC003049,22.5,0.2971
MAC003049,23.0,0.2339
MAC003049,23.5,0.1541
MAC003068,0.0,0.3488
MAC003068,0.5,0.2732
MAC003068,1.0,0.2169
MAC003068,1.5,0.1825
MAC003068,2.0,0.1622
MAC003068,2.5,0.1566
MAC003068,3.0,0.1538
MAC003068,3.5,0.1461
MAC003068,4.0,0.1374
MAC003068,4.5,0.1422
MAC003068,5.0,0.1462
MAC003068,5.5,0.2475
MAC003068,6.0,0.2468
MAC003068,6.5,0.3359
MAC003068,7.0,0.3605
MAC003068,7.5,0.3942
MAC003068,8.0,0.4852
MAC003068,8.5,0.5117
MAC003068,9.0,0.5419
MAC003068,9.5,0.5546
MAC003068,10.0,0.5863
MAC003068,10.5,0.6033
MAC003068,11.0,0.6179
MAC003068,11.5,0.7259
MAC003068,12.0,0.6936
MAC003068,12.5,0.7158
MAC003068,13.0,0.6951
MAC003068,13.5,0.6844
MAC003068,14.0,0.6654
MAC003068,14.5,0.6925
MAC003068,15.0,0.7737
MAC003068,15.5,0.8741
MAC003068,16.0,0.9634
MAC003068,16.5,0.9196
MAC003068,17.0,0.9718
MAC003068,17.5,0.9723
MAC003068,18.0,0.8754
MAC003068,18.5,0.79
MAC003068,19.0,0.73
MAC003068,19.5,0.6785
MAC003068,20.0,0.677
MAC003068,20.5,0.6313
MAC003068,21.0,0.611
MAC003068,21.5,0.6389
MAC003068,22.0,0.6116
MAC003068,22.5,0.5738
MAC003068,23.0,0.5185
MAC003068,23.5,0.4373
MAC003094,0.0,0.3754
MAC003094,0.5,0.1658
MAC003094,1.0,0.0805
MAC003094,1.5,0.0866
MAC003094,2.0,0.0811
MAC003094,2.5,0.075
MAC003094,3.0,0.0809
MAC003094,3.5,0.0808
MAC003094,4.0,0.0895
MAC003094,4.5,0.0889
MAC003094,5.0,0.0967
MAC003094,5.5,0.1503
MAC003094,6.0,0.4337
MAC003094,6.5,0.3271
MAC003094,7.0,0.8569
MAC003094,7.5,0.7818
MAC003094,8.0,0.8512
MAC003094,8.5,0.7497
MAC003094,9.0,0.5182
MAC003094,9.5,0.3647
MAC003094,10.0,0.3783
MAC003094,10.5,0.3085
MAC003094,11.0,0.297
MAC003094,11.5,0.2812
MAC003094,12.0,0.205
MAC003094,12.5,0.1685
MAC003094,13.0,0.2073
MAC003094,13.5,0.2165
MAC003094,14.0,0.2533
MAC003094,14.5,0.3283
MAC003094,15.0,0.2847
MAC003094,15.5,0.2947
MAC003094,16.0,0.242
MAC003094,16.5,0.2684
MAC003094,17.0,0.2845
MAC003094,17.5,0.2852
MAC003094,18.0,0.281
MAC003094,18.5,0.4427
MAC003094,19.0,0.5641
MAC003094,19.5,0.552
MAC003094,20.0,0.5189
MAC003094,20.5,0.4596
MAC003094,21.0,0.4227
MAC003094,21.5,0.4469
MAC003094,22.0,0.4616
MAC003094,22.5,0.5329
MAC003094,23.0,0.6372
MAC003094,23.5,0.4268
MAC003097,0.0,0.0515
MAC003097,0.5,0.0435
MAC003097,1.0,0.0481
MAC003097,1.5,0.0455
MAC003097,2.0,0.0433
MAC003097,2.5,0.0435
MAC003097,3.0,0.05
MAC003097,3.5,0.0505
MAC003097,4.0,0.0461
MAC003097,4.5,0.0491
MAC003097,5.0,0.049
MAC003097,5.5,0.0579
MAC003097,6.0,0.0752
MAC003097,6.5,0.0939
MAC003097,7.0,0.1375
MAC003097,7.5,0.1588
MAC003097,8.0,0.182
MAC003097,8.5,0.1847
MAC003097,9.0,0.1693
MAC003097,9.5,0.1603
MAC003097,10.0,0.1517
MAC003097,10.5,0.1572
MAC003097,11.0,0.1457
MAC003097,11.5,0.2248
MAC003097,12.0,0.2874
MAC003097,12.5,0.3553
MAC003097,13.0,0.3897
MAC003097,13.5,0.3402
MAC003097,14.0,0.2582
MAC003097,14.5,0.2061
MAC003097,15.0,0.1825
MAC003097,15.5,0.1512
MAC003097,16.0,0.1239
MAC003097,16.5,0.1375
MAC003097,17.0,0.1269
MAC003097,17.5,0.1381
MAC003097,18.0,0.148
MAC003097,18.5,0.1628
MAC003097,19.0,0.2145
MAC003097,19.5,0.2214
MAC003097,20.0,0.2556
MAC003097,20.5,0.2712
MAC003097,21.0,0.245
MAC003097,21.5,0.2195
MAC003097,22.0,0.189
MAC003097,22.5,0.1401
MAC003097,23.0,0.0954
MAC003097,23.5,0.0667
MAC003098,0.0,0.1681
MAC003098,0.5,0.1585
MAC003098,1.0,0.1527
MAC003098,1.5,0.147
MAC003098,2.0,0.1404
MAC003098,2.5,0.1416
MAC003098,3.0,0.1465
MAC003098,3.5,0.1543
MAC003098,4.0,0.1558
MAC003098,4.5,0.1639
MAC003098,5.0,0.1854
MAC003098,5.5,0.2028
MAC003098,6.0,0.219
MAC003098,6.5,0.2303
MAC003098,7.0,0.2375
MAC003098,7.5,0.2458
MAC003098,8.0,0.2586
MAC003098,8.5,0.2541
MAC003098,9.0,0.2616
MAC003098,9.5,0.2445
MAC003098,10.0,0.2339
MAC003098,10.5,0.2332
MAC003098,11.0,0.2536
MAC003098,11.5,0.2667
MAC003098,12.0,0.2902
MAC003098,12.5,0.3182
MAC003098,13.0,0.3245
MAC003098,13.5,0.3274
MAC003098,14.0,0.3173
MAC003098,14.5,0.3109
MAC003098,15.0,0.2887
MAC003098,15.5,0.2674
MAC003098,16.0,0.2848
MAC003098,16.5,0.2957
MAC003098,17.0,0.3129
MAC003098,17.5,0.3349
MAC003098,18.0,0.3767
MAC003098,18.5,0.3704
MAC003098,19.0,0.3652
MAC003098,19.5,0.3607
MAC003098,20.0,0.367
MAC003098,20.5,0.3619
MAC003098,21.0,0.346
MAC003098,21.5,0.3174
MAC003098,22.0,0.3008
MAC003098,22.5,0.2736
MAC003098,23.0,0.2245
MAC003098,23.5,0.1902
MAC003129,0.0,0.1175
MAC003129,0.5,0.1163
MAC003129,1.0,0.1167
MAC003129,1.5,0.1105
MAC003129,2.0,0.1105
MAC003129,2.5,0.1116
MAC003129,3.0,0.1133
MAC003129,3.5,0.1156
MAC003129,4.0,0.1096
MAC003129,4.5,0.1112
MAC003129,5.0,0.1088
MAC003129,5.5,0.1407
MAC003129,6.0,0.1573
MAC003129,6.5,0.2297
MAC003129,7.0,0.3409
MAC003129,7.5,0.3862
MAC003129,8.0,0.3749
MAC003129,8.5,0.4339
MAC003129,9.0,0.4375
MAC003129,9.5,0.4106
MAC003129,10.0,0.3931
MAC003129,10.5,0.3837
MAC003129,11.0,0.4478
MAC003129,11.5,0.5039
MAC003129,12.0,0.5254
MAC003129,12.5,0.5091
MAC003129,13.0,0.4437
MAC003129,13.5,0.3695
MAC003129,14.0,0.3265
MAC003129,14.5,0.3486
MAC003129,15.0,0.4051
MAC003129,15.5,0.4046
MAC003129,16.0,0.4242
MAC003129,16.5,0.4802
MAC003129,17.0,0.5326
MAC003129,17.5,0.5675
MAC003129,18.0,0.5266
MAC003129,18.5,0.5344
MAC003129,19.0,0.4846
MAC003129,19.5,0.4465
MAC003129,20.0,0.4909
MAC003129,20.5,0.5371
MAC003129,21.0,0.4831
MAC003129,21.5,0.3908
MAC003129,22.0,0.3074
MAC003129,22.5,0.1889
MAC003129,23.0,0.1397
MAC003129,23.5,0.1209
MAC003143,0.0,0.1054
MAC003143,0.5,0.1004
MAC003143,1.0,0.0974
MAC003143,1.5,0.0956
MAC003143,2.0,0.0952
MAC003143,2.5,0.1021
MAC003143,3.0,0.1017
MAC003143,3.5,0.0994
MAC003143,4.0,0.0942
MAC003143,4.5,0.0951
MAC003143,5.0,0.1009
MAC003143,5.5,0.1314
MAC003143,6.0,0.2181
MAC003143,6.5,0.2887
MAC003143,7.0,0.4466
MAC003143,7.5,0.5419
MAC003143,8.0,0.6858
MAC003143,8.5,0.7165
MAC003143,9.0,0.7332
MAC003143,9.5,0.7665
MAC003143,10.0,0.7047
MAC003143,10.5,0.5949
MAC003143,11.0,0.5094
MAC003143,11.5,0.5132
MAC003143,12.0,0.5388
MAC003143,12.5,0.5583
MAC003143,13.0,0.5575
MAC003143,13.5,0.5411
MAC003143,14.0,0.5708
MAC003143,14.5,0.6105
MAC003143,15.0,0.6917
MAC003143,15.5,0.6895
MAC003143,16.0,0.8139
MAC003143,16.5,0.9106
MAC003143,17.0,0.9847
MAC003143,17.5,0.9997
MAC003143,18.0,0.9983
MAC003143,18.5,1.025
MAC003143,19.0,0.9748
MAC003143,19.5,0.9763
MAC003143,20.0,0.9514
MAC003143,20.5,0.8829
MAC003143,21.0,0.7908
MAC003143,21.5,0.7334
MAC003143,22.0,0.6554
MAC003143,22.5,0.5255
MAC003143,23.0,0.3517
MAC003143,23.5,0.1687
MAC003151,0.0,0.2302
MAC003151,0.5,0.228
MAC003151,1.0,0.2245
MAC003151,1.5,0.2183
MAC003151,2.0,0.2191
MAC003151,2.5,0.2185
MAC003151,3.0,0.2236
MAC003151,3.5,0.2487
MAC003151,4.0,0.4324
MAC003151,4.5,0.3006
MAC003151,5.0,0.3769
MAC003151,5.5,0.3772
MAC003151,6.0,0.2779
MAC003151,6.5,0.3383
MAC003151,7.0,0.4118
MAC003151,7.5,0.4639
MAC003151,8.0,0.5391
MAC003151,8.5,0.5436
MAC003151,9.0,0.5592
MAC003151,9.5,0.5572
MAC003151,10.0,0.5517
MAC003151,10.5,0.5213
MAC003151,11.0,0.5846
MAC003151,11.5,0.5459
MAC003151,12.0,0.5687
MAC003151,12.5,0.5623
MAC003151,13.0,0.4748
MAC003151,13.5,0.4201
MAC003151,14.0,0.4232
MAC003151,14.5,0.4116
MAC003151,15.0,0.4345
MAC003151,15.5,0.4697
MAC003151,16.0,0.5548
MAC003151,16.5,0.6379
MAC003151,17.0,0.8066
MAC003151,17.5,0.8391
MAC003151,18.0,0.7882
MAC003151,18.5,0.6597
MAC003151,19.0,0.5539
MAC003151,19.5,0.5128
MAC003151,20.0,0.5027
MAC003151,20.5,0.4528
MAC003151,21.0,0.38
MAC003151,21.5,0.3592
MAC003151,22.0,0.3005
MAC003151,22.5,0.2827
MAC003151,23.0,0.2521
MAC003151,23.5,0.244
MAC003165,0.0,0.8424
MAC003165,0.5,0.6783
MAC003165,1.0,0.5583
MAC003165,1.5,0.4739
MAC003165,2.0,0.3063
MAC003165,2.5,0.2238
MAC003165,3.0,0.2235
MAC003165,3.5,0.2238
MAC003165,4.0,0.2293
MAC003165,4.5,0.2318
MAC003165,5.0,0.2304
MAC003165,5.5,0.2263
MAC003165,6.0,0.2338
MAC003165,6.5,0.2682
MAC003165,7.0,0.3563
MAC003165,7.5,0.6125
MAC003165,8.0,0.6831
MAC003165,8.5,0.6949
MAC003165,9.0,0.7008
MAC003165,9.5,0.6367
MAC003165,10.0,0.6364
MAC003165,10.5,0.6485
MAC003165,11.0,0.6446
MAC003165,11.5,0.6632
MAC003165,12.0,0.672
MAC003165,12.5,0.6859
MAC003165,13.0,0.6866
MAC003165,13.5,0.6403
MAC003165,14.0,0.6242
MAC003165,14.5,0.6178
MAC003165,15.0,0.618
MAC003165,15.5,0.6368
MAC003165,16.0,0.6768
MAC003165,16.5,0.7129
MAC003165,17.0,0.762
MAC003165,17.5,0.8035
MAC003165,18.0,0.7927
MAC003165,18.5,0.8168
MAC003165,19.0,0.7871
MAC003165,19.5,0.8242
MAC003165,20.0,0.8825
MAC003165,20.5,0.9114
MAC003165,21.0,0.9598
MAC003165,21.5,0.9108
MAC003165,22.0,1.0847
MAC003165,22.5,0.9895
MAC003165,23.0,0.9825
MAC003165,23.5,0.8987
MAC003177,0.0,0.1702
MAC003177,0.5,0.159
MAC003177,1.0,0.1531
MAC003177,1.5,0.1509
MAC003177,2.0,0.1521
MAC003177,2.5,0.1542
MAC003177,3.0,0.1622
MAC003177,3.5,0.1523
MAC003177,4.0,0.1536
MAC003177,4.5,0.1667
MAC003177,5.0,0.1707
MAC003177,5.5,0.2025
MAC003177,6.0,0.2679
MAC003177,6.5,0.3431
MAC003177,7.0,0.3519
MAC003177,7.5,0.4054
MAC003177,8.0,0.4201
MAC003177,8.5,0.4593
MAC003177,9.0,0.4125
MAC003177,9.5,0.4527
MAC003177,10.0,0.3412
MAC003177,10.5,0.3889
MAC003177,11.0,0.405
MAC003177,11.5,0.375
MAC003177,12.0,0.4186
MAC003177,12.5,0.387
MAC003177,13.0,0.3482
MAC003177,13.5,0.355
MAC003177,14.0,0.3777
MAC003177,14.5,0.3808
MAC003177,15.0,0.4017
MAC003177,15.5,0.4732
MAC003177,16.0,0.9261
MAC003177,16.5,0.9727
MAC003177,17.0,0.7489
MAC003177,17.5,0.762
MAC003177,18.0,0.5551
MAC003177,18.5,0.4371
MAC003177,19.0,0.42
MAC003177,19.5,0.378
MAC003177,20.0,0.3767
MAC003177,20.5,0.3826
MAC003177,21.0,0.3619
MAC003177,21.5,0.3089
MAC003177,22.0,0.3011
MAC003177,22.5,0.2871
MAC003177,23.0,0.2298
MAC003177,23.5,0.2023
MAC003190,0.0,0.2657
MAC003190,0.5,0.3076
MAC003190,1.0,0.2834
MAC003190,1.5,0.2459
MAC003190,2.0,0.2326
MAC003190,2.5,0.2274
MAC003190,3.0,0.2237
MAC003190,3.5,0.2219
MAC003190,4.0,0.2192
MAC003190,4.5,0.215
MAC003190,5.0,0.2656
MAC003190,5.5,0.2607
MAC003190,6.0,0.3023
MAC003190,6.5,0.3053
MAC003190,7.0,0.2895
MAC003190,7.5,0.325
MAC003190,8.0,0.3247
MAC003190,8.5,0.2982
MAC003190,9.0,0.3477
MAC003190,9.5,0.355
MAC003190,10.0,0.3438
MAC003190,10.5,0.3619
MAC003190,11.0,0.3855
MAC003190,11.5,0.4079
MAC003190,12.0,0.4901
MAC003190,12.5,0.4927
MAC003190,13.0,0.4636
MAC003190,13.5,0.4878
MAC003190,14.0,0.4718
MAC003190,14.5,0.4786
MAC003190,15.0,0.5205
MAC003190,15.5,0.5385
MAC003190,16.0,0.6042
MAC003190,16.5,0.6734
MAC003190,17.0,0.6782
MAC003190,17.5,0.6859
MAC003190,18.0,0.66
MAC003190,18.5,0.6551
MAC003190,19.0,0.6516
MAC003190,19.5,0.6798
MAC003190,20.0,0.6235
MAC003190,20.5,0.633
MAC003190,21.0,0.6123
MAC003190,21.5,0.5132
MAC003190,22.0,0.3999
MAC003190,22.5,0.3038
MAC003190,23.0,0.2437
MAC003190,23.5,0.23
MAC003193,0.0,0.4376
MAC003193,0.5,0.4029
MAC003193,1.0,0.3741
MAC003193,1.5,0.3506
MAC003193,2.0,0.3354
MAC003193,2.5,0.3297
MAC003193,3.0,0.3142
MAC003193,3.5,0.2984
MAC003193,4.0,0.2877
MAC003193,4.5,0.2962
MAC003193,5.0,0.2815
MAC003193,5.5,0.3062
MAC003193,6.0,0.4428
MAC003193,6.5,0.4781
MAC003193,7.0,0.6112
MAC003193,7.5,0.5481
MAC003193,8.0,0.5151
MAC003193,8.5,0.5839
MAC003193,9.0,0.5587
MAC003193,9.5,0.5092
MAC003193,10.0,0.5536
MAC003193,10.5,0.5678
MAC003193,11.0,0.6051
MAC003193,11.5,0.6165
MAC003193,12.0,0.6133
MAC003193,12.5,0.6309
MAC003193,13.0,0.5984
MAC003193,13.5,0.6406
MAC003193,14.0,0.6532
MAC003193,14.5,0.664
MAC003193,15.0,0.6709
MAC003193,15.5,0.685
MAC003193,16.0,0.7215
MAC003193,16.5,0.7749
MAC003193,17.0,0.8387
MAC003193,17.5,0.8923
MAC003193,18.0,0.8829
MAC003193,18.5,0.8988
MAC003193,19.0,0.9337
MAC003193,19.5,0.9715
MAC003193,20.0,1.0002
MAC003193,20.5,1.0354
MAC003193,21.0,1.0306
MAC003193,21.5,0.9566
MAC003193,22.0,0.8425
MAC003193,22.5,0.6968
MAC003193,23.0,0.5817
MAC003193,23.5,0.4846
MAC003205,0.0,0.1086
MAC003205,0.5,0.0961
MAC003205,1.0,0.0915
MAC003205,1.5,0.0904
MAC003205,2.0,0.0887
MAC003205,2.5,0.0928
MAC003205,3.0,0.0883
MAC003205,3.5,0.0839
MAC003205,4.0,0.0847
MAC003205,4.5,0.0839
MAC003205,5.0,0.0948
MAC003205,5.5,0.1172
MAC003205,6.0,0.1283
MAC003205,6.5,0.1368
MAC003205,7.0,0.1468
MAC003205,7.5,0.1423
MAC003205,8.0,0.1558
MAC003205,8.5,0.1655
MAC003205,9.0,0.1745
MAC003205,9.5,0.1648
MAC003205,10.0,0.1639
MAC003205,10.5,0.1569
MAC003205,11.0,0.153
MAC003205,11.5,0.1615
MAC003205,12.0,0.1572
MAC003205,12.5,0.1528
MAC003205,13.0,0.1473
MAC003205,13.5,0.1635
MAC003205,14.0,0.1541
MAC003205,14.5,0.1474
MAC003205,15.0,0.1583
MAC003205,15.5,0.1712
MAC003205,16.0,0.166
MAC003205,16.5,0.263
MAC003205,17.0,0.3289
MAC003205,17.5,0.4149
MAC003205,18.0,0.4395
MAC003205,18.5,0.4303
MAC003205,19.0,0.3981
MAC003205,19.5,0.3986
MAC003205,20.0,0.3582
MAC003205,20.5,0.3275
MAC003205,21.0,0.3002
MAC003205,21.5,0.2598
MAC003205,22.0,0.2008
MAC003205,22.5,0.1788
MAC003205,23.0,0.1368
MAC003205,23.5,0.1213
MAC003210,0.0,0.5762
MAC003210,0.5,0.4743
MAC003210,1.0,0.3408
MAC003210,1.5,0.2635
MAC003210,2.0,0.2066
MAC003210,2.5,0.1726
MAC003210,3.0,0.169
MAC003210,3.5,0.1694
MAC003210,4.0,0.1645
MAC003210,4.5,0.1636
MAC003210,5.0,0.1671
MAC003210,5.5,0.2062
MAC003210,6.0,0.2786
MAC003210,6.5,0.3637
MAC003210,7.0,0.4567
MAC003210,7.5,0.5597
MAC003210,8.0,0.6279
MAC003210,8.5,0.6666
MAC003210,9.0,0.7365
MAC003210,9.5,0.752
MAC003210,10.0,0.7432
MAC003210,10.5,0.7266
MAC003210,11.0,0.6956
MAC003210,11.5,0.699
MAC003210,12.0,0.6896
MAC003210,12.5,0.687
MAC003210,13.0,0.7186
MAC003210,13.5,0.6984
MAC003210,14.0,0.7443
MAC003210,14.5,0.729
MAC003210,15.0,0.7386
MAC003210,15.5,0.7506
MAC003210,16.0,0.7448
MAC003210,16.5,0.7901
MAC003210,17.0,0.8139
MAC003210,17.5,0.8745
MAC003210,18.0,0.9623
MAC003210,18.5,1.0106
MAC003210,19.0,1.0114
MAC003210,19.5,0.9769
MAC003210,20.0,0.9382
MAC003210,20.5,0.9291
MAC003210,21.0,0.8795
MAC003210,21.5,0.8528
MAC003210,22.0,0.7933
MAC003210,22.5,0.7862
MAC003210,23.0,0.7609
MAC003210,23.5,0.7271
MAC003256,0.0,0.1882
MAC003256,0.5,0.1824
MAC003256,1.0,0.1855
MAC003256,1.5,0.1912
MAC003256,2.0,0.1904
MAC003256,2.5,0.1857
MAC003256,3.0,0.1864
MAC003256,3.5,0.1871
MAC003256,4.0,0.1868
MAC003256,4.5,0.2088
MAC003256,5.0,0.273
MAC003256,5.5,0.2967
MAC003256,6.0,0.4052
MAC003256,6.5,0.4796
MAC003256,7.0,0.5825
MAC003256,7.5,0.6409
MAC003256,8.0,0.625
MAC003256,8.5,0.6062
MAC003256,9.0,0.6576
MAC003256,9.5,0.5839
MAC003256,10.0,0.5943
MAC003256,10.5,0.5779
MAC003256,11.0,0.6698
MAC003256,11.5,0.7375
MAC003256,12.0,0.7033
MAC003256,12.5,0.7829
MAC003256,13.0,0.8056
MAC003256,13.5,0.7354
MAC003256,14.0,0.6428
MAC003256,14.5,0.5763
MAC003256,15.0,0.5742
MAC003256,15.5,0.5904
MAC003256,16.0,0.7856
MAC003256,16.5,0.854
MAC003256,17.0,0.8841
MAC003256,17.5,0.7918
MAC003256,18.0,0.7539
MAC003256,18.5,0.7086
MAC003256,19.0,0.7172
MAC003256,19.5,0.6229
MAC003256,20.0,0.5534
MAC003256,20.5,0.544
MAC003256,21.0,0.5199
MAC003256,21.5,0.4436
MAC003256,22.0,0.3803
MAC003256,22.5,0.2933
MAC003256,23.0,0.2269
MAC003256,23.5,0.1915
MAC003257,0.0,1.8629
MAC003257,0.5,1.8534
MAC003257,1.0,1.8602
MAC003257,1.5,1.8564
MAC003257,2.0,1.8437
MAC003257,2.5,1.8645
MAC003257,3.0,1.8548
MAC003257,3.5,1.8482
MAC003257,4.0,1.8787
MAC003257,4.5,1.8524
MAC003257,5.0,1.8719
MAC003257,5.5,1.8731
MAC003257,6.0,1.8887
MAC003257,6.5,1.9651
MAC003257,7.0,2.0627
MAC003257,7.5,2.1796
MAC003257,8.0,2.4115
MAC003257,8.5,2.5889
MAC003257,9.0,2.5735
MAC003257,9.5,2.5363
MAC003257,10.0,2.4542
MAC003257,10.5,2.4631
MAC003257,11.0,2.4958
MAC003257,11.5,2.4183
MAC003257,12.0,2.3691
MAC003257,12.5,2.4101
MAC003257,13.0,2.3101
MAC003257,13.5,2.3265
MAC003257,14.0,2.2917
MAC003257,14.5,2.3755
MAC003257,15.0,2.4081
MAC003257,15.5,2.5261
MAC003257,16.0,2.6136
MAC003257,16.5,2.7606
MAC003257,17.0,2.7717
MAC003257,17.5,2.7642
MAC003257,18.0,2.7868
MAC003257,18.5,2.8293
MAC003257,19.0,2.803
MAC003257,19.5,2.7136
MAC003257,20.0,2.7641
MAC003257,20.5,2.686
MAC003257,21.0,2.5751
MAC003257,21.5,2.4449
MAC003257,22.0,2.2788
MAC003257,22.5,2.1231
MAC003257,23.0,1.9871
MAC003257,23.5,1.9176
MAC003263,0.0,0.2207
MAC003263,0.5,0.207
MAC003263,1.0,0.2074
MAC003263,1.5,0.2071
MAC003263,2.0,0.1955
MAC003263,2.5,0.2416
MAC003263,3.0,0.4401
MAC003263,3.5,0.337
MAC003263,4.0,0.459
MAC003263,4.5,0.3775
MAC003263,5.0,0.3892
MAC003263,5.5,0.4567
MAC003263,6.0,0.5897
MAC003263,6.5,0.5293
MAC003263,7.0,0.4898
MAC003263,7.5,0.4784
MAC003263,8.0,0.4827
MAC003263,8.5,0.4715
MAC003263,9.0,0.437
MAC003263,9.5,0.4226
MAC003263,10.0,0.4121
MAC003263,10.5,0.4244
MAC003263,11.0,0.4545
MAC003263,11.5,0.4365
MAC003263,12.0,0.4943
MAC003263,12.5,0.5631
MAC003263,13.0,0.5995
MAC003263,13.5,0.5438
MAC003263,14.0,0.5819
MAC003263,14.5,0.5345
MAC003263,15.0,0.5507
MAC003263,15.5,0.5067
MAC003263,16.0,0.5459
MAC003263,16.5,0.6221
MAC003263,17.0,0.7015
MAC003263,17.5,0.6257
MAC003263,18.0,0.6258
MAC003263,18.5,0.6052
MAC003263,19.0,0.625
MAC003263,19.5,0.7464
MAC003263,20.0,0.6792
MAC003263,20.5,0.9229
MAC003263,21.0,0.8629
MAC003263,21.5,0.7812
MAC003263,22.0,0.8453
MAC003263,22.5,0.5832
MAC003263,23.0,0.4221
MAC003263,23.5,0.2902
MAC003272,0.0,0.8129
MAC003272,0.5,0.6621
MAC003272,1.0,0.5577
MAC003272,1.5,0.4642
MAC003272,2.0,0.4352
MAC003272,2.5,0.4039
MAC003272,3.0,0.3528
MAC003272,3.5,0.3196
MAC003272,4.0,0.3018
MAC003272,4.5,0.3106
MAC003272,5.0,0.3216
MAC003272,5.5,0.3551
MAC003272,6.0,0.4677
MAC003272,6.5,0.7288
MAC003272,7.0,0.8209
MAC003272,7.5,0.9863
MAC003272,8.0,0.8428
MAC003272,8.5,1.1349
MAC003272,9.0,0.7761
MAC003272,9.5,0.7006
MAC003272,10.0,0.7803
MAC003272,10.5,0.7291
MAC003272,11.0,0.7243
MAC003272,11.5,0.7328
MAC003272,12.0,0.8318
MAC003272,12.5,0.7523
MAC003272,13.0,0.7713
MAC003272,13.5,0.8201
MAC003272,14.0,0.8178
MAC003272,14.5,0.8346
MAC003272,15.0,0.8689
MAC003272,15.5,0.8578
MAC003272,16.0,0.9136
MAC003272,16.5,0.9592
MAC003272,17.0,1.1943
MAC003272,17.5,1.3657
MAC003272,18.0,1.3374
MAC003272,18.5,1.2735
MAC003272,19.0,1.0635
MAC003272,19.5,1.0046
MAC003272,20.0,1.0731
MAC003272,20.5,1.2759
MAC003272,21.0,1.4252
MAC003272,21.5,1.4909
MAC003272,22.0,1.3924
MAC003272,22.5,1.2549
MAC003272,23.0,1.0569
MAC003272,23.5,0.8788
MAC003286,0.0,0.3112
MAC003286,0.5,0.2625
MAC003286,1.0,0.2372
MAC003286,1.5,0.2139
MAC003286,2.0,0.2028
MAC003286,2.5,0.1926
MAC003286,3.0,0.1896
MAC003286,3.5,0.1993
MAC003286,4.0,0.2128
MAC003286,4.5,0.2271
MAC003286,5.0,0.2881
MAC003286,5.5,0.3866
MAC003286,6.0,0.4782
MAC003286,6.5,0.5342
MAC003286,7.0,0.5014
MAC003286,7.5,0.5344
MAC003286,8.0,0.6024
MAC003286,8.5,0.6032
MAC003286,9.0,0.6599
MAC003286,9.5,0.6429
MAC003286,10.0,0.6888
MAC003286,10.5,0.6695
MAC003286,11.0,0.6631
MAC003286,11.5,0.6767
MAC003286,12.0,0.6879
MAC003286,12.5,0.6476
MAC003286,13.0,0.662
MAC003286,13.5,0.5831
MAC003286,14.0,0.559
MAC003286,14.5,0.6307
MAC003286,15.0,0.7511
MAC003286,15.5,0.8309
MAC003286,16.0,0.8666
MAC003286,16.5,0.9469
MAC003286,17.0,0.8541
MAC003286,17.5,0.7907
MAC003286,18.0,0.8008
MAC003286,18.5,0.8548
MAC003286,19.0,0.8237
MAC003286,19.5,0.8272
MAC003286,20.0,0.8864
MAC003286,20.5,0.8497
MAC003286,21.0,0.7591
MAC003286,21.5,0.6565
MAC003286,22.0,0.5709
MAC003286,22.5,0.4917
MAC003286,23.0,0.4187
MAC003286,23.5,0.3765
MAC003303,0.0,0.3468
MAC003303,0.5,0.3047
MAC003303,1.0,0.2546
MAC003303,1.5,0.2269
MAC003303,2.0,0.2129
MAC003303,2.5,0.2018
MAC003303,3.0,0.2115
MAC003303,3.5,0.2005
MAC003303,4.0,0.2072
MAC003303,4.5,0.2108
MAC003303,5.0,0.3042
MAC003303,5.5,0.3537
MAC003303,6.0,0.396
MAC003303,6.5,0.577
MAC003303,7.0,0.7
MAC003303,7.5,0.6477
MAC003303,8.0,0.963
MAC003303,8.5,0.9472
MAC003303,9.0,1.0595
MAC003303,9.5,1.3204
MAC003303,10.0,1.5303
MAC003303,10.5,1.6793
MAC003303,11.0,1.872
MAC003303,11.5,1.9523
MAC003303,12.0,1.9686
MAC003303,12.5,1.8336
MAC003303,13.0,1.6161
MAC003303,13.5,1.3926
MAC003303,14.0,1.2013
MAC003303,14.5,0.9893
MAC003303,15.0,0.9683
MAC003303,15.5,0.9607
MAC003303,16.0,0.9207
MAC003303,16.5,0.9611
MAC003303,17.0,0.8365
MAC003303,17.5,0.8022
MAC003303,18.0,0.8136
MAC003303,18.5,0.8191
MAC003303,19.0,0.8309
MAC003303,19.5,0.8413
MAC003303,20.0,0.8086
MAC003303,20.5,0.775
MAC003303,21.0,0.7655
MAC003303,21.5,0.6841
MAC003303,22.0,0.6252
MAC003303,22.5,0.5282
MAC003303,23.0,0.4653
MAC003303,23.5,0.4111
MAC003308,0.0,0.1709
MAC003308,0.5,0.1621
MAC003308,1.0,0.1388
MAC003308,1.5,0.1254
MAC003308,2.0,0.1246
MAC003308,2.5,0.1177
MAC003308,3.0,0.118
MAC003308,3.5,0.115
MAC003308,4.0,0.1159
MAC003308,4.5,0.1178
MAC003308,5.0,0.1126
MAC003308,5.5,0.1204
MAC003308,6.0,0.1229
MAC003308,6.5,0.14
MAC003308,7.0,0.1607
MAC003308,7.5,0.1523
MAC003308,8.0,0.177
MAC003308,8.5,0.1605
MAC003308,9.0,0.1634
MAC003308,9.5,0.165
MAC003308,10.0,0.1562
MAC003308,10.5,0.1414
MAC003308,11.0,0.1329
MAC003308,11.5,0.1379
MAC003308,12.0,0.1456
MAC003308,12.5,0.1586
MAC003308,13.0,0.1576
MAC003308,13.5,0.1533
MAC003308,14.0,0.1637
MAC003308,14.5,0.155
MAC003308,15.0,0.1688
MAC003308,15.5,0.1862
MAC003308,16.0,0.1991
MAC003308,16.5,0.2041
MAC003308,17.0,0.2223
MAC003308,17.5,0.2249
MAC003308,18.0,0.2508
MAC003308,18.5,0.2443
MAC003308,19.0,0.2556
MAC003308,19.5,0.2232
MAC003308,20.0,0.2429
MAC003308,20.5,0.2314
MAC003308,21.0,0.2271
MAC003308,21.5,0.2325
MAC003308,22.0,0.2392
MAC003308,22.5,0.243
MAC003308,23.0,0.2412
MAC003308,23.5,0.1925
MAC003315,0.0,0.1068
MAC003315,0.5,0.1084
MAC003315,1.0,0.1044
MAC003315,1.5,0.1053
MAC003315,2.0,0.1037
MAC003315,2.5,0.1041
MAC003315,3.0,0.1056
MAC003315,3.5,0.1094
MAC003315,4.0,0.1053
MAC003315,4.5,0.1113
MAC003315,5.0,0.1401
MAC003315,5.5,0.185
MAC003315,6.0,0.2646
MAC003315,6.5,0.3278
MAC003315,7.0,0.3709
MAC003315,7.5,0.4061
MAC003315,8.0,0.4044
MAC003315,8.5,0.4111
MAC003315,9.0,0.371
MAC003315,9.5,0.3948
MAC003315,10.0,0.3832
MAC003315,10.5,0.3735
MAC003315,11.0,0.331
MAC003315,11.5,0.3192
MAC003315,12.0,0.3299
MAC003315,12.5,0.3342
MAC003315,13.0,0.3878
MAC003315,13.5,0.3436
MAC003315,14.0,0.3757
MAC003315,14.5,0.3376
MAC003315,15.0,0.3607
MAC003315,15.5,0.3422
MAC003315,16.0,0.3783
MAC003315,16.5,0.3621
MAC003315,17.0,0.3657
MAC003315,17.5,0.3983
MAC003315,18.0,0.3983
MAC003315,18.5,0.4008
MAC003315,19.0,0.415
MAC003315,19.5,0.4121
MAC003315,20.0,0.4465
MAC003315,20.5,0.4157
MAC003315,21.0,0.3769
MAC003315,21.5,0.2611
MAC003315,22.0,0.2383
MAC003315,22.5,0.1336
MAC003315,23.0,0.1116
MAC003315,23.5,0.11
MAC003317,0.0,1.1508
MAC003317,0.5,1.0033
MAC003317,1.0,0.8578
MAC003317,1.5,0.7586
MAC003317,2.0,0.6444
MAC003317,2.5,0.5515
MAC003317,3.0,0.469
MAC003317,3.5,0.3929
MAC003317,4.0,0.3298
MAC003317,4.5,0.3022
MAC003317,5.0,0.2894
MAC003317,5.5,0.3469
MAC003317,6.0,0.4117
MAC003317,6.5,0.4704
MAC003317,7.0,0.5028
MAC003317,7.5,0.5698
MAC003317,8.0,0.478
MAC003317,8.5,0.4924
MAC003317,9.0,0.4332
MAC003317,9.5,0.4444
MAC003317,10.0,0.5033
MAC003317,10.5,0.5608
MAC003317,11.0,0.5487
MAC003317,11.5,0.552
MAC003317,12.0,0.6347
MAC003317,12.5,0.6567
MAC003317,13.0,0.7502
MAC003317,13.5,0.8084
MAC003317,14.0,0.787
MAC003317,14.5,0.8712
MAC003317,15.0,0.9252
MAC003317,15.5,0.8552
MAC003317,16.0,0.9423
MAC003317,16.5,1.0306
MAC003317,17.0,1.12
MAC003317,17.5,1.1574
MAC003317,18.0,1.3603
MAC003317,18.5,1.6298
MAC003317,19.0,1.7525
MAC003317,19.5,1.7754
MAC003317,20.0,1.7068
MAC003317,20.5,1.6842
MAC003317,21.0,1.7251
MAC003317,21.5,1.6936
MAC003317,22.0,1.6119
MAC003317,22.5,1.6097
MAC003317,23.0,1.5189
MAC003317,23.5,1.3495
MAC003333,0.0,0.182
MAC003333,0.5,0.1546
MAC003333,1.0,0.1194
MAC003333,1.5,0.1047
MAC003333,2.0,0.102
MAC003333,2.5,0.1035
MAC003333,3.0,0.101
MAC003333,3.5,0.1013
MAC003333,4.0,0.1023
MAC003333,4.5,0.1004
MAC003333,5.0,0.1049
MAC003333,5.5,0.1049
MAC003333,6.0,0.1182
MAC003333,6.5,0.1448
MAC003333,7.0,0.1891
MAC003333,7.5,0.2205
MAC003333,8.0,0.2624
MAC003333,8.5,0.3208
MAC003333,9.0,0.3507
MAC003333,9.5,0.3759
MAC003333,10.0,0.3595
MAC003333,10.5,0.3425
MAC003333,11.0,0.3502
MAC003333,11.5,0.3729
MAC003333,12.0,0.3313
MAC003333,12.5,0.4435
MAC003333,13.0,0.353
MAC003333,13.5,0.34
MAC003333,14.0,0.3328
MAC003333,14.5,0.372
MAC003333,15.0,0.3886
MAC003333,15.5,0.4575
MAC003333,16.0,0.5347
MAC003333,16.5,0.7025
MAC003333,17.0,0.8626
MAC003333,17.5,0.9425
MAC003333,18.0,0.8675
MAC003333,18.5,0.6516
MAC003333,19.0,0.6372
MAC003333,19.5,0.6368
MAC003333,20.0,0.6269
MAC003333,20.5,0.635
MAC003333,21.0,0.6292
MAC003333,21.5,0.6113
MAC003333,22.0,0.6311
MAC003333,22.5,0.5369
MAC003333,23.0,0.4606
MAC003333,23.5,0.3341
MAC003349,0.0,0.65
MAC003349,0.5,0.5905
MAC003349,1.0,0.5603
MAC003349,1.5,0.5529
MAC003349,2.0,0.5438
MAC003349,2.5,0.5421
MAC003349,3.0,0.5417
MAC003349,3.5,0.5378
MAC003349,4.0,0.5533
MAC003349,4.5,0.6154
MAC003349,5.0,0.6939
MAC003349,5.5,0.7746
MAC003349,6.0,0.7536
MAC003349,6.5,0.7585
MAC003349,7.0,0.7828
MAC003349,7.5,0.7531
MAC003349,8.0,0.721
MAC003349,8.5,0.7157
MAC003349,9.0,0.7045
MAC003349,9.5,0.7237
MAC003349,10.0,0.7523
MAC003349,10.5,0.8176
MAC003349,11.0,0.8292
MAC003349,11.5,0.85
MAC003349,12.0,0.8099
MAC003349,12.5,0.8067
MAC003349,13.0,0.7682
MAC003349,13.5,0.7696
MAC003349,14.0,0.7984
MAC003349,14.5,0.8005
MAC003349,15.0,0.792
MAC003349,15.5,0.8148
MAC003349,16.0,0.8178
MAC003349,16.5,0.8805
MAC003349,17.0,0.9135
MAC003349,17.5,1.0431
MAC003349,18.0,1.2189
MAC003349,18.5,1.2986
MAC003349,19.0,1.3834
MAC003349,19.5,1.4176
MAC003349,20.0,1.3544
MAC003349,20.5,1.409
MAC003349,21.0,1.3416
MAC003349,21.5,1.168
MAC003349,22.0,1.1042
MAC003349,22.5,0.9429
MAC003349,23.0,0.8259
MAC003349,23.5,0.713
MAC003366,0.0,0.1015
MAC003366,0.5,0.0862
MAC003366,1.0,0.084
MAC003366,1.5,0.0843
MAC003366,2.0,0.0821
MAC003366,2.5,0.0805
MAC003366,3.0,0.0805
MAC003366,3.5,0.079
MAC003366,4.0,0.0786
MAC003366,4.5,0.0837
MAC003366,5.0,0.0867
MAC003366,5.5,0.0918
MAC003366,6.0,0.1206
MAC003366,6.5,0.1692
MAC003366,7.0,0.2733
MAC003366,7.5,0.295
MAC003366,8.0,0.2685
MAC003366,8.5,0.2514
MAC003366,9.0,0.2034
MAC003366,9.5,0.2176
MAC003366,10.0,0.2017
MAC003366,10.5,0.1655
MAC003366,11.0,0.1913
MAC003366,11.5,0.1877
MAC003366,12.0,0.1667
MAC003366,12.5,0.1883
MAC003366,13.0,0.1515
MAC003366,13.5,0.1694
MAC003366,14.0,0.1731
MAC003366,14.5,0.1566
MAC003366,15.0,0.1841
MAC003366,15.5,0.2158
MAC003366,16.0,0.3085
MAC003366,16.5,0.3185
MAC003366,17.0,0.3771
MAC003366,17.5,0.3609
MAC003366,18.0,0.3606
MAC003366,18.5,0.3451
MAC003366,19.0,0.3718
MAC003366,19.5,0.3621
MAC003366,20.0,0.3317
MAC003366,20.5,0.2886
MAC003366,21.0,0.2001
MAC003366,21.5,0.1638
MAC003366,22.0,0.1326
MAC003366,22.5,0.1168
MAC003366,23.0,0.1108
MAC003366,23.5,0.1084
MAC003381,0.0,0.1797
MAC003381,0.5,0.1796
MAC003381,1.0,0.1693
MAC003381,1.5,0.1699
MAC003381,2.0,0.1756
MAC003381,2.5,0.1724
MAC003381,3.0,0.1695
MAC003381,3.5,0.1715
MAC003381,4.0,0.1744
MAC003381,4.5,0.1728
MAC003381,5.0,0.1917
MAC003381,5.5,0.2551
MAC003381,6.0,0.2519
MAC003381,6.5,0.3736
MAC003381,7.0,0.5717
MAC003381,7.5,0.5419
MAC003381,8.0,0.521
MAC003381,8.5,0.4158
MAC003381,9.0,0.3321
MAC003381,9.5,0.342
MAC003381,10.0,0.3097
MAC003381,10.5,0.31
MAC003381,11.0,0.3206
MAC003381,11.5,0.4159
MAC003381,12.0,0.479
MAC003381,12.5,0.5207
MAC003381,13.0,0.5856
MAC003381,13.5,0.4981
MAC003381,14.0,0.5134
MAC003381,14.5,0.506
MAC003381,15.0,0.5179
MAC003381,15.5,0.5459
MAC003381,16.0,0.563
MAC003381,16.5,0.7622
MAC003381,17.0,0.8426
MAC003381,17.5,0.8173
MAC003381,18.0,0.7492
MAC003381,18.5,0.6587
MAC003381,19.0,0.635
MAC003381,19.5,0.6726
MAC003381,20.0,0.6647
MAC003381,20.5,0.6826
MAC003381,21.0,0.7217
MAC003381,21.5,0.7496
MAC003381,22.0,0.681
MAC003381,22.5,0.5252
MAC003381,23.0,0.3859
MAC003381,23.5,0.2043
MAC003386,0.0,0.1573
MAC003386,0.5,0.155
MAC003386,1.0,0.1543
MAC003386,1.5,0.1542
MAC003386,2.0,0.1576
MAC003386,2.5,0.1515
MAC003386,3.0,0.1549
MAC003386,3.5,0.1541
MAC003386,4.0,0.1506
MAC003386,4.5,0.2612
MAC003386,5.0,0.2311
MAC003386,5.5,0.4149
MAC003386,6.0,0.5239
MAC003386,6.5,0.5396
MAC003386,7.0,0.5816
MAC003386,7.5,0.5216
MAC003386,8.0,0.4663
MAC003386,8.5,0.4238
MAC003386,9.0,0.418
MAC003386,9.5,0.3871
MAC003386,10.0,0.344
MAC003386,10.5,0.3105
MAC003386,11.0,0.3378
MAC003386,11.5,0.356
MAC003386,12.0,0.4492
MAC003386,12.5,0.4698
MAC003386,13.0,0.4991
MAC003386,13.5,0.4814
MAC003386,14.0,0.4336
MAC003386,14.5,0.4605
MAC003386,15.0,0.5182
MAC003386,15.5,0.5441
MAC003386,16.0,0.576
MAC003386,16.5,0.7307
MAC003386,17.0,0.6691
MAC003386,17.5,0.6771
MAC003386,18.0,0.8469
MAC003386,18.5,0.796
MAC003386,19.0,0.8216
MAC003386,19.5,0.9579
MAC003386,20.0,0.8174
MAC003386,20.5,0.6856
MAC003386,21.0,0.7108
MAC003386,21.5,0.7062
MAC003386,22.0,0.544
MAC003386,22.5,0.4264
MAC003386,23.0,0.2782
MAC003386,23.5,0.1902
MAC003391,0.0,0.2412
MAC003391,0.5,0.1914
MAC003391,1.0,0.1792
MAC003391,1.5,0.1712
MAC003391,2.0,0.1685
MAC003391,2.5,0.171
MAC003391,3.0,0.1601
MAC003391,3.5,0.1708
MAC003391,4.0,0.214
MAC003391,4.5,0.2417
MAC003391,5.0,0.2362
MAC003391,5.5,0.3076
MAC003391,6.0,0.4121
MAC003391,6.5,0.4657
MAC003391,7.0,0.5651
MAC003391,7.5,0.6603
MAC003391,8.0,0.63
MAC003391,8.5,0.4926
MAC003391,9.0,0.45
MAC003391,9.5,0.4309
MAC003391,10.0,0.3874
MAC003391,10.5,0.3811
MAC003391,11.0,0.3755
MAC003391,11.5,0.4339
MAC003391,12.0,0.4917
MAC003391,12.5,0.5096
MAC003391,13.0,0.5016
MAC003391,13.5,0.4906
MAC003391,14.0,0.447
MAC003391,14.5,0.4194
MAC003391,15.0,0.3989
MAC003391,15.5,0.4521
MAC003391,16.0,0.5949
MAC003391,16.5,0.6882
MAC003391,17.0,0.8363
MAC003391,17.5,0.9093
MAC003391,18.0,0.8628
MAC003391,18.5,0.9101
MAC003391,19.0,0.9733
MAC003391,19.5,0.9758
MAC003391,20.0,0.9846
MAC003391,20.5,0.9341
MAC003391,21.0,0.8914
MAC003391,21.5,0.8808
MAC003391,22.0,0.7578
MAC003391,22.5,0.6622
MAC003391,23.0,0.4535
MAC003391,23.5,0.3362
MAC003436,0.0,0.3781
MAC003436,0.5,0.3778
MAC003436,1.0,0.3499
MAC003436,1.5,0.3518
MAC003436,2.0,0.3371
MAC003436,2.5,0.3289
MAC003436,3.0,0.3277
MAC003436,3.5,0.3479
MAC003436,4.0,0.3704
MAC003436,4.5,0.5005
MAC003436,5.0,0.4741
MAC003436,5.5,0.5322
MAC003436,6.0,0.4962
MAC003436,6.5,0.4299
MAC003436,7.0,0.3987
MAC003436,7.5,0.4281
MAC003436,8.0,0.4624
MAC003436,8.5,0.5637
MAC003436,9.0,0.5937
MAC003436,9.5,0.6424
MAC003436,10.0,0.5742
MAC003436,10.5,0.5679
MAC003436,11.0,0.5551
MAC003436,11.5,0.5593
MAC003436,12.0,0.5816
MAC003436,12.5,0.5389
MAC003436,13.0,0.5696
MAC003436,13.5,0.5442
MAC003436,14.0,0.5742
MAC003436,14.5,0.5633
MAC003436,15.0,0.5736
MAC003436,15.5,0.5865
MAC003436,16.0,0.6283
MAC003436,16.5,0.6431
MAC003436,17.0,0.7695
MAC003436,17.5,0.7144
MAC003436,18.0,0.8637
MAC003436,18.5,0.6638
MAC003436,19.0,0.6305
MAC003436,19.5,0.6059
MAC003436,20.0,0.5868
MAC003436,20.5,0.5741
MAC003436,21.0,0.5974
MAC003436,21.5,0.6149
MAC003436,22.0,0.5886
MAC003436,22.5,0.5105
MAC003436,23.0,0.446
MAC003436,23.5,0.3958
MAC003471,0.0,0.3672
MAC003471,0.5,0.3467
MAC003471,1.0,0.3265
MAC003471,1.5,0.3032
MAC003471,2.0,0.2958
MAC003471,2.5,0.2785
MAC003471,3.0,0.284
MAC003471,3.5,0.2832
MAC003471,4.0,0.2876
MAC003471,4.5,0.2897
MAC003471,5.0,0.3168
MAC003471,5.5,0.3721
MAC003471,6.0,0.3987
MAC003471,6.5,0.4407
MAC003471,7.0,0.4441
MAC003471,7.5,0.4356
MAC003471,8.0,0.4173
MAC003471,8.5,0.4042
MAC003471,9.0,0.4196
MAC003471,9.5,0.4094
MAC003471,10.0,0.4344
MAC003471,10.5,0.4154
MAC003471,11.0,0.3992
MAC003471,11.5,0.4049
MAC003471,12.0,0.3858
MAC003471,12.5,0.3824
MAC003471,13.0,0.3926
MAC003471,13.5,0.4151
MAC003471,14.0,0.4245
MAC003471,14.5,0.4458
MAC003471,15.0,0.4547
MAC003471,15.5,0.4855
MAC003471,16.0,0.5079
MAC003471,16.5,0.5709
MAC003471,17.0,0.5969
MAC003471,17.5,0.696
MAC003471,18.0,0.7245
MAC003471,18.5,0.7124
MAC003471,19.0,0.6923
MAC003471,19.5,0.6405
MAC003471,20.0,0.6347
MAC003471,20.5,0.6367
MAC003471,21.0,0.6712
MAC003471,21.5,0.5986
MAC003471,22.0,0.5204
MAC003471,22.5,0.4607
MAC003471,23.0,0.4174
MAC003471,23.5,0.3921
MAC003472,0.0,0.2307
MAC003472,0.5,0.2295
MAC003472,1.0,0.2269
MAC003472,1.5,0.223
MAC003472,2.0,0.2234
MAC003472,2.5,0.2244
MAC003472,3.0,0.2282
MAC003472,3.5,0.2213
MAC003472,4.0,0.9445
MAC003472,4.5,2.1432
MAC003472,5.0,0.6176
MAC003472,5.5,0.4195
MAC003472,6.0,0.3963
MAC003472,6.5,0.3847
MAC003472,7.0,0.4483
MAC003472,7.5,0.3019
MAC003472,8.0,0.3382
MAC003472,8.5,0.3846
MAC003472,9.0,0.4199
MAC003472,9.5,0.4386
MAC003472,10.0,0.4536
MAC003472,10.5,0.4525
MAC003472,11.0,0.4468
MAC003472,11.5,0.4265
MAC003472,12.0,0.3965
MAC003472,12.5,0.3827
MAC003472,13.0,0.3976
MAC003472,13.5,0.4107
MAC003472,14.0,0.4366
MAC003472,14.5,0.5018
MAC003472,15.0,0.5651
MAC003472,15.5,0.634
MAC003472,16.0,0.6747
MAC003472,16.5,0.6709
MAC003472,17.0,2.5977
MAC003472,17.5,2.6089
MAC003472,18.0,1.1822
MAC003472,18.5,0.9278
MAC003472,19.0,0.8268
MAC003472,19.5,1.098
MAC003472,20.0,0.8055
MAC003472,20.5,0.6174
MAC003472,21.0,0.5377
MAC003472,21.5,0.4436
MAC003472,22.0,0.3859
MAC003472,22.5,0.3313
MAC003472,23.0,0.2839
MAC003472,23.5,0.2567
MAC003474,0.0,0.214
MAC003474,0.5,0.1993
MAC003474,1.0,0.2039
MAC003474,1.5,0.1949
MAC003474,2.0,0.1932
MAC003474,2.5,0.1955
MAC003474,3.0,0.1943
MAC003474,3.5,0.1935
MAC003474,4.0,0.1933
MAC003474,4.5,0.1943
MAC003474,5.0,0.2427
MAC003474,5.5,0.2464
MAC003474,6.0,0.2828
MAC003474,6.5,0.3127
MAC003474,7.0,0.3866
MAC003474,7.5,0.4192
MAC003474,8.0,0.4251
MAC003474,8.5,0.4341
MAC003474,9.0,0.4089
MAC003474,9.5,0.3848
MAC003474,10.0,0.4067
MAC003474,10.5,0.4138
MAC003474,11.0,0.4098
MAC003474,11.5,0.4532
MAC003474,12.0,0.4317
MAC003474,12.5,0.395
MAC003474,13.0,0.3646
MAC003474,13.5,0.3803
MAC003474,14.0,0.4317
MAC003474,14.5,0.5322
MAC003474,15.0,0.6205
MAC003474,15.5,0.6253
MAC003474,16.0,0.6602
MAC003474,16.5,0.6292
MAC003474,17.0,0.6883
MAC003474,17.5,0.6011
MAC003474,18.0,0.5751
MAC003474,18.5,0.5678
MAC003474,19.0,0.6438
MAC003474,19.5,0.7288
MAC003474,20.0,0.6704
MAC003474,20.5,0.6773
MAC003474,21.0,0.5323
MAC003474,21.5,0.4373
MAC003474,22.0,0.3547
MAC003474,22.5,0.2616
MAC003474,23.0,0.2314
MAC003474,23.5,0.2282
MAC003494,0.0,0.1378
MAC003494,0.5,0.1291
MAC003494,1.0,0.1249
MAC003494,1.5,0.1234
MAC003494,2.0,0.1217
MAC003494,2.5,0.1204
MAC003494,3.0,0.1182
MAC003494,3.5,0.1147
MAC003494,4.0,0.117
MAC003494,4.5,0.1129
MAC003494,5.0,0.111
MAC003494,5.5,0.1473
MAC003494,6.0,0.1563
MAC003494,6.5,0.1978
MAC003494,7.0,0.21
MAC003494,7.5,0.2267
MAC003494,8.0,0.2121
MAC003494,8.5,0.2017
MAC003494,9.0,0.1707
MAC003494,9.5,0.1757
MAC003494,10.0,0.168
MAC003494,10.5,0.1772
MAC003494,11.0,0.2143
MAC003494,11.5,0.2416
MAC003494,12.0,0.2568
MAC003494,12.5,0.2809
MAC003494,13.0,0.3145
MAC003494,13.5,0.278
MAC003494,14.0,0.2556
MAC003494,14.5,0.2363
MAC003494,15.0,0.2333
MAC003494,15.5,0.2907
MAC003494,16.0,0.3595
MAC003494,16.5,0.4672
MAC003494,17.0,0.5853
MAC003494,17.5,0.6118
MAC003494,18.0,0.5071
MAC003494,18.5,0.4402
MAC003494,19.0,0.3719
MAC003494,19.5,0.3556
MAC003494,20.0,0.3472
MAC003494,20.5,0.3463
MAC003494,21.0,0.3401
MAC003494,21.5,0.3062
MAC003494,22.0,0.2709
MAC003494,22.5,0.2186
MAC003494,23.0,0.1756
MAC003494,23.5,0.1513
MAC003523,0.0,0.2895
MAC003523,0.5,0.2656
MAC003523,1.0,0.2386
MAC003523,1.5,0.2018
MAC003523,2.0,0.1727
MAC003523,2.5,0.1617
MAC003523,3.0,0.1571
MAC003523,3.5,0.1599
MAC003523,4.0,0.1616
MAC003523,4.5,0.1569
MAC003523,5.0,0.1963
MAC003523,5.5,0.2629
MAC003523,6.0,0.3233
MAC003523,6.5,0.3583
MAC003523,7.0,0.3806
MAC003523,7.5,0.3314
MAC003523,8.0,0.3195
MAC003523,8.5,0.313
MAC003523,9.0,0.3187
MAC003523,9.5,0.3611
MAC003523,10.0,0.3576
MAC003523,10.5,0.3476
MAC003523,11.0,0.3617
MAC003523,11.5,0.3272
MAC003523,12.0,0.3562
MAC003523,12.5,0.3157
MAC003523,13.0,0.3232
MAC003523,13.5,0.2729
MAC003523,14.0,0.274
MAC003523,14.5,0.2719
MAC003523,15.0,0.2923
MAC003523,15.5,0.299
MAC003523,16.0,0.2958
MAC003523,16.5,0.3152
MAC003523,17.0,0.3701
MAC003523,17.5,0.5135
MAC003523,18.0,0.6453
MAC003523,18.5,0.6869
MAC003523,19.0,0.625
MAC003523,19.5,0.5413
MAC003523,20.0,0.4444
MAC003523,20.5,0.4041
MAC003523,21.0,0.3604
MAC003523,21.5,0.3303
MAC003523,22.0,0.3058
MAC003523,22.5,0.3015
MAC003523,23.0,0.2958
MAC003523,23.5,0.2958
MAC003525,0.0,0.3276
MAC003525,0.5,0.2797
MAC003525,1.0,0.2613
MAC003525,1.5,0.2441
MAC003525,2.0,0.2436
MAC003525,2.5,0.2394
MAC003525,3.0,0.2393
MAC003525,3.5,0.2328
MAC003525,4.0,0.2303
MAC003525,4.5,0.2295
MAC003525,5.0,0.2353
MAC003525,5.5,0.2454
MAC003525,6.0,0.3045
MAC003525,6.5,0.5446
MAC003525,7.0,0.6138
MAC003525,7.5,0.5605
MAC003525,8.0,0.5592
MAC003525,8.5,0.4298
MAC003525,9.0,0.4671
MAC003525,9.5,0.4666
MAC003525,10.0,0.4658
MAC003525,10.5,0.4697
MAC003525,11.0,0.4547
MAC003525,11.5,0.4767
MAC003525,12.0,0.4709
MAC003525,12.5,0.4471
MAC003525,13.0,0.4381
MAC003525,13.5,0.4116
MAC003525,14.0,0.4066
MAC003525,14.5,0.4221
MAC003525,15.0,0.459
MAC003525,15.5,0.4649
MAC003525,16.0,0.4891
MAC003525,16.5,0.6465
MAC003525,17.0,0.892
MAC003525,17.5,1.113
MAC003525,18.0,1.283
MAC003525,18.5,1.1117
MAC003525,19.0,1.195
MAC003525,19.5,1.0441
MAC003525,20.0,0.9616
MAC003525,20.5,0.8527
MAC003525,21.0,0.7841
MAC003525,21.5,0.7597
MAC003525,22.0,0.7036
MAC003525,22.5,0.6036
MAC003525,23.0,0.5053
MAC003525,23.5,0.4036
MAC003533,0.0,0.1292
MAC003533,0.5,0.096
MAC003533,1.0,0.0875
MAC003533,1.5,0.086
MAC003533,2.0,0.0835
MAC003533,2.5,0.0853
MAC003533,3.0,0.0826
MAC003533,3.5,0.077
MAC003533,4.0,0.083
MAC003533,4.5,0.0811
MAC003533,5.0,0.0841
MAC003533,5.5,0.1024
MAC003533,6.0,0.1841
MAC003533,6.5,0.6114
MAC003533,7.0,0.9761
MAC003533,7.5,0.8341
MAC003533,8.0,0.8289
MAC003533,8.5,0.7769
MAC003533,9.0,0.6304
MAC003533,9.5,0.5545
MAC003533,10.0,0.5003
MAC003533,10.5,0.3892
MAC003533,11.0,0.4563
MAC003533,11.5,0.464
MAC003533,12.0,0.5212
MAC003533,12.5,0.5527
MAC003533,13.0,0.57
MAC003533,13.5,0.5063
MAC003533,14.0,0.5203
MAC003533,14.5,0.4585
MAC003533,15.0,0.3972
MAC003533,15.5,0.4475
MAC003533,16.0,0.6792
MAC003533,16.5,1.046
MAC003533,17.0,1.4807
MAC003533,17.5,1.3398
MAC003533,18.0,1.1124
MAC003533,18.5,0.8422
MAC003533,19.0,0.7892
MAC003533,19.5,0.7977
MAC003533,20.0,0.7711
MAC003533,20.5,0.7033
MAC003533,21.0,0.7098
MAC003533,21.5,0.6645
MAC003533,22.0,0.6034
MAC003533,22.5,0.4856
MAC003533,23.0,0.3543
MAC003533,23.5,0.2336
MAC003550,0.0,0.1694
MAC003550,0.5,0.1627
MAC003550,1.0,0.1593
MAC003550,1.5,0.1594
MAC003550,2.0,0.1527
MAC003550,2.5,0.1487
MAC003550,3.0,0.1446
MAC003550,3.5,0.1425
MAC003550,4.0,0.1458
MAC003550,4.5,0.1512
MAC003550,5.0,0.2007
MAC003550,5.5,0.3234
MAC003550,6.0,0.2896
MAC003550,6.5,0.4003
MAC003550,7.0,0.4062
MAC003550,7.5,0.427
MAC003550,8.0,0.4782
MAC003550,8.5,0.4566
MAC003550,9.0,0.5112
MAC003550,9.5,0.523
MAC003550,10.0,0.532
MAC003550,10.5,0.4842
MAC003550,11.0,0.5334
MAC003550,11.5,0.5197
MAC003550,12.0,0.5449
MAC003550,12.5,0.5321
MAC003550,13.0,0.5577
MAC003550,13.5,0.5628
MAC003550,14.0,0.5995
MAC003550,14.5,0.6237
MAC003550,15.0,0.6158
MAC003550,15.5,0.6842
MAC003550,16.0,0.7327
MAC003550,16.5,0.7457
MAC003550,17.0,0.7934
MAC003550,17.5,0.7725
MAC003550,18.0,0.7312
MAC003550,18.5,0.7208
MAC003550,19.0,0.718
MAC003550,19.5,0.7205
MAC003550,20.0,0.6868
MAC003550,20.5,0.6018
MAC003550,21.0,0.4475
MAC003550,21.5,0.3455
MAC003550,22.0,0.2431
MAC003550,22.5,0.2079
MAC003550,23.0,0.1913
MAC003550,23.5,0.1843
MAC003560,0.0,0.367
MAC003560,0.5,0.3445
MAC003560,1.0,0.3466
MAC003560,1.5,0.336
MAC003560,2.0,0.3475
MAC003560,2.5,0.3752
MAC003560,3.0,0.3405
MAC003560,3.5,0.3422
MAC003560,4.0,0.3481
MAC003560,4.5,0.304
MAC003560,5.0,0.3155
MAC003560,5.5,0.3215
MAC003560,6.0,0.3468
MAC003560,6.5,0.3744
MAC003560,7.0,0.3886
MAC003560,7.5,0.4063
MAC003560,8.0,0.4238
MAC003560,8.5,0.4112
MAC003560,9.0,0.3919
MAC003560,9.5,0.3729
MAC003560,10.0,0.3784
MAC003560,10.5,0.3897
MAC003560,11.0,0.3831
MAC003560,11.5,0.3845
MAC003560,12.0,0.4272
MAC003560,12.5,0.4475
MAC003560,13.0,0.5263
MAC003560,13.5,0.5543
MAC003560,14.0,0.5132
MAC003560,14.5,0.5359
MAC003560,15.0,0.6018
MAC003560,15.5,0.6156
MAC003560,16.0,0.603
MAC003560,16.5,0.5459
MAC003560,17.0,0.6262
MAC003560,17.5,0.7792
MAC003560,18.0,0.7946
MAC003560,18.5,0.8062
MAC003560,19.0,0.7105
MAC003560,19.5,0.5787
MAC003560,20.0,0.4806
MAC003560,20.5,0.3875
MAC003560,21.0,0.3152
MAC003560,21.5,0.3066
MAC003560,22.0,0.2969
MAC003560,22.5,0.328
MAC003560,23.0,0.3576
MAC003560,23.5,0.3574
MAC003568,0.0,0.5523
MAC003568,0.5,0.5315
MAC003568,1.0,0.4668
MAC003568,1.5,0.4872
MAC003568,2.0,0.4737
MAC003568,2.5,0.4495
MAC003568,3.0,0.4489
MAC003568,3.5,0.4725
MAC003568,4.0,0.428
MAC003568,4.5,0.4494
MAC003568,5.0,0.5743
MAC003568,5.5,0.5966
MAC003568,6.0,0.7256
MAC003568,6.5,0.7633
MAC003568,7.0,0.8097
MAC003568,7.5,0.8139
MAC003568,8.0,0.784
MAC003568,8.5,0.7283
MAC003568,9.0,0.6441
MAC003568,9.5,0.6764
MAC003568,10.0,0.556
MAC003568,10.5,0.651
MAC003568,11.0,0.6835
MAC003568,11.5,0.6587
MAC003568,12.0,0.649
MAC003568,12.5,0.7015
MAC003568,13.0,0.6612
MAC003568,13.5,0.7526
MAC003568,14.0,0.7677
MAC003568,14.5,0.7663
MAC003568,15.0,0.8323
MAC003568,15.5,0.9803
MAC003568,16.0,1.1966
MAC003568,16.5,1.3979
MAC003568,17.0,1.5466
MAC003568,17.5,1.7139
MAC003568,18.0,1.9056
MAC003568,18.5,1.8249
MAC003568,19.0,1.8147
MAC003568,19.5,1.7131
MAC003568,20.0,1.6433
MAC003568,20.5,1.6216
MAC003568,21.0,1.5511
MAC003568,21.5,1.5444
MAC003568,22.0,1.3603
MAC003568,22.5,1.0445
MAC003568,23.0,0.845
MAC003568,23.5,0.6401
MAC003589,0.0,0.422
MAC003589,0.5,0.3948
MAC003589,1.0,0.3835
MAC003589,1.5,0.3668
MAC003589,2.0,0.3578
MAC003589,2.5,0.3497
MAC003589,3.0,0.3447
MAC003589,3.5,0.333
MAC003589,4.0,0.333
MAC003589,4.5,0.3345
MAC003589,5.0,0.3398
MAC003589,5.5,0.3804
MAC003589,6.0,0.4244
MAC003589,6.5,0.4789
MAC003589,7.0,0.5547
MAC003589,7.5,0.599
MAC003589,8.0,0.6247
MAC003589,8.5,0.6453
MAC003589,9.0,0.6375
MAC003589,9.5,0.6295
MAC003589,10.0,0.6961
MAC003589,10.5,0.7724
MAC003589,11.0,0.8261
MAC003589,11.5,0.8617
MAC003589,12.0,0.8353
MAC003589,12.5,0.7685
MAC003589,13.0,0.6765
MAC003589,13.5,0.6458
MAC003589,14.0,0.6293
MAC003589,14.5,0.6004
MAC003589,15.0,0.6561
MAC003589,15.5,0.6983
MAC003589,16.0,0.7608
MAC003589,16.5,0.8398
MAC003589,17.0,0.859
MAC003589,17.5,0.8381
MAC003589,18.0,0.8237
MAC003589,18.5,0.7913
MAC003589,19.0,0.7874
MAC003589,19.5,0.7828
MAC003589,20.0,0.7543
MAC003589,20.5,0.7166
MAC003589,21.0,0.6588
MAC003589,21.5,0.5936
MAC003589,22.0,0.5421
MAC003589,22.5,0.4919
MAC003589,23.0,0.4769
MAC003589,23.5,0.4525
MAC003596,0.0,0.307
MAC003596,0.5,0.29
MAC003596,1.0,0.2856
MAC003596,1.5,0.284
MAC003596,2.0,0.2792
MAC003596,2.5,0.2821
MAC003596,3.0,0.2877
MAC003596,3.5,0.2892
MAC003596,4.0,0.2813
MAC003596,4.5,0.3074
MAC003596,5.0,0.3016
MAC003596,5.5,0.4019
MAC003596,6.0,0.4745
MAC003596,6.5,0.5448
MAC003596,7.0,0.636
MAC003596,7.5,0.6465
MAC003596,8.0,0.6137
MAC003596,8.5,0.5747
MAC003596,9.0,0.5751
MAC003596,9.5,0.6075
MAC003596,10.0,0.628
MAC003596,10.5,0.6136
MAC003596,11.0,0.6148
MAC003596,11.5,0.6319
MAC003596,12.0,0.6541
MAC003596,12.5,0.65
MAC003596,13.0,0.6517
MAC003596,13.5,0.6585
MAC003596,14.0,0.6291
MAC003596,14.5,0.6761
MAC003596,15.0,0.7191
MAC003596,15.5,0.7191
MAC003596,16.0,0.8187
MAC003596,16.5,0.9826
MAC003596,17.0,1.0195
MAC003596,17.5,1.2186
MAC003596,18.0,1.1846
MAC003596,18.5,1.0847
MAC003596,19.0,0.9711
MAC003596,19.5,0.8759
MAC003596,20.0,0.8459
MAC003596,20.5,0.7849
MAC003596,21.0,0.73
MAC003596,21.5,0.6656
MAC003596,22.0,0.5197
MAC003596,22.5,0.4451
MAC003596,23.0,0.3704
MAC003596,23.5,0.3292
MAC003603,0.0,1.4621
MAC003603,0.5,1.4562
MAC003603,1.0,1.4481
MAC003603,1.5,1.453
MAC003603,2.0,1.455
MAC003603,2.5,1.4484
MAC003603,3.0,1.4484
MAC003603,3.5,1.4552
MAC003603,4.0,1.4681
MAC003603,4.5,1.46
MAC003603,5.0,1.498
MAC003603,5.5,1.57
MAC003603,6.0,1.6496
MAC003603,6.5,1.641
MAC003603,7.0,1.5872
MAC003603,7.5,1.5122
MAC003603,8.0,1.4685
MAC003603,8.5,1.4406
MAC003603,9.0,1.4293
MAC003603,9.5,1.4093
MAC003603,10.0,1.3749
MAC003603,10.5,1.3832
MAC003603,11.0,1.391
MAC003603,11.5,1.6328
MAC003603,12.0,1.624
MAC003603,12.5,1.8426
MAC003603,13.0,2.0885
MAC003603,13.5,1.9518
MAC003603,14.0,1.8335
MAC003603,14.5,1.5938
MAC003603,15.0,1.4709
MAC003603,15.5,1.4106
MAC003603,16.0,1.4036
MAC003603,16.5,1.4134
MAC003603,17.0,1.4169
MAC003603,17.5,1.4286
MAC003603,18.0,1.4846
MAC003603,18.5,1.5008
MAC003603,19.0,1.5188
MAC003603,19.5,1.602
MAC003603,20.0,1.6149
MAC003603,20.5,1.6974
MAC003603,21.0,1.7374
MAC003603,21.5,1.6344
MAC003603,22.0,1.5978
MAC003603,22.5,1.5584
MAC003603,23.0,1.5253
MAC003603,23.5,1.4872
MAC003650,0.0,0.2841
MAC003650,0.5,0.1901
MAC003650,1.0,0.1349
MAC003650,1.5,0.1107
MAC003650,2.0,0.0953
MAC003650,2.5,0.0947
MAC003650,3.0,0.0912
MAC003650,3.5,0.0876
MAC003650,4.0,0.087
MAC003650,4.5,0.0903
MAC003650,5.0,0.0959
MAC003650,5.5,0.1127
MAC003650,6.0,0.1558
MAC003650,6.5,0.2457
MAC003650,7.0,0.3338
MAC003650,7.5,0.4046
MAC003650,8.0,0.4608
MAC003650,8.5,0.5196
MAC003650,9.0,0.4793
MAC003650,9.5,0.5192
MAC003650,10.0,0.539
MAC003650,10.5,0.5264
MAC003650,11.0,0.6136
MAC003650,11.5,0.6199
MAC003650,12.0,0.6287
MAC003650,12.5,0.6469
MAC003650,13.0,0.6184
MAC003650,13.5,0.5971
MAC003650,14.0,0.5976
MAC003650,14.5,0.618
MAC003650,15.0,0.5884
MAC003650,15.5,0.5847
MAC003650,16.0,0.5861
MAC003650,16.5,0.6364
MAC003650,17.0,0.9131
MAC003650,17.5,1.4023
MAC003650,18.0,1.2793
MAC003650,18.5,1.1911
MAC003650,19.0,0.8261
MAC003650,19.5,0.7438
MAC003650,20.0,0.7597
MAC003650,20.5,0.778
MAC003650,21.0,0.7557
MAC003650,21.5,0.6931
MAC003650,22.0,0.619
MAC003650,22.5,0.5343
MAC003650,23.0,0.495
MAC003650,23.5,0.3909
MAC003652,0.0,0.2833
MAC003652,0.5,0.2615
MAC003652,1.0,0.2419
MAC003652,1.5,0.2424
MAC003652,2.0,0.2215
MAC003652,2.5,0.2169
MAC003652,3.0,0.211
MAC003652,3.5,0.2032
MAC003652,4.0,0.2285
MAC003652,4.5,0.2653
MAC003652,5.0,0.2649
MAC003652,5.5,0.421
MAC003652,6.0,0.3489
MAC003652,6.5,0.3727
MAC003652,7.0,0.3424
MAC003652,7.5,0.3539
MAC003652,8.0,0.3146
MAC003652,8.5,0.3288
MAC003652,9.0,0.3344
MAC003652,9.5,0.3077
MAC003652,10.0,0.3231
MAC003652,10.5,0.2822
MAC003652,11.0,0.3073
MAC003652,11.5,0.3442
MAC003652,12.0,0.3485
MAC003652,12.5,0.4015
MAC003652,13.0,0.4255
MAC003652,13.5,0.4261
MAC003652,14.0,0.4117
MAC003652,14.5,0.4077
MAC003652,15.0,0.4351
MAC003652,15.5,0.4278
MAC003652,16.0,0.4828
MAC003652,16.5,0.4839
MAC003652,17.0,0.6452
MAC003652,17.5,0.7474
MAC003652,18.0,0.5865
MAC003652,18.5,0.6419
MAC003652,19.0,0.518
MAC003652,19.5,0.3979
MAC003652,20.0,0.402
MAC003652,20.5,0.3466
MAC003652,21.0,0.3608
MAC003652,21.5,0.3592
MAC003652,22.0,0.36
MAC003652,22.5,0.365
MAC003652,23.0,0.3143
MAC003652,23.5,0.3001
MAC003657,0.0,0.1688
MAC003657,0.5,0.1665
MAC003657,1.0,0.1647
MAC003657,1.5,0.1654
MAC003657,2.0,0.1644
MAC003657,2.5,0.1597
MAC003657,3.0,0.1582
MAC003657,3.5,0.1611
MAC003657,4.0,0.1601
MAC003657,4.5,0.1606
MAC003657,5.0,0.1615
MAC003657,5.5,0.1655
MAC003657,6.0,0.1792
MAC003657,6.5,0.1913
MAC003657,7.0,0.2263
MAC003657,7.5,0.2361
MAC003657,8.0,0.2295
MAC003657,8.5,0.224
MAC003657,9.0,0.2162
MAC003657,9.5,0.211
MAC003657,10.0,0.2119
MAC003657,10.5,0.2028
MAC003657,11.0,0.2144
MAC003657,11.5,0.2163
MAC003657,12.0,0.2242
MAC003657,12.5,0.2409
MAC003657,13.0,0.2357
MAC003657,13.5,0.2302
MAC003657,14.0,0.2241
MAC003657,14.5,0.2242
MAC003657,15.0,0.2481
MAC003657,15.5,0.2687
MAC003657,16.0,0.2842
MAC003657,16.5,0.2992
MAC003657,17.0,0.2947
MAC003657,17.5,0.2847
MAC003657,18.0,0.2863
MAC003657,18.5,0.2741
MAC003657,19.0,0.266
MAC003657,19.5,0.2576
MAC003657,20.0,0.2483
MAC003657,20.5,0.2315
MAC003657,21.0,0.2161
MAC003657,21.5,0.2074
MAC003657,22.0,0.1999
MAC003657,22.5,0.1937
MAC003657,23.0,0.1854
MAC003657,23.5,0.1766
MAC003661,0.0,0.2465
MAC003661,0.5,0.2164
MAC003661,1.0,0.1923
MAC003661,1.5,0.1808
MAC003661,2.0,0.1811
MAC003661,2.5,0.1668
MAC003661,3.0,0.1688
MAC003661,3.5,0.1664
MAC003661,4.0,0.1656
MAC003661,4.5,0.1748
MAC003661,5.0,0.1711
MAC003661,5.5,0.1739
MAC003661,6.0,0.1728
MAC003661,6.5,0.2177
MAC003661,7.0,0.2419
MAC003661,7.5,0.2912
MAC003661,8.0,0.3559
MAC003661,8.5,0.3589
MAC003661,9.0,0.3228
MAC003661,9.5,0.2883
MAC003661,10.0,0.3334
MAC003661,10.5,0.343
MAC003661,11.0,0.3522
MAC003661,11.5,0.3341
MAC003661,12.0,0.3299
MAC003661,12.5,0.3206
MAC003661,13.0,0.2976
MAC003661,13.5,0.2895
MAC003661,14.0,0.283
MAC003661,14.5,0.2889
MAC003661,15.0,0.2959
MAC003661,15.5,0.308
MAC003661,16.0,0.3413
MAC003661,16.5,0.3626
MAC003661,17.0,0.3944
MAC003661,17.5,0.4368
MAC003661,18.0,0.4661
MAC003661,18.5,0.5581
MAC003661,19.0,0.5928
MAC003661,19.5,0.5763
MAC003661,20.0,0.5378
MAC003661,20.5,0.5092
MAC003661,21.0,0.5051
MAC003661,21.5,0.4872
MAC003661,22.0,0.4472
MAC003661,22.5,0.3908
MAC003661,23.0,0.3526
MAC003661,23.5,0.2981
MAC003665,0.0,0.1532
MAC003665,0.5,0.1492
MAC003665,1.0,0.1458
MAC003665,1.5,0.1477
MAC003665,2.0,0.1456
MAC003665,2.5,0.1461
MAC003665,3.0,0.1456
MAC003665,3.5,0.1459
MAC003665,4.0,0.1547
MAC003665,4.5,0.1529
MAC003665,5.0,0.1499
MAC003665,5.5,0.2441
MAC003665,6.0,0.2268
MAC003665,6.5,0.2369
MAC003665,7.0,0.2611
MAC003665,7.5,0.2237
MAC003665,8.0,0.1911
MAC003665,8.5,0.2048
MAC003665,9.0,0.2381
MAC003665,9.5,0.2961
MAC003665,10.0,0.3148
MAC003665,10.5,0.3069
MAC003665,11.0,0.3185
MAC003665,11.5,0.3189
MAC003665,12.0,0.2617
MAC003665,12.5,0.2543
MAC003665,13.0,0.2523
MAC003665,13.5,0.2442
MAC003665,14.0,0.2288
MAC003665,14.5,0.2478
MAC003665,15.0,0.2704
MAC003665,15.5,0.3182
MAC003665,16.0,0.3599
MAC003665,16.5,0.4367
MAC003665,17.0,0.5028
MAC003665,17.5,0.5899
MAC003665,18.0,0.6671
MAC003665,18.5,0.7061
MAC003665,19.0,0.6306
MAC003665,19.5,0.5869
MAC003665,20.0,0.5038
MAC003665,20.5,0.4217
MAC003665,21.0,0.4164
MAC003665,21.5,0.3872
MAC003665,22.0,0.3231
MAC003665,22.5,0.2579
MAC003665,23.0,0.1964
MAC003665,23.5,0.1672
MAC003669,0.0,0.2313
MAC003669,0.5,0.1927
MAC003669,1.0,0.1725
MAC003669,1.5,0.1677
MAC003669,2.0,0.1643
MAC003669,2.5,0.1622
MAC003669,3.0,0.1602
MAC003669,3.5,0.1593
MAC003669,4.0,0.1697
MAC003669,4.5,0.1989
MAC003669,5.0,0.2216
MAC003669,5.5,0.2041
MAC003669,6.0,0.2112
MAC003669,6.5,0.2746
MAC003669,7.0,0.2796
MAC003669,7.5,0.2682
MAC003669,8.0,0.2822
MAC003669,8.5,0.3066
MAC003669,9.0,0.281
MAC003669,9.5,0.24
MAC003669,10.0,0.2744
MAC003669,10.5,0.2684
MAC003669,11.0,0.2862
MAC003669,11.5,0.283
MAC003669,12.0,0.2814
MAC003669,12.5,0.2654
MAC003669,13.0,0.2614
MAC003669,13.5,0.2446
MAC003669,14.0,0.2463
MAC003669,14.5,0.2496
MAC003669,15.0,0.2498
MAC003669,15.5,0.2478
MAC003669,16.0,0.2448
MAC003669,16.5,0.3057
MAC003669,17.0,0.3761
MAC003669,17.5,0.3971
MAC003669,18.0,0.4296
MAC003669,18.5,0.4315
MAC003669,19.0,0.4201
MAC003669,19.5,0.4057
MAC003669,20.0,0.3815
MAC003669,20.5,0.3569
MAC003669,21.0,0.3681
MAC003669,21.5,0.36
MAC003669,22.0,0.3522
MAC003669,22.5,0.3343
MAC003669,23.0,0.2991
MAC003669,23.5,0.268
MAC003675,0.0,0.5483
MAC003675,0.5,0.4652
MAC003675,1.0,0.4445
MAC003675,1.5,0.4003
MAC003675,2.0,0.3689
MAC003675,2.5,0.355
MAC003675,3.0,0.3403
MAC003675,3.5,0.3283
MAC003675,4.0,0.3313
MAC003675,4.5,0.3296
MAC003675,5.0,0.5769
MAC003675,5.5,0.8545
MAC003675,6.0,0.6462
MAC003675,6.5,1.0317
MAC003675,7.0,0.6518
MAC003675,7.5,0.6172
MAC003675,8.0,0.7356
MAC003675,8.5,0.7462
MAC003675,9.0,0.9108
MAC003675,9.5,1.0123
MAC003675,10.0,1.121
MAC003675,10.5,1.1816
MAC003675,11.0,1.1124
MAC003675,11.5,1.0734
MAC003675,12.0,1.0994
MAC003675,12.5,1.1404
MAC003675,13.0,1.1391
MAC003675,13.5,1.1125
MAC003675,14.0,1.1391
MAC003675,14.5,1.1231
MAC003675,15.0,1.0825
MAC003675,15.5,1.2233
MAC003675,16.0,1.3261
MAC003675,16.5,1.419
MAC003675,17.0,1.6386
MAC003675,17.5,1.8153
MAC003675,18.0,1.8653
MAC003675,18.5,1.8255
MAC003675,19.0,1.533
MAC003675,19.5,1.3937
MAC003675,20.0,1.2315
MAC003675,20.5,1.0035
MAC003675,21.0,0.9226
MAC003675,21.5,0.8854
MAC003675,22.0,0.8059
MAC003675,22.5,0.6774
MAC003675,23.0,0.6457
MAC003675,23.5,0.5805
MAC003693,0.0,0.6518
MAC003693,0.5,0.592
MAC003693,1.0,0.513
MAC003693,1.5,0.4781
MAC003693,2.0,0.4415
MAC003693,2.5,0.4259
MAC003693,3.0,0.3983
MAC003693,3.5,0.415
MAC003693,4.0,0.346
MAC003693,4.5,0.3212
MAC003693,5.0,0.2837
MAC003693,5.5,0.283
MAC003693,6.0,0.2767
MAC003693,6.5,0.3025
MAC003693,7.0,0.3395
MAC003693,7.5,0.4208
MAC003693,8.0,0.4624
MAC003693,8.5,0.5682
MAC003693,9.0,0.5999
MAC003693,9.5,0.6009
MAC003693,10.0,0.6617
MAC003693,10.5,0.7433
MAC003693,11.0,0.757
MAC003693,11.5,0.7948
MAC003693,12.0,0.8551
MAC003693,12.5,0.9105
MAC003693,13.0,0.9501
MAC003693,13.5,1.0559
MAC003693,14.0,1.1675
MAC003693,14.5,1.3098
MAC003693,15.0,1.2813
MAC003693,15.5,1.3633
MAC003693,16.0,1.3086
MAC003693,16.5,1.3135
MAC003693,17.0,1.2835
MAC003693,17.5,1.2728
MAC003693,18.0,1.3681
MAC003693,18.5,1.2307
MAC003693,19.0,1.22
MAC003693,19.5,1.2074
MAC003693,20.0,1.1148
MAC003693,20.5,1.0783
MAC003693,21.0,1.0341
MAC003693,21.5,0.9945
MAC003693,22.0,0.958
MAC003693,22.5,0.8945
MAC003693,23.0,0.815
MAC003693,23.5,0.7204
MAC003704,0.0,0.4746
MAC003704,0.5,0.461
MAC003704,1.0,0.4516
MAC003704,1.5,0.4514
MAC003704,2.0,0.4855
MAC003704,2.5,0.4639
MAC003704,3.0,0.4937
MAC003704,3.5,0.5012
MAC003704,4.0,0.5174
MAC003704,4.5,0.5796
MAC003704,5.0,0.661
MAC003704,5.5,0.7267
MAC003704,6.0,0.8867
MAC003704,6.5,0.8923
MAC003704,7.0,1.0937
MAC003704,7.5,0.9349
MAC003704,8.0,0.9534
MAC003704,8.5,0.7525
MAC003704,9.0,0.7303
MAC003704,9.5,0.7091
MAC003704,10.0,0.6716
MAC003704,10.5,0.6299
MAC003704,11.0,0.5859
MAC003704,11.5,0.6183
MAC003704,12.0,0.6576
MAC003704,12.5,0.7125
MAC003704,13.0,0.7061
MAC003704,13.5,0.7752
MAC003704,14.0,0.6469
MAC003704,14.5,0.708
MAC003704,15.0,0.7449
MAC003704,15.5,0.738
MAC003704,16.0,0.8455
MAC003704,16.5,0.9241
MAC003704,17.0,1.0876
MAC003704,17.5,1.1189
MAC003704,18.0,1.1958
MAC003704,18.5,1.099
MAC003704,19.0,0.9032
MAC003704,19.5,0.8499
MAC003704,20.0,0.7409
MAC003704,20.5,0.6488
MAC003704,21.0,0.6278
MAC003704,21.5,0.5765
MAC003704,22.0,0.5363
MAC003704,22.5,0.5209
MAC003704,23.0,0.4767
MAC003704,23.5,0.4834
MAC003728,0.0,0.7676
MAC003728,0.5,0.7152
MAC003728,1.0,0.6733
MAC003728,1.5,0.5842
MAC003728,2.0,0.5209
MAC003728,2.5,0.4666
MAC003728,3.0,0.4508
MAC003728,3.5,0.4322
MAC003728,4.0,0.41
MAC003728,4.5,0.4101
MAC003728,5.0,0.425
MAC003728,5.5,0.4342
MAC003728,6.0,0.4358
MAC003728,6.5,0.4374
MAC003728,7.0,0.4539
MAC003728,7.5,0.4512
MAC003728,8.0,0.4671
MAC003728,8.5,0.4716
MAC003728,9.0,0.494
MAC003728,9.5,0.5488
MAC003728,10.0,0.5891
MAC003728,10.5,0.654
MAC003728,11.0,0.7636
MAC003728,11.5,0.794
MAC003728,12.0,0.8133
MAC003728,12.5,0.8422
MAC003728,13.0,0.8708
MAC003728,13.5,0.8788
MAC003728,14.0,0.8619
MAC003728,14.5,0.8871
MAC003728,15.0,0.8865
MAC003728,15.5,0.8846
MAC003728,16.0,0.8982
MAC003728,16.5,0.9463
MAC003728,17.0,0.9385
MAC003728,17.5,0.9051
MAC003728,18.0,0.8405
MAC003728,18.5,0.7948
MAC003728,19.0,0.759
MAC003728,19.5,0.7343
MAC003728,20.0,0.7106
MAC003728,20.5,0.6748
MAC003728,21.0,0.6945
MAC003728,21.5,0.7373
MAC003728,22.0,0.7204
MAC003728,22.5,0.7512
MAC003728,23.0,0.7757
MAC003728,23.5,0.7672
MAC003730,0.0,0.1992
MAC003730,0.5,0.1847
MAC003730,1.0,0.18
MAC003730,1.5,0.1737
MAC003730,2.0,0.1724
MAC003730,2.5,0.1703
MAC003730,3.0,0.167
MAC003730,3.5,0.1664
MAC003730,4.0,0.1647
MAC003730,4.5,0.1651
MAC003730,5.0,0.16
MAC003730,5.5,0.1642
MAC003730,6.0,0.2671
MAC003730,6.5,0.3898
MAC003730,7.0,0.4784
MAC003730,7.5,0.511
MAC003730,8.0,0.4688
MAC003730,8.5,0.357
MAC003730,9.0,0.3586
MAC003730,9.5,0.3591
MAC003730,10.0,0.3997
MAC003730,10.5,0.4193
MAC003730,11.0,0.4662
MAC003730,11.5,0.4595
MAC003730,12.0,0.443
MAC003730,12.5,0.452
MAC003730,13.0,0.4631
MAC003730,13.5,0.4036
MAC003730,14.0,0.4453
MAC003730,14.5,0.4517
MAC003730,15.0,0.5811
MAC003730,15.5,0.6847
MAC003730,16.0,0.6982
MAC003730,16.5,0.8002
MAC003730,17.0,0.8037
MAC003730,17.5,0.852
MAC003730,18.0,0.9045
MAC003730,18.5,0.8854
MAC003730,19.0,0.9461
MAC003730,19.5,0.9262
MAC003730,20.0,0.8595
MAC003730,20.5,0.7957
MAC003730,21.0,0.6045
MAC003730,21.5,0.5215
MAC003730,22.0,0.4354
MAC003730,22.5,0.3042
MAC003730,23.0,0.2655
MAC003730,23.5,0.226
MAC003739,0.0,0.1822
MAC003739,0.5,0.1597
MAC003739,1.0,0.1461
MAC003739,1.5,0.1378
MAC003739,2.0,0.1314
MAC003739,2.5,0.1317
MAC003739,3.0,0.1314
MAC003739,3.5,0.1312
MAC003739,4.0,0.1295
MAC003739,4.5,0.1331
MAC003739,5.0,0.1377
MAC003739,5.5,0.1396
MAC003739,6.0,0.1605
MAC003739,6.5,0.2264
MAC003739,7.0,0.236
MAC003739,7.5,0.3022
MAC003739,8.0,0.2893
MAC003739,8.5,0.2891
MAC003739,9.0,0.3117
MAC003739,9.5,0.3037
MAC003739,10.0,0.3072
MAC003739,10.5,0.3191
MAC003739,11.0,0.3168
MAC003739,11.5,0.3184
MAC003739,12.0,0.2852
MAC003739,12.5,0.2937
MAC003739,13.0,0.2765
MAC003739,13.5,0.254
MAC003739,14.0,0.232
MAC003739,14.5,0.2488
MAC003739,15.0,0.2592
MAC003739,15.5,0.2579
MAC003739,16.0,0.2668
MAC003739,16.5,0.2909
MAC003739,17.0,0.3016
MAC003739,17.5,0.3686
MAC003739,18.0,0.3611
MAC003739,18.5,0.3922
MAC003739,19.0,0.425
MAC003739,19.5,0.4321
MAC003739,20.0,0.4174
MAC003739,20.5,0.4057
MAC003739,21.0,0.3563
MAC003739,21.5,0.3295
MAC003739,22.0,0.3025
MAC003739,22.5,0.2708
MAC003739,23.0,0.2384
MAC003739,23.5,0.221
MAC003741,0.0,0.2421
MAC003741,0.5,0.2331
MAC003741,1.0,0.2138
MAC003741,1.5,0.1971
MAC003741,2.0,0.1873
MAC003741,2.5,0.184
MAC003741,3.0,0.1835
MAC003741,3.5,0.193
MAC003741,4.0,0.1893
MAC003741,4.5,0.3168
MAC003741,5.0,0.2737
MAC003741,5.5,0.3132
MAC003741,6.0,0.2611
MAC003741,6.5,0.2603
MAC003741,7.0,0.2247
MAC003741,7.5,0.2441
MAC003741,8.0,0.2461
MAC003741,8.5,0.2868
MAC003741,9.0,0.3061
MAC003741,9.5,0.365
MAC003741,10.0,0.3899
MAC003741,10.5,0.4242
MAC003741,11.0,0.4294
MAC003741,11.5,0.4572
MAC003741,12.0,0.4709
MAC003741,12.5,0.4887
MAC003741,13.0,0.4994
MAC003741,13.5,0.5021
MAC003741,14.0,0.5301
MAC003741,14.5,0.5887
MAC003741,15.0,0.7099
MAC003741,15.5,0.8486
MAC003741,16.0,1.0177
MAC003741,16.5,1.0321
MAC003741,17.0,1.0481
MAC003741,17.5,0.9272
MAC003741,18.0,0.7732
MAC003741,18.5,0.6703
MAC003741,19.0,0.6234
MAC003741,19.5,0.5585
MAC003741,20.0,0.5196
MAC003741,20.5,0.4448
MAC003741,21.0,0.4206
MAC003741,21.5,0.3703
MAC003741,22.0,0.352
MAC003741,22.5,0.3157
MAC003741,23.0,0.2947
MAC003741,23.5,0.2652
MAC003760,0.0,0.3443
MAC003760,0.5,0.29
MAC003760,1.0,0.271
MAC003760,1.5,0.2447
MAC003760,2.0,0.2458
MAC003760,2.5,0.2432
MAC003760,3.0,0.2299
MAC003760,3.5,0.2371
MAC003760,4.0,0.2561
MAC003760,4.5,0.3632
MAC003760,5.0,0.2565
MAC003760,5.5,0.4405
MAC003760,6.0,0.3517
MAC003760,6.5,0.3648
MAC003760,7.0,0.345
MAC003760,7.5,0.3841
MAC003760,8.0,0.399
MAC003760,8.5,0.4726
MAC003760,9.0,0.4432
MAC003760,9.5,0.4819
MAC003760,10.0,0.4692
MAC003760,10.5,0.493
MAC003760,11.0,0.5011
MAC003760,11.5,0.508
MAC003760,12.0,0.4729
MAC003760,12.5,0.5048
MAC003760,13.0,0.5304
MAC003760,13.5,0.5638
MAC003760,14.0,0.5629
MAC003760,14.5,0.5549
MAC003760,15.0,0.5464
MAC003760,15.5,0.5471
MAC003760,16.0,0.5878
MAC003760,16.5,0.5976
MAC003760,17.0,0.5541
MAC003760,17.5,0.6074
MAC003760,18.0,0.5422
MAC003760,18.5,0.6
MAC003760,19.0,0.6336
MAC003760,19.5,0.6457
MAC003760,20.0,0.6502
MAC003760,20.5,0.6261
MAC003760,21.0,0.5845
MAC003760,21.5,0.553
MAC003760,22.0,0.5431
MAC003760,22.5,0.4713
MAC003760,23.0,0.4228
MAC003760,23.5,0.3845
MAC003762,0.0,0.5428
MAC003762,0.5,0.4604
MAC003762,1.0,0.368
MAC003762,1.5,0.3305
MAC003762,2.0,0.2844
MAC003762,2.5,0.2346
MAC003762,3.0,0.2089
MAC003762,3.5,0.1913
MAC003762,4.0,0.188
MAC003762,4.5,0.2356
MAC003762,5.0,0.2505
MAC003762,5.5,0.2901
MAC003762,6.0,0.2731
MAC003762,6.5,0.2252
MAC003762,7.0,0.2988
MAC003762,7.5,0.2486
MAC003762,8.0,0.269
MAC003762,8.5,0.2571
MAC003762,9.0,0.2587
MAC003762,9.5,0.2676
MAC003762,10.0,0.2503
MAC003762,10.5,0.2682
MAC003762,11.0,0.3247
MAC003762,11.5,0.2604
MAC003762,12.0,0.2818
MAC003762,12.5,0.276
MAC003762,13.0,0.279
MAC003762,13.5,0.3135
MAC003762,14.0,0.3188
MAC003762,14.5,0.3342
MAC003762,15.0,0.3587
MAC003762,15.5,0.4388
MAC003762,16.0,0.4522
MAC003762,16.5,0.5304
MAC003762,17.0,0.6748
MAC003762,17.5,0.7396
MAC003762,18.0,0.8436
MAC003762,18.5,0.9455
MAC003762,19.0,0.974
MAC003762,19.5,1.0246
MAC003762,20.0,0.9567
MAC003762,20.5,0.879
MAC003762,21.0,0.8568
MAC003762,21.5,0.8188
MAC003762,22.0,0.7684
MAC003762,22.5,0.7017
MAC003762,23.0,0.6727
MAC003762,23.5,0.6115
MAC003788,0.0,0.1642
MAC003788,0.5,0.1564
MAC003788,1.0,0.1553
MAC003788,1.5,0.151
MAC003788,2.0,0.1561
MAC003788,2.5,0.154
MAC003788,3.0,0.1552
MAC003788,3.5,0.1552
MAC003788,4.0,0.1527
MAC003788,4.5,0.1547
MAC003788,5.0,0.1541
MAC003788,5.5,0.1566
MAC003788,6.0,0.1819
MAC003788,6.5,0.2403
MAC003788,7.0,0.3355
MAC003788,7.5,0.316
MAC003788,8.0,0.3526
MAC003788,8.5,0.3104
MAC003788,9.0,0.3008
MAC003788,9.5,0.3043
MAC003788,10.0,0.2977
MAC003788,10.5,0.2877
MAC003788,11.0,0.3214
MAC003788,11.5,0.3845
MAC003788,12.0,0.3499
MAC003788,12.5,0.3272
MAC003788,13.0,0.2823
MAC003788,13.5,0.262
MAC003788,14.0,0.2702
MAC003788,14.5,0.2688
MAC003788,15.0,0.2922
MAC003788,15.5,0.3162
MAC003788,16.0,0.4898
MAC003788,16.5,0.5802
MAC003788,17.0,0.5935
MAC003788,17.5,0.5754
MAC003788,18.0,0.3844
MAC003788,18.5,0.3415
MAC003788,19.0,0.3155
MAC003788,19.5,0.3298
MAC003788,20.0,0.3278
MAC003788,20.5,0.3296
MAC003788,21.0,0.3477
MAC003788,21.5,0.3494
MAC003788,22.0,0.3635
MAC003788,22.5,0.294
MAC003788,23.0,0.2183
MAC003788,23.5,0.1861
MAC003807,0.0,0.6801
MAC003807,0.5,0.4722
MAC003807,1.0,0.3483
MAC003807,1.5,0.2881
MAC003807,2.0,0.2624
MAC003807,2.5,0.2573
MAC003807,3.0,0.2761
MAC003807,3.5,0.337
MAC003807,4.0,0.484
MAC003807,4.5,0.6203
MAC003807,5.0,0.6701
MAC003807,5.5,0.5397
MAC003807,6.0,0.5823
MAC003807,6.5,0.6484
MAC003807,7.0,0.8349
MAC003807,7.5,1.0145
MAC003807,8.0,1.079
MAC003807,8.5,1.0514
MAC003807,9.0,1.0554
MAC003807,9.5,0.9491
MAC003807,10.0,0.8378
MAC003807,10.5,0.8148
MAC003807,11.0,0.81
MAC003807,11.5,0.802
MAC003807,12.0,0.7738
MAC003807,12.5,0.8248
MAC003807,13.0,0.8465
MAC003807,13.5,0.8712
MAC003807,14.0,0.9266
MAC003807,14.5,0.9155
MAC003807,15.0,0.8672
MAC003807,15.5,0.8477
MAC003807,16.0,0.8274
MAC003807,16.5,0.9263
MAC003807,17.0,1.0357
MAC003807,17.5,1.2172
MAC003807,18.0,1.5579
MAC003807,18.5,1.9036
MAC003807,19.0,2.1248
MAC003807,19.5,2.2475
MAC003807,20.0,2.3249
MAC003807,20.5,2.2933
MAC003807,21.0,2.2958
MAC003807,21.5,2.2561
MAC003807,22.0,2.1326
MAC003807,22.5,1.8867
MAC003807,23.0,1.4625
MAC003807,23.5,1.0572
MAC003808,0.0,0.4389
MAC003808,0.5,0.4065
MAC003808,1.0,0.3823
MAC003808,1.5,0.3477
MAC003808,2.0,0.3166
MAC003808,2.5,0.2884
MAC003808,3.0,0.2727
MAC003808,3.5,0.2589
MAC003808,4.0,0.2442
MAC003808,4.5,0.2352
MAC003808,5.0,0.233
MAC003808,5.5,0.2391
MAC003808,6.0,0.244
MAC003808,6.5,0.2412
MAC003808,7.0,0.2518
MAC003808,7.5,0.2555
MAC003808,8.0,0.284
MAC003808,8.5,0.3397
MAC003808,9.0,0.3445
MAC003808,9.5,0.3868
MAC003808,10.0,0.3848
MAC003808,10.5,0.4177
MAC003808,11.0,0.4473
MAC003808,11.5,0.4167
MAC003808,12.0,0.413
MAC003808,12.5,0.4036
MAC003808,13.0,0.393
MAC003808,13.5,0.3584
MAC003808,14.0,0.338
MAC003808,14.5,0.3348
MAC003808,15.0,0.3325
MAC003808,15.5,0.3444
MAC003808,16.0,0.3657
MAC003808,16.5,0.397
MAC003808,17.0,0.4036
MAC003808,17.5,0.4299
MAC003808,18.0,0.4458
MAC003808,18.5,0.4619
MAC003808,19.0,0.5317
MAC003808,19.5,0.5483
MAC003808,20.0,0.5618
MAC003808,20.5,0.5583
MAC003808,21.0,0.5626
MAC003808,21.5,0.5732
MAC003808,22.0,0.5842
MAC003808,22.5,0.5525
MAC003808,23.0,0.5202
MAC003808,23.5,0.4917
MAC003848,0.0,0.295
MAC003848,0.5,0.275
MAC003848,1.0,0.2818
MAC003848,1.5,0.4992
MAC003848,2.0,0.6691
MAC003848,2.5,0.8458
MAC003848,3.0,0.9727
MAC003848,3.5,1.0091
MAC003848,4.0,0.9992
MAC003848,4.5,0.9403
MAC003848,5.0,0.979
MAC003848,5.5,0.9689
MAC003848,6.0,0.9303
MAC003848,6.5,0.9741
MAC003848,7.0,0.8575
MAC003848,7.5,0.7677
MAC003848,8.0,0.4963
MAC003848,8.5,0.4192
MAC003848,9.0,0.4508
MAC003848,9.5,0.4075
MAC003848,10.0,0.4136
MAC003848,10.5,0.3693
MAC003848,11.0,0.3484
MAC003848,11.5,0.3443
MAC003848,12.0,0.3247
MAC003848,12.5,0.284
MAC003848,13.0,0.2856
MAC003848,13.5,0.2785
MAC003848,14.0,0.2513
MAC003848,14.5,0.2699
MAC003848,15.0,0.3377
MAC003848,15.5,0.3899
MAC003848,16.0,0.9395
MAC003848,16.5,0.8269
MAC003848,17.0,0.7689
MAC003848,17.5,0.8137
MAC003848,18.0,1.2276
MAC003848,18.5,1.0616
MAC003848,19.0,1.4695
MAC003848,19.5,1.3479
MAC003848,20.0,1.2447
MAC003848,20.5,1.0891
MAC003848,21.0,1.0693
MAC003848,21.5,0.9309
MAC003848,22.0,0.6675
MAC003848,22.5,0.5597
MAC003848,23.0,0.4794
MAC003848,23.5,0.352
MAC003854,0.0,0.366
MAC003854,0.5,0.3556
MAC003854,1.0,0.3142
MAC003854,1.5,0.2835
MAC003854,2.0,0.2518
MAC003854,2.5,0.2365
MAC003854,3.0,0.2204
MAC003854,3.5,0.2087
MAC003854,4.0,0.2044
MAC003854,4.5,0.1968
MAC003854,5.0,0.2017
MAC003854,5.5,0.2152
MAC003854,6.0,0.2228
MAC003854,6.5,0.3115
MAC003854,7.0,0.5294
MAC003854,7.5,0.5851
MAC003854,8.0,0.5435
MAC003854,8.5,0.592
MAC003854,9.0,0.4193
MAC003854,9.5,0.3589
MAC003854,10.0,0.3374
MAC003854,10.5,0.2982
MAC003854,11.0,0.3094
MAC003854,11.5,0.3138
MAC003854,12.0,0.2945
MAC003854,12.5,0.2884
MAC003854,13.0,0.2924
MAC003854,13.5,0.2681
MAC003854,14.0,0.2903
MAC003854,14.5,0.2683
MAC003854,15.0,0.2755
MAC003854,15.5,0.288
MAC003854,16.0,0.3028
MAC003854,16.5,0.281
MAC003854,17.0,0.3279
MAC003854,17.5,0.3307
MAC003854,18.0,0.4154
MAC003854,18.5,0.4575
MAC003854,19.0,0.5456
MAC003854,19.5,0.5779
MAC003854,20.0,0.5647
MAC003854,20.5,0.5446
MAC003854,21.0,0.5207
MAC003854,21.5,0.5258
MAC003854,22.0,0.5336
MAC003854,22.5,0.518
MAC003854,23.0,0.4947
MAC003854,23.5,0.409
MAC003869,0.0,0.5214
MAC003869,0.5,0.4493
MAC003869,1.0,0.3936
MAC003869,1.5,0.3477
MAC003869,2.0,0.3141
MAC003869,2.5,0.2842
MAC003869,3.0,0.271
MAC003869,3.5,0.2569
MAC003869,4.0,0.2516
MAC003869,4.5,0.2431
MAC003869,5.0,0.2498
MAC003869,5.5,0.2838
MAC003869,6.0,0.3567
MAC003869,6.5,0.3629
MAC003869,7.0,0.5563
MAC003869,7.5,0.5691
MAC003869,8.0,0.6217
MAC003869,8.5,0.5776
MAC003869,9.0,0.5186
MAC003869,9.5,0.5043
MAC003869,10.0,0.467
MAC003869,10.5,0.4562
MAC003869,11.0,0.4137
MAC003869,11.5,0.4302
MAC003869,12.0,0.4024
MAC003869,12.5,0.4222
MAC003869,13.0,0.4057
MAC003869,13.5,0.4147
MAC003869,14.0,0.4392
MAC003869,14.5,0.451
MAC003869,15.0,0.5092
MAC003869,15.5,0.5782
MAC003869,16.0,0.7077
MAC003869,16.5,0.7827
MAC003869,17.0,0.8884
MAC003869,17.5,0.9428
MAC003869,18.0,0.9873
MAC003869,18.5,0.9599
MAC003869,19.0,0.9658
MAC003869,19.5,0.9247
MAC003869,20.0,0.9828
MAC003869,20.5,0.9915
MAC003869,21.0,0.973
MAC003869,21.5,0.8906
MAC003869,22.0,0.8401
MAC003869,22.5,0.7395
MAC003869,23.0,0.6802
MAC003869,23.5,0.5797
MAC003895,0.0,0.7186
MAC003895,0.5,0.5964
MAC003895,1.0,0.4977
MAC003895,1.5,0.4458
MAC003895,2.0,0.4189
MAC003895,2.5,0.3936
MAC003895,3.0,0.4045
MAC003895,3.5,0.3886
MAC003895,4.0,0.4037
MAC003895,4.5,0.4027
MAC003895,5.0,0.461
MAC003895,5.5,0.4628
MAC003895,6.0,0.4891
MAC003895,6.5,0.4959
MAC003895,7.0,0.5244
MAC003895,7.5,0.5718
MAC003895,8.0,0.6065
MAC003895,8.5,0.6444
MAC003895,9.0,0.674
MAC003895,9.5,0.6782
MAC003895,10.0,0.728
MAC003895,10.5,0.7209
MAC003895,11.0,0.7343
MAC003895,11.5,0.6706
MAC003895,12.0,0.6799
MAC003895,12.5,0.6595
MAC003895,13.0,0.6631
MAC003895,13.5,0.6551
MAC003895,14.0,0.6631
MAC003895,14.5,0.6632
MAC003895,15.0,0.6781
MAC003895,15.5,0.7035
MAC003895,16.0,0.7865
MAC003895,16.5,0.811
MAC003895,17.0,0.8295
MAC003895,17.5,0.9264
MAC003895,18.0,0.993
MAC003895,18.5,1.0235
MAC003895,19.0,1.0418
MAC003895,19.5,1.0492
MAC003895,20.0,1.0704
MAC003895,20.5,1.0616
MAC003895,21.0,1.0536
MAC003895,21.5,1.0301
MAC003895,22.0,0.9958
MAC003895,22.5,0.9359
MAC003895,23.0,0.8775
MAC003895,23.5,0.7876
MAC003899,0.0,0.1635
MAC003899,0.5,0.1476
MAC003899,1.0,0.14
MAC003899,1.5,0.1403
MAC003899,2.0,0.1379
MAC003899,2.5,0.14
MAC003899,3.0,0.143
MAC003899,3.5,0.1365
MAC003899,4.0,0.1396
MAC003899,4.5,0.1666
MAC003899,5.0,0.2187
MAC003899,5.5,0.326
MAC003899,6.0,0.4061
MAC003899,6.5,0.6696
MAC003899,7.0,0.655
MAC003899,7.5,0.6891
MAC003899,8.0,0.6443
MAC003899,8.5,0.49
MAC003899,9.0,0.4655
MAC003899,9.5,0.4039
MAC003899,10.0,0.4063
MAC003899,10.5,0.3547
MAC003899,11.0,0.3994
MAC003899,11.5,0.4059
MAC003899,12.0,0.4255
MAC003899,12.5,0.4622
MAC003899,13.0,0.5227
MAC003899,13.5,0.5308
MAC003899,14.0,0.466
MAC003899,14.5,0.4029
MAC003899,15.0,0.441
MAC003899,15.5,0.5271
MAC003899,16.0,0.6314
MAC003899,16.5,0.7899
MAC003899,17.0,0.8255
MAC003899,17.5,0.8176
MAC003899,18.0,0.7296
MAC003899,18.5,0.6392
MAC003899,19.0,0.5666
MAC003899,19.5,0.5305
MAC003899,20.0,0.4725
MAC003899,20.5,0.4432
MAC003899,21.0,0.4386
MAC003899,21.5,0.4263
MAC003899,22.0,0.4093
MAC003899,22.5,0.3621
MAC003899,23.0,0.2914
MAC003899,23.5,0.2072
MAC003903,0.0,0.7832
MAC003903,0.5,0.7389
MAC003903,1.0,0.7084
MAC003903,1.5,0.7247
MAC003903,2.0,0.732
MAC003903,2.5,0.7208
MAC003903,3.0,0.7268
MAC003903,3.5,0.73
MAC003903,4.0,0.7338
MAC003903,4.5,0.7214
MAC003903,5.0,0.7696
MAC003903,5.5,0.8371
MAC003903,6.0,0.948
MAC003903,6.5,1.1637
MAC003903,7.0,1.2897
MAC003903,7.5,1.2996
MAC003903,8.0,1.4674
MAC003903,8.5,1.3648
MAC003903,9.0,1.3849
MAC003903,9.5,1.4514
MAC003903,10.0,1.4622
MAC003903,10.5,1.4195
MAC003903,11.0,1.3914
MAC003903,11.5,1.3913
MAC003903,12.0,1.3483
MAC003903,12.5,1.2444
MAC003903,13.0,1.2213
MAC003903,13.5,1.2643
MAC003903,14.0,1.1619
MAC003903,14.5,1.2673
MAC003903,15.0,1.3122
MAC003903,15.5,1.4965
MAC003903,16.0,1.7472
MAC003903,16.5,2.062
MAC003903,17.0,2.0779
MAC003903,17.5,1.9719
MAC003903,18.0,2.0334
MAC003903,18.5,2.0573
MAC003903,19.0,1.9332
MAC003903,19.5,1.8491
MAC003903,20.0,1.7199
MAC003903,20.5,1.6404
MAC003903,21.0,1.4666
MAC003903,21.5,1.3933
MAC003903,22.0,1.207
MAC003903,22.5,1.0616
MAC003903,23.0,0.9232
MAC003903,23.5,0.8656
MAC003905,0.0,0.207
MAC003905,0.5,0.1904
MAC003905,1.0,0.1839
MAC003905,1.5,0.1749
MAC003905,2.0,0.1702
MAC003905,2.5,0.1492
MAC003905,3.0,0.131
MAC003905,3.5,0.1173
MAC003905,4.0,0.1115
MAC003905,4.5,0.1153
MAC003905,5.0,0.1161
MAC003905,5.5,0.1282
MAC003905,6.0,0.1302
MAC003905,6.5,0.1595
MAC003905,7.0,0.1542
MAC003905,7.5,0.1681
MAC003905,8.0,0.1798
MAC003905,8.5,0.205
MAC003905,9.0,0.1908
MAC003905,9.5,0.1982
MAC003905,10.0,0.2127
MAC003905,10.5,0.2157
MAC003905,11.0,0.2167
MAC003905,11.5,0.2296
MAC003905,12.0,0.2494
MAC003905,12.5,0.2462
MAC003905,13.0,0.2745
MAC003905,13.5,0.2547
MAC003905,14.0,0.2576
MAC003905,14.5,0.2542
MAC003905,15.0,0.2718
MAC003905,15.5,0.2665
MAC003905,16.0,0.2724
MAC003905,16.5,0.2967
MAC003905,17.0,0.288
MAC003905,17.5,0.3007
MAC003905,18.0,0.3195
MAC003905,18.5,0.3431
MAC003905,19.0,0.3498
MAC003905,19.5,0.358
MAC003905,20.0,0.3651
MAC003905,20.5,0.342
MAC003905,21.0,0.3534
MAC003905,21.5,0.3375
MAC003905,22.0,0.3051
MAC003905,22.5,0.2715
MAC003905,23.0,0.2337
MAC003905,23.5,0.2236
MAC003907,0.0,1.1733
MAC003907,0.5,1.0304
MAC003907,1.0,0.8949
MAC003907,1.5,0.7731
MAC003907,2.0,0.7625
MAC003907,2.5,0.7755
MAC003907,3.0,0.8126
MAC003907,3.5,0.835
MAC003907,4.0,0.9417
MAC003907,4.5,1.0152
MAC003907,5.0,1.0772
MAC003907,5.5,1.0961
MAC003907,6.0,1.1204
MAC003907,6.5,1.0891
MAC003907,7.0,1.1051
MAC003907,7.5,1.0753
MAC003907,8.0,1.1476
MAC003907,8.5,1.1233
MAC003907,9.0,0.9419
MAC003907,9.5,0.8423
MAC003907,10.0,0.7451
MAC003907,10.5,0.6826
MAC003907,11.0,0.6739
MAC003907,11.5,0.6839
MAC003907,12.0,0.6831
MAC003907,12.5,0.7147
MAC003907,13.0,0.6934
MAC003907,13.5,0.6832
MAC003907,14.0,0.7078
MAC003907,14.5,0.7028
MAC003907,15.0,0.7223
MAC003907,15.5,0.8059
MAC003907,16.0,0.9262
MAC003907,16.5,1.0892
MAC003907,17.0,1.2259
MAC003907,17.5,1.3572
MAC003907,18.0,1.3997
MAC003907,18.5,1.3884
MAC003907,19.0,1.3598
MAC003907,19.5,1.2922
MAC003907,20.0,1.2647
MAC003907,20.5,1.3143
MAC003907,21.0,1.346
MAC003907,21.5,1.2941
MAC003907,22.0,1.2894
MAC003907,22.5,1.2964
MAC003907,23.0,1.2967
MAC003907,23.5,1.2345
MAC003951,0.0,0.3547
MAC003951,0.5,0.3173
MAC003951,1.0,0.2786
MAC003951,1.5,0.2435
MAC003951,2.0,0.2207
MAC003951,2.5,0.1971
MAC003951,3.0,0.1732
MAC003951,3.5,0.1717
MAC003951,4.0,0.1754
MAC003951,4.5,0.1774
MAC003951,5.0,0.2151
MAC003951,5.5,0.2407
MAC003951,6.0,0.285
MAC003951,6.5,0.3239
MAC003951,7.0,0.4274
MAC003951,7.5,0.4076
MAC003951,8.0,0.4218
MAC003951,8.5,0.4802
MAC003951,9.0,0.4563
MAC003951,9.5,0.4143
MAC003951,10.0,0.4114
MAC003951,10.5,0.4301
MAC003951,11.0,0.4669
MAC003951,11.5,0.4818
MAC003951,12.0,0.4839
MAC003951,12.5,0.5193
MAC003951,13.0,0.4902
MAC003951,13.5,0.4295
MAC003951,14.0,0.4594
MAC003951,14.5,0.4693
MAC003951,15.0,0.4336
MAC003951,15.5,0.4586
MAC003951,16.0,0.4289
MAC003951,16.5,0.466
MAC003951,17.0,0.4451
MAC003951,17.5,0.517
MAC003951,18.0,0.556
MAC003951,18.5,0.5216
MAC003951,19.0,0.5463
MAC003951,19.5,0.5517
MAC003951,20.0,0.5507
MAC003951,20.5,0.5552
MAC003951,21.0,0.5554
MAC003951,21.5,0.5253
MAC003951,22.0,0.5532
MAC003951,22.5,0.4783
MAC003951,23.0,0.4591
MAC003951,23.5,0.4264
MAC003954,0.0,0.1453
MAC003954,0.5,0.1212
MAC003954,1.0,0.1097
MAC003954,1.5,0.1056
MAC003954,2.0,0.1096
MAC003954,2.5,0.1023
MAC003954,3.0,0.1007
MAC003954,3.5,0.1002
MAC003954,4.0,0.1023
MAC003954,4.5,0.1004
MAC003954,5.0,0.1052
MAC003954,5.5,0.1347
MAC003954,6.0,0.2383
MAC003954,6.5,0.1868
MAC003954,7.0,0.2106
MAC003954,7.5,0.1834
MAC003954,8.0,0.1673
MAC003954,8.5,0.1557
MAC003954,9.0,0.1992
MAC003954,9.5,0.2207
MAC003954,10.0,0.2324
MAC003954,10.5,0.2327
MAC003954,11.0,0.2287
MAC003954,11.5,0.2202
MAC003954,12.0,0.2203
MAC003954,12.5,0.2094
MAC003954,13.0,0.2113
MAC003954,13.5,0.2121
MAC003954,14.0,0.2045
MAC003954,14.5,0.2105
MAC003954,15.0,0.2072
MAC003954,15.5,0.1938
MAC003954,16.0,0.2064
MAC003954,16.5,0.2211
MAC003954,17.0,0.2894
MAC003954,17.5,0.3207
MAC003954,18.0,0.4281
MAC003954,18.5,0.5234
MAC003954,19.0,0.4906
MAC003954,19.5,0.4384
MAC003954,20.0,0.3893
MAC003954,20.5,0.3595
MAC003954,21.0,0.3826
MAC003954,21.5,0.3574
MAC003954,22.0,0.3394
MAC003954,22.5,0.3036
MAC003954,23.0,0.2406
MAC003954,23.5,0.1932
MAC003968,0.0,0.2766
MAC003968,0.5,0.229
MAC003968,1.0,0.1996
MAC003968,1.5,0.189
MAC003968,2.0,0.1985
MAC003968,2.5,0.1776
MAC003968,3.0,0.169
MAC003968,3.5,0.1704
MAC003968,4.0,0.177
MAC003968,4.5,0.1778
MAC003968,5.0,0.2759
MAC003968,5.5,0.2993
MAC003968,6.0,0.4283
MAC003968,6.5,0.4608
MAC003968,7.0,0.4986
MAC003968,7.5,0.4972
MAC003968,8.0,0.4369
MAC003968,8.5,0.4605
MAC003968,9.0,0.4291
MAC003968,9.5,0.4392
MAC003968,10.0,0.41
MAC003968,10.5,0.4297
MAC003968,11.0,0.4156
MAC003968,11.5,0.473
MAC003968,12.0,0.5
MAC003968,12.5,0.5077
MAC003968,13.0,0.4755
MAC003968,13.5,0.4527
MAC003968,14.0,0.4217
MAC003968,14.5,0.4415
MAC003968,15.0,0.4359
MAC003968,15.5,0.4309
MAC003968,16.0,0.4644
MAC003968,16.5,0.5469
MAC003968,17.0,0.6169
MAC003968,17.5,0.6973
MAC003968,18.0,0.8182
MAC003968,18.5,0.8579
MAC003968,19.0,0.9257
MAC003968,19.5,0.8546
MAC003968,20.0,0.8154
MAC003968,20.5,0.7465
MAC003968,21.0,0.6993
MAC003968,21.5,0.6219
MAC003968,22.0,0.5294
MAC003968,22.5,0.4407
MAC003968,23.0,0.3711
MAC003968,23.5,0.3458
MAC003975,0.0,0.6204
MAC003975,0.5,0.5057
MAC003975,1.0,0.4505
MAC003975,1.5,0.4304
MAC003975,2.0,0.4342
MAC003975,2.5,0.4227
MAC003975,3.0,0.4335
MAC003975,3.5,0.4311
MAC003975,4.0,0.4235
MAC003975,4.5,0.4487
MAC003975,5.0,0.4403
MAC003975,5.5,0.4468
MAC003975,6.0,0.4702
MAC003975,6.5,0.5495
MAC003975,7.0,0.6964
MAC003975,7.5,0.8595
MAC003975,8.0,0.9458
MAC003975,8.5,1.0583
MAC003975,9.0,1.0799
MAC003975,9.5,1.011
MAC003975,10.0,1.0379
MAC003975,10.5,0.8697
MAC003975,11.0,0.7576
MAC003975,11.5,0.7278
MAC003975,12.0,0.6869
MAC003975,12.5,0.6639
MAC003975,13.0,0.6686
MAC003975,13.5,0.6632
MAC003975,14.0,0.6601
MAC003975,14.5,0.6666
MAC003975,15.0,0.646
MAC003975,15.5,0.6778
MAC003975,16.0,0.7156
MAC003975,16.5,0.8132
MAC003975,17.0,0.8553
MAC003975,17.5,0.973
MAC003975,18.0,1.0774
MAC003975,18.5,1.1276
MAC003975,19.0,1.1424
MAC003975,19.5,0.9846
MAC003975,20.0,0.8472
MAC003975,20.5,0.8426
MAC003975,21.0,0.805
MAC003975,21.5,0.8567
MAC003975,22.0,0.8163
MAC003975,22.5,0.8283
MAC003975,23.0,0.8123
MAC003975,23.5,0.6966
MAC003979,0.0,2.0608
MAC003979,0.5,1.8495
MAC003979,1.0,1.5744
MAC003979,1.5,1.4234
MAC003979,2.0,1.3184
MAC003979,2.5,1.2389
MAC003979,3.0,1.1818
MAC003979,3.5,1.1208
MAC003979,4.0,1.1198
MAC003979,4.5,1.0963
MAC003979,5.0,1.2049
MAC003979,5.5,1.159
MAC003979,6.0,1.3622
MAC003979,6.5,1.4171
MAC003979,7.0,1.6342
MAC003979,7.5,1.718
MAC003979,8.0,1.892
MAC003979,8.5,1.9964
MAC003979,9.0,2.0402
MAC003979,9.5,2.0906
MAC003979,10.0,2.0324
MAC003979,10.5,2.1169
MAC003979,11.0,2.1264
MAC003979,11.5,2.081
MAC003979,12.0,2.0387
MAC003979,12.5,2.0146
MAC003979,13.0,1.9723
MAC003979,13.5,1.8808
MAC003979,14.0,1.9369
MAC003979,14.5,1.9119
MAC003979,15.0,1.8802
MAC003979,15.5,1.9035
MAC003979,16.0,1.9748
MAC003979,16.5,2.2027
MAC003979,17.0,2.4111
MAC003979,17.5,2.5933
MAC003979,18.0,2.6918
MAC003979,18.5,2.7037
MAC003979,19.0,2.5896
MAC003979,19.5,2.3828
MAC003979,20.0,2.3225
MAC003979,20.5,2.242
MAC003979,21.0,2.2433
MAC003979,21.5,2.326
MAC003979,22.0,2.3293
MAC003979,22.5,2.3532
MAC003979,23.0,2.2913
MAC003979,23.5,2.2599
MAC003988,0.0,0.0743
MAC003988,0.5,0.0697
MAC003988,1.0,0.0659
MAC003988,1.5,0.0636
MAC003988,2.0,0.0603
MAC003988,2.5,0.0606
MAC003988,3.0,0.06
MAC003988,3.5,0.0588
MAC003988,4.0,0.0599
MAC003988,4.5,0.0591
MAC003988,5.0,0.0592
MAC003988,5.5,0.0653
MAC003988,6.0,0.0772
MAC003988,6.5,0.0832
MAC003988,7.0,0.1025
MAC003988,7.5,0.1556
MAC003988,8.0,0.1745
MAC003988,8.5,0.236
MAC003988,9.0,0.2436
MAC003988,9.5,0.2365
MAC003988,10.0,0.2087
MAC003988,10.5,0.1928
MAC003988,11.0,0.1969
MAC003988,11.5,0.1939
MAC003988,12.0,0.2035
MAC003988,12.5,0.1562
MAC003988,13.0,0.1531
MAC003988,13.5,0.1431
MAC003988,14.0,0.1407
MAC003988,14.5,0.1296
MAC003988,15.0,0.1244
MAC003988,15.5,0.1008
MAC003988,16.0,0.1091
MAC003988,16.5,0.1228
MAC003988,17.0,0.1226
MAC003988,17.5,0.137
MAC003988,18.0,0.1629
MAC003988,18.5,0.1697
MAC003988,19.0,0.1597
MAC003988,19.5,0.1395
MAC003988,20.0,0.1248
MAC003988,20.5,0.1363
MAC003988,21.0,0.1203
MAC003988,21.5,0.1124
MAC003988,22.0,0.1162
MAC003988,22.5,0.0933
MAC003988,23.0,0.0867
MAC003988,23.5,0.0769
MAC004000,0.0,0.5378
MAC004000,0.5,0.5461
MAC004000,1.0,0.5262
MAC004000,1.5,0.5385
MAC004000,2.0,0.5254
MAC004000,2.5,0.5204
MAC004000,3.0,0.5202
MAC004000,3.5,0.5283
MAC004000,4.0,0.5266
MAC004000,4.5,0.5432
MAC004000,5.0,0.568
MAC004000,5.5,0.6797
MAC004000,6.0,0.8291
MAC004000,6.5,1.3173
MAC004000,7.0,1.7012
MAC004000,7.5,1.8664
MAC004000,8.0,1.8813
MAC004000,8.5,1.7388
MAC004000,9.0,1.6305
MAC004000,9.5,1.6336
MAC004000,10.0,1.6354
MAC004000,10.5,1.6196
MAC004000,11.0,1.5858
MAC004000,11.5,1.5947
MAC004000,12.0,1.5664
MAC004000,12.5,1.5646
MAC004000,13.0,1.5754
MAC004000,13.5,1.4917
MAC004000,14.0,1.5289
MAC004000,14.5,1.5698
MAC004000,15.0,1.675
MAC004000,15.5,1.8327
MAC004000,16.0,1.8546
MAC004000,16.5,1.905
MAC004000,17.0,1.8647
MAC004000,17.5,1.8617
MAC004000,18.0,1.9044
MAC004000,18.5,1.944
MAC004000,19.0,1.8981
MAC004000,19.5,1.7619
MAC004000,20.0,1.6486
MAC004000,20.5,1.5652
MAC004000,21.0,1.4164
MAC004000,21.5,1.2445
MAC004000,22.0,1.0668
MAC004000,22.5,0.8176
MAC004000,23.0,0.6743
MAC004000,23.5,0.5566
MAC004012,0.0,0.1436
MAC004012,0.5,0.1329
MAC004012,1.0,0.1292
MAC004012,1.5,0.1226
MAC004012,2.0,0.1238
MAC004012,2.5,0.1241
MAC004012,3.0,0.1182
MAC004012,3.5,0.1237
MAC004012,4.0,0.1196
MAC004012,4.5,0.1213
MAC004012,5.0,0.1366
MAC004012,5.5,0.132
MAC004012,6.0,0.1516
MAC004012,6.5,0.1972
MAC004012,7.0,0.2145
MAC004012,7.5,0.2063
MAC004012,8.0,0.2114
MAC004012,8.5,0.2065
MAC004012,9.0,0.184
MAC004012,9.5,0.1817
MAC004012,10.0,0.1614
MAC004012,10.5,0.1505
MAC004012,11.0,0.1539
MAC004012,11.5,0.1454
MAC004012,12.0,0.1574
MAC004012,12.5,0.1602
MAC004012,13.0,0.156
MAC004012,13.5,0.1535
MAC004012,14.0,0.1534
MAC004012,14.5,0.1599
MAC004012,15.0,0.1592
MAC004012,15.5,0.1523
MAC004012,16.0,0.1826
MAC004012,16.5,0.1764
MAC004012,17.0,0.1762
MAC004012,17.5,0.185
MAC004012,18.0,0.2248
MAC004012,18.5,0.2306
MAC004012,19.0,0.2649
MAC004012,19.5,0.2487
MAC004012,20.0,0.2643
MAC004012,20.5,0.2733
MAC004012,21.0,0.2839
MAC004012,21.5,0.2578
MAC004012,22.0,0.2245
MAC004012,22.5,0.1978
MAC004012,23.0,0.1681
MAC004012,23.5,0.1471
MAC004098,0.0,0.1041
MAC004098,0.5,0.1057
MAC004098,1.0,0.1022
MAC004098,1.5,0.1052
MAC004098,2.0,0.1096
MAC004098,2.5,0.1069
MAC004098,3.0,0.1049
MAC004098,3.5,0.1137
MAC004098,4.0,0.1177
MAC004098,4.5,0.122
MAC004098,5.0,0.1265
MAC004098,5.5,0.1562
MAC004098,6.0,0.1766
MAC004098,6.5,0.1961
MAC004098,7.0,0.2097
MAC004098,7.5,0.2242
MAC004098,8.0,0.2143
MAC004098,8.5,0.207
MAC004098,9.0,0.1828
MAC004098,9.5,0.1724
MAC004098,10.0,0.1645
MAC004098,10.5,0.1605
MAC004098,11.0,0.1762
MAC004098,11.5,0.1752
MAC004098,12.0,0.1708
MAC004098,12.5,0.1573
MAC004098,13.0,0.1531
MAC004098,13.5,0.1481
MAC004098,14.0,0.1523
MAC004098,14.5,0.1558
MAC004098,15.0,0.1699
MAC004098,15.5,0.1661
MAC004098,16.0,0.208
MAC004098,16.5,0.2162
MAC004098,17.0,0.2173
MAC004098,17.5,0.2121
MAC004098,18.0,0.1904
MAC004098,18.5,0.1825
MAC004098,19.0,0.1782
MAC004098,19.5,0.1679
MAC004098,20.0,0.1693
MAC004098,20.5,0.1644
MAC004098,21.0,0.1656
MAC004098,21.5,0.1425
MAC004098,22.0,0.1319
MAC004098,22.5,0.1141
MAC004098,23.0,0.1045
MAC004098,23.5,0.1055
MAC004103,0.0,0.2355
MAC004103,0.5,0.236
MAC004103,1.0,0.2356
MAC004103,1.5,0.232
MAC004103,2.0,0.2485
MAC004103,2.5,0.2571
MAC004103,3.0,0.2568
MAC004103,3.5,0.3024
MAC004103,4.0,0.3532
MAC004103,4.5,0.4192
MAC004103,5.0,0.4519
MAC004103,5.5,0.5264
MAC004103,6.0,0.5555
MAC004103,6.5,0.5835
MAC004103,7.0,0.6357
MAC004103,7.5,0.6154
MAC004103,8.0,0.5517
MAC004103,8.5,0.5172
MAC004103,9.0,0.4805
MAC004103,9.5,0.466
MAC004103,10.0,0.4605
MAC004103,10.5,0.4537
MAC004103,11.0,0.4275
MAC004103,11.5,0.4257
MAC004103,12.0,0.4276
MAC004103,12.5,0.4325
MAC004103,13.0,0.4499
MAC004103,13.5,0.4413
MAC004103,14.0,0.4399
MAC004103,14.5,0.4462
MAC004103,15.0,0.4264
MAC004103,15.5,0.4436
MAC004103,16.0,0.5065
MAC004103,16.5,0.487
MAC004103,17.0,0.9576
MAC004103,17.5,0.9238
MAC004103,18.0,0.8307
MAC004103,18.5,0.8187
MAC004103,19.0,0.4859
MAC004103,19.5,0.4583
MAC004103,20.0,0.4845
MAC004103,20.5,0.4501
MAC004103,21.0,0.4315
MAC004103,21.5,0.366
MAC004103,22.0,0.327
MAC004103,22.5,0.2724
MAC004103,23.0,0.2475
MAC004103,23.5,0.2369
MAC004136,0.0,0.3977
MAC004136,0.5,0.3989
MAC004136,1.0,0.3913
MAC004136,1.5,0.3805
MAC004136,2.0,0.3701
MAC004136,2.5,0.3659
MAC004136,3.0,0.3559
MAC004136,3.5,0.3487
MAC004136,4.0,0.3401
MAC004136,4.5,0.3354
MAC004136,5.0,0.3276
MAC004136,5.5,0.3104
MAC004136,6.0,0.2905
MAC004136,6.5,0.261
MAC004136,7.0,0.2453
MAC004136,7.5,0.2342
MAC004136,8.0,0.2566
MAC004136,8.5,0.2655
MAC004136,9.0,0.2613
MAC004136,9.5,0.2699
MAC004136,10.0,0.2738
MAC004136,10.5,0.2612
MAC004136,11.0,0.2599
MAC004136,11.5,0.2656
MAC004136,12.0,0.2542
MAC004136,12.5,0.2709
MAC004136,13.0,0.2668
MAC004136,13.5,0.2709
MAC004136,14.0,0.2811
MAC004136,14.5,0.3058
MAC004136,15.0,0.3144
MAC004136,15.5,0.3047
MAC004136,16.0,0.3006
MAC004136,16.5,0.3177
MAC004136,17.0,0.3305
MAC004136,17.5,0.3472
MAC004136,18.0,0.3462
MAC004136,18.5,0.3511
MAC004136,19.0,0.3493
MAC004136,19.5,0.3475
MAC004136,20.0,0.3586
MAC004136,20.5,0.3674
MAC004136,21.0,0.3779
MAC004136,21.5,0.3855
MAC004136,22.0,0.3885
MAC004136,22.5,0.3906
MAC004136,23.0,0.3997
MAC004136,23.5,0.3983
MAC004202,0.0,0.0816
MAC004202,0.5,0.0701
MAC004202,1.0,0.057
MAC004202,1.5,0.0522
MAC004202,2.0,0.0527
MAC004202,2.5,0.0489
MAC004202,3.0,0.0497
MAC004202,3.5,0.0504
MAC004202,4.0,0.0497
MAC004202,4.5,0.0542
MAC004202,5.0,0.0556
MAC004202,5.5,0.0566
MAC004202,6.0,0.0637
MAC004202,6.5,0.0745
MAC004202,7.0,0.0996
MAC004202,7.5,0.1423
MAC004202,8.0,0.1979
MAC004202,8.5,0.2475
MAC004202,9.0,0.2593
MAC004202,9.5,0.2751
MAC004202,10.0,0.2233
MAC004202,10.5,0.1965
MAC004202,11.0,0.1682
MAC004202,11.5,0.1624
MAC004202,12.0,0.1453
MAC004202,12.5,0.1432
MAC004202,13.0,0.1355
MAC004202,13.5,0.12
MAC004202,14.0,0.1206
MAC004202,14.5,0.1312
MAC004202,15.0,0.1498
MAC004202,15.5,0.1662
MAC004202,16.0,0.1935
MAC004202,16.5,0.2119
MAC004202,17.0,0.2255
MAC004202,17.5,0.2419
MAC004202,18.0,0.2502
MAC004202,18.5,0.2536
MAC004202,19.0,0.2459
MAC004202,19.5,0.2312
MAC004202,20.0,0.223
MAC004202,20.5,0.2209
MAC004202,21.0,0.2113
MAC004202,21.5,0.1805
MAC004202,22.0,0.1623
MAC004202,22.5,0.1379
MAC004202,23.0,0.1174
MAC004202,23.5,0.1047
MAC004223,0.0,0.0611
MAC004223,0.5,0.0633
MAC004223,1.0,0.0624
MAC004223,1.5,0.0627
MAC004223,2.0,0.0635
MAC004223,2.5,0.0633
MAC004223,3.0,0.0623
MAC004223,3.5,0.0625
MAC004223,4.0,0.0613
MAC004223,4.5,0.0623
MAC004223,5.0,0.0703
MAC004223,5.5,0.0815
MAC004223,6.0,0.225
MAC004223,6.5,0.1698
MAC004223,7.0,0.2678
MAC004223,7.5,0.2149
MAC004223,8.0,0.1607
MAC004223,8.5,0.1248
MAC004223,9.0,0.115
MAC004223,9.5,0.1095
MAC004223,10.0,0.1198
MAC004223,10.5,0.165
MAC004223,11.0,0.1597
MAC004223,11.5,0.1754
MAC004223,12.0,0.1491
MAC004223,12.5,0.1077
MAC004223,13.0,0.0992
MAC004223,13.5,0.0991
MAC004223,14.0,0.1231
MAC004223,14.5,0.1317
MAC004223,15.0,0.1605
MAC004223,15.5,0.1385
MAC004223,16.0,0.1471
MAC004223,16.5,0.1572
MAC004223,17.0,0.2104
MAC004223,17.5,0.2277
MAC004223,18.0,0.2194
MAC004223,18.5,0.2157
MAC004223,19.0,0.1725
MAC004223,19.5,0.1651
MAC004223,20.0,0.1567
MAC004223,20.5,0.1439
MAC004223,21.0,0.1109
MAC004223,21.5,0.1021
MAC004223,22.0,0.076
MAC004223,22.5,0.0643
MAC004223,23.0,0.0659
MAC004223,23.5,0.0649
MAC004233,0.0,0.0305
MAC004233,0.5,0.0211
MAC004233,1.0,0.0203
MAC004233,1.5,0.0182
MAC004233,2.0,0.0187
MAC004233,2.5,0.0197
MAC004233,3.0,0.018
MAC004233,3.5,0.0187
MAC004233,4.0,0.0198
MAC004233,4.5,0.0239
MAC004233,5.0,0.0951
MAC004233,5.5,0.3126
MAC004233,6.0,0.4763
MAC004233,6.5,0.8179
MAC004233,7.0,1.1096
MAC004233,7.5,0.901
MAC004233,8.0,0.6565
MAC004233,8.5,0.4183
MAC004233,9.0,0.15
MAC004233,9.5,0.0809
MAC004233,10.0,0.1316
MAC004233,10.5,0.1136
MAC004233,11.0,0.0548
MAC004233,11.5,0.0746
MAC004233,12.0,0.3384
MAC004233,12.5,0.5628
MAC004233,13.0,0.2901
MAC004233,13.5,0.3503
MAC004233,14.0,0.1332
MAC004233,14.5,0.1146
MAC004233,15.0,0.1293
MAC004233,15.5,0.1303
MAC004233,16.0,0.1717
MAC004233,16.5,0.1487
MAC004233,17.0,0.1329
MAC004233,17.5,0.1237
MAC004233,18.0,0.3129
MAC004233,18.5,0.1458
MAC004233,19.0,0.2834
MAC004233,19.5,0.1869
MAC004233,20.0,0.1963
MAC004233,20.5,0.2061
MAC004233,21.0,0.2133
MAC004233,21.5,0.2023
MAC004233,22.0,0.1599
MAC004233,22.5,0.1177
MAC004233,23.0,0.0947
MAC004233,23.5,0.059
MAC004236,0.0,0.1224
MAC004236,0.5,0.1275
MAC004236,1.0,0.133
MAC004236,1.5,0.1404
MAC004236,2.0,0.1525
MAC004236,2.5,0.1405
MAC004236,3.0,0.1122
MAC004236,3.5,0.108
MAC004236,4.0,0.1094
MAC004236,4.5,0.1091
MAC004236,5.0,0.1123
MAC004236,5.5,0.1373
MAC004236,6.0,0.1169
MAC004236,6.5,0.1124
MAC004236,7.0,0.1144
MAC004236,7.5,0.1073
MAC004236,8.0,0.1137
MAC004236,8.5,0.1234
MAC004236,9.0,0.143
MAC004236,9.5,0.1397
MAC004236,10.0,0.1335
MAC004236,10.5,0.118
MAC004236,11.0,0.1217
MAC004236,11.5,0.1209
MAC004236,12.0,0.1212
MAC004236,12.5,0.1105
MAC004236,13.0,0.1245
MAC004236,13.5,0.1226
MAC004236,14.0,0.1277
MAC004236,14.5,0.1156
MAC004236,15.0,0.1358
MAC004236,15.5,0.1253
MAC004236,16.0,0.1212
MAC004236,16.5,0.1348
MAC004236,17.0,0.1337
MAC004236,17.5,0.1346
MAC004236,18.0,0.1421
MAC004236,18.5,0.1412
MAC004236,19.0,0.1489
MAC004236,19.5,0.1403
MAC004236,20.0,0.1368
MAC004236,20.5,0.1294
MAC004236,21.0,0.1211
MAC004236,21.5,0.1218
MAC004236,22.0,0.1272
MAC004236,22.5,0.1502
MAC004236,23.0,0.1546
MAC004236,23.5,0.1489
MAC004260,0.0,0.1748
MAC004260,0.5,0.1699
MAC004260,1.0,0.1722
MAC004260,1.5,0.1709
MAC004260,2.0,0.1716
MAC004260,2.5,0.1705
MAC004260,3.0,0.166
MAC004260,3.5,0.1688
MAC004260,4.0,0.1663
MAC004260,4.5,0.2192
MAC004260,5.0,0.2708
MAC004260,5.5,0.3148
MAC004260,6.0,0.3605
MAC004260,6.5,0.3715
MAC004260,7.0,0.4179
MAC004260,7.5,0.4536
MAC004260,8.0,0.4643
MAC004260,8.5,0.4537
MAC004260,9.0,0.4611
MAC004260,9.5,0.4284
MAC004260,10.0,0.3879
MAC004260,10.5,0.3315
MAC004260,11.0,0.3049
MAC004260,11.5,0.3201
MAC004260,12.0,0.2946
MAC004260,12.5,0.3058
MAC004260,13.0,0.3051
MAC004260,13.5,0.3118
MAC004260,14.0,0.3182
MAC004260,14.5,0.3389
MAC004260,15.0,0.3857
MAC004260,15.5,0.4266
MAC004260,16.0,0.4344
MAC004260,16.5,0.4962
MAC004260,17.0,0.6443
MAC004260,17.5,0.7601
MAC004260,18.0,0.8029
MAC004260,18.5,0.7756
MAC004260,19.0,0.7197
MAC004260,19.5,0.7178
MAC004260,20.0,0.7016
MAC004260,20.5,0.6806
MAC004260,21.0,0.6024
MAC004260,21.5,0.5057
MAC004260,22.0,0.4166
MAC004260,22.5,0.3244
MAC004260,23.0,0.2459
MAC004260,23.5,0.1892
MAC004263,0.0,0.3559
MAC004263,0.5,0.2735
MAC004263,1.0,0.2267
MAC004263,1.5,0.209
MAC004263,2.0,0.1963
MAC004263,2.5,0.1954
MAC004263,3.0,0.1976
MAC004263,3.5,0.2032
MAC004263,4.0,0.2013
MAC004263,4.5,0.1998
MAC004263,5.0,0.1997
MAC004263,5.5,0.2131
MAC004263,6.0,0.2424
MAC004263,6.5,0.2632
MAC004263,7.0,0.3306
MAC004263,7.5,0.3569
MAC004263,8.0,0.3628
MAC004263,8.5,0.3664
MAC004263,9.0,0.3822
MAC004263,9.5,0.3972
MAC004263,10.0,0.4269
MAC004263,10.5,0.4202
MAC004263,11.0,0.4411
MAC004263,11.5,0.4114
MAC004263,12.0,0.4016
MAC004263,12.5,0.3629
MAC004263,13.0,0.3409
MAC004263,13.5,0.3434
MAC004263,14.0,0.3328
MAC004263,14.5,0.3375
MAC004263,15.0,0.3744
MAC004263,15.5,0.3881
MAC004263,16.0,0.4016
MAC004263,16.5,0.4438
MAC004263,17.0,0.479
MAC004263,17.5,0.511
MAC004263,18.0,0.5598
MAC004263,18.5,0.6552
MAC004263,19.0,0.7282
MAC004263,19.5,0.827
MAC004263,20.0,0.9541
MAC004263,20.5,1.0486
MAC004263,21.0,1.1278
MAC004263,21.5,1.1126
MAC004263,22.0,0.9803
MAC004263,22.5,0.8664
MAC004263,23.0,0.6528
MAC004263,23.5,0.4819
MAC004280,0.0,1.0547
MAC004280,0.5,0.9568
MAC004280,1.0,0.8937
MAC004280,1.5,0.8605
MAC004280,2.0,0.835
MAC004280,2.5,0.8223
MAC004280,3.0,0.8194
MAC004280,3.5,0.831
MAC004280,4.0,0.8358
MAC004280,4.5,0.8524
MAC004280,5.0,0.8768
MAC004280,5.5,0.9066
MAC004280,6.0,0.9515
MAC004280,6.5,1.0081
MAC004280,7.0,1.0559
MAC004280,7.5,1.1244
MAC004280,8.0,1.2008
MAC004280,8.5,1.2435
MAC004280,9.0,1.2539
MAC004280,9.5,1.2219
MAC004280,10.0,1.2097
MAC004280,10.5,1.245
MAC004280,11.0,1.317
MAC004280,11.5,1.3824
MAC004280,12.0,1.5073
MAC004280,12.5,1.6427
MAC004280,13.0,1.7358
MAC004280,13.5,1.6998
MAC004280,14.0,1.7639
MAC004280,14.5,1.87
MAC004280,15.0,2.0046
MAC004280,15.5,2.041
MAC004280,16.0,2.0685
MAC004280,16.5,2.0831
MAC004280,17.0,2.1517
MAC004280,17.5,2.1117
MAC004280,18.0,2.0364
MAC004280,18.5,1.8767
MAC004280,19.0,1.7573
MAC004280,19.5,1.6951
MAC004280,20.0,1.6764
MAC004280,20.5,1.5856
MAC004280,21.0,1.5389
MAC004280,21.5,1.4471
MAC004280,22.0,1.3862
MAC004280,22.5,1.3354
MAC004280,23.0,1.2441
MAC004280,23.5,1.1584
MAC004307,0.0,0.0522
MAC004307,0.5,0.0492
MAC004307,1.0,0.0503
MAC004307,1.5,0.0504
MAC004307,2.0,0.0504
MAC004307,2.5,0.0493
MAC004307,3.0,0.0498
MAC004307,3.5,0.0491
MAC004307,4.0,0.0495
MAC004307,4.5,0.0494
MAC004307,5.0,0.0524
MAC004307,5.5,0.0614
MAC004307,6.0,0.0735
MAC004307,6.5,0.1006
MAC004307,7.0,0.1337
MAC004307,7.5,0.1383
MAC004307,8.0,0.145
MAC004307,8.5,0.1786
MAC004307,9.0,0.1667
MAC004307,9.5,0.1539
MAC004307,10.0,0.1587
MAC004307,10.5,0.1573
MAC004307,11.0,0.1582
MAC004307,11.5,0.1688
MAC004307,12.0,0.1551
MAC004307,12.5,0.1707
MAC004307,13.0,0.1696
MAC004307,13.5,0.1614
MAC004307,14.0,0.1581
MAC004307,14.5,0.1637
MAC004307,15.0,0.1728
MAC004307,15.5,0.1713
MAC004307,16.0,0.1737
MAC004307,16.5,0.1737
MAC004307,17.0,0.1692
MAC004307,17.5,0.1723
MAC004307,18.0,0.1904
MAC004307,18.5,0.1882
MAC004307,19.0,0.1891
MAC004307,19.5,0.1907
MAC004307,20.0,0.1982
MAC004307,20.5,0.1842
MAC004307,21.0,0.1747
MAC004307,21.5,0.1411
MAC004307,22.0,0.1128
MAC004307,22.5,0.0728
MAC004307,23.0,0.0601
MAC004307,23.5,0.0539
MAC004309,0.0,0.3379
MAC004309,0.5,0.3227
MAC004309,1.0,0.3123
MAC004309,1.5,0.3026
MAC004309,2.0,0.2999
MAC004309,2.5,0.2981
MAC004309,3.0,0.2962
MAC004309,3.5,0.2896
MAC004309,4.0,0.2821
MAC004309,4.5,0.2744
MAC004309,5.0,0.2765
MAC004309,5.5,0.309
MAC004309,6.0,0.3674
MAC004309,6.5,0.3978
MAC004309,7.0,0.4741
MAC004309,7.5,0.4899
MAC004309,8.0,0.4953
MAC004309,8.5,0.5641
MAC004309,9.0,0.5895
MAC004309,9.5,0.6064
MAC004309,10.0,0.6737
MAC004309,10.5,0.7302
MAC004309,11.0,0.7491
MAC004309,11.5,0.7422
MAC004309,12.0,0.7625
MAC004309,12.5,0.8236
MAC004309,13.0,0.847
MAC004309,13.5,0.7823
MAC004309,14.0,0.7954
MAC004309,14.5,0.7655
MAC004309,15.0,0.7613
MAC004309,15.5,0.77
MAC004309,16.0,0.7875
MAC004309,16.5,0.8478
MAC004309,17.0,0.8782
MAC004309,17.5,0.9517
MAC004309,18.0,0.9852
MAC004309,18.5,0.8761
MAC004309,19.0,0.8168
MAC004309,19.5,0.7363
MAC004309,20.0,0.7086
MAC004309,20.5,0.6371
MAC004309,21.0,0.559
MAC004309,21.5,0.5304
MAC004309,22.0,0.4387
MAC004309,22.5,0.4024
MAC004309,23.0,0.3734
MAC004309,23.5,0.3552
MAC004310,0.0,0.0513
MAC004310,0.5,0.0484
MAC004310,1.0,0.041
MAC004310,1.5,0.0398
MAC004310,2.0,0.0376
MAC004310,2.5,0.0379
MAC004310,3.0,0.0379
MAC004310,3.5,0.039
MAC004310,4.0,0.0388
MAC004310,4.5,0.0532
MAC004310,5.0,0.0686
MAC004310,5.5,0.0946
MAC004310,6.0,0.1042
MAC004310,6.5,0.1176
MAC004310,7.0,0.1222
MAC004310,7.5,0.1219
MAC004310,8.0,0.1318
MAC004310,8.5,0.1316
MAC004310,9.0,0.1327
MAC004310,9.5,0.1131
MAC004310,10.0,0.1068
MAC004310,10.5,0.1172
MAC004310,11.0,0.1223
MAC004310,11.5,0.1177
MAC004310,12.0,0.1259
MAC004310,12.5,0.0969
MAC004310,13.0,0.077
MAC004310,13.5,0.0622
MAC004310,14.0,0.0587
MAC004310,14.5,0.0572
MAC004310,15.0,0.0541
MAC004310,15.5,0.0584
MAC004310,16.0,0.0547
MAC004310,16.5,0.0522
MAC004310,17.0,0.0533
MAC004310,17.5,0.0609
MAC004310,18.0,0.0805
MAC004310,18.5,0.0952
MAC004310,19.0,0.1378
MAC004310,19.5,0.1367
MAC004310,20.0,0.1457
MAC004310,20.5,0.1572
MAC004310,21.0,0.1671
MAC004310,21.5,0.1666
MAC004310,22.0,0.1346
MAC004310,22.5,0.1109
MAC004310,23.0,0.0868
MAC004310,23.5,0.0829
MAC004312,0.0,0.1082
MAC004312,0.5,0.1049
MAC004312,1.0,0.1031
MAC004312,1.5,0.1064
MAC004312,2.0,0.1044
MAC004312,2.5,0.101
MAC004312,3.0,0.1015
MAC004312,3.5,0.1024
MAC004312,4.0,0.0993
MAC004312,4.5,0.0947
MAC004312,5.0,0.093
MAC004312,5.5,0.1147
MAC004312,6.0,0.2189
MAC004312,6.5,0.2884
MAC004312,7.0,0.3022
MAC004312,7.5,0.3748
MAC004312,8.0,0.3472
MAC004312,8.5,0.2672
MAC004312,9.0,0.2396
MAC004312,9.5,0.2219
MAC004312,10.0,0.1952
MAC004312,10.5,0.1848
MAC004312,11.0,0.1775
MAC004312,11.5,0.1921
MAC004312,12.0,0.1944
MAC004312,12.5,0.2168
MAC004312,13.0,0.2008
MAC004312,13.5,0.1777
MAC004312,14.0,0.1837
MAC004312,14.5,0.1869
MAC004312,15.0,0.2096
MAC004312,15.5,0.2417
MAC004312,16.0,0.2592
MAC004312,16.5,0.2906
MAC004312,17.0,0.3034
MAC004312,17.5,0.3493
MAC004312,18.0,0.3285
MAC004312,18.5,0.367
MAC004312,19.0,0.3523
MAC004312,19.5,0.3713
MAC004312,20.0,0.3496
MAC004312,20.5,0.3645
MAC004312,21.0,0.3897
MAC004312,21.5,0.3432
MAC004312,22.0,0.3021
MAC004312,22.5,0.2041
MAC004312,23.0,0.1423
MAC004312,23.5,0.1177
MAC004314,0.0,0.1796
MAC004314,0.5,0.1728
MAC004314,1.0,0.1681
MAC004314,1.5,0.1661
MAC004314,2.0,0.1657
MAC004314,2.5,0.1695
MAC004314,3.0,0.1748
MAC004314,3.5,0.1838
MAC004314,4.0,0.2152
MAC004314,4.5,0.3033
MAC004314,5.0,0.4182
MAC004314,5.5,0.4327
MAC004314,6.0,0.5183
MAC004314,6.5,0.4613
MAC004314,7.0,0.4092
MAC004314,7.5,0.3346
MAC004314,8.0,0.288
MAC004314,8.5,0.263
MAC004314,9.0,0.2506
MAC004314,9.5,0.2524
MAC004314,10.0,0.2524
MAC004314,10.5,0.2619
MAC004314,11.0,0.2717
MAC004314,11.5,0.2777
MAC004314,12.0,0.2976
MAC004314,12.5,0.2672
MAC004314,13.0,0.2492
MAC004314,13.5,0.2456
MAC004314,14.0,0.2449
MAC004314,14.5,0.2493
MAC004314,15.0,0.2777
MAC004314,15.5,0.2517
MAC004314,16.0,0.2834
MAC004314,16.5,0.2786
MAC004314,17.0,0.3196
MAC004314,17.5,0.3446
MAC004314,18.0,0.4634
MAC004314,18.5,0.5048
MAC004314,19.0,0.5334
MAC004314,19.5,0.528
MAC004314,20.0,0.4582
MAC004314,20.5,0.4093
MAC004314,21.0,0.361
MAC004314,21.5,0.2787
MAC004314,22.0,0.2224
MAC004314,22.5,0.1854
MAC004314,23.0,0.1821
MAC004314,23.5,0.1824
MAC004315,0.0,0.4072
MAC004315,0.5,0.3969
MAC004315,1.0,0.3828
MAC004315,1.5,0.3713
MAC004315,2.0,0.3585
MAC004315,2.5,0.3503
MAC004315,3.0,0.3445
MAC004315,3.5,0.3406
MAC004315,4.0,0.3412
MAC004315,4.5,0.3452
MAC004315,5.0,0.3507
MAC004315,5.5,0.3826
MAC004315,6.0,0.3467
MAC004315,6.5,0.3445
MAC004315,7.0,0.3326
MAC004315,7.5,0.2978
MAC004315,8.0,0.2851
MAC004315,8.5,0.2773
MAC004315,9.0,0.2694
MAC004315,9.5,0.2661
MAC004315,10.0,0.2656
MAC004315,10.5,0.2642
MAC004315,11.0,0.2547
MAC004315,11.5,0.2555
MAC004315,12.0,0.2579
MAC004315,12.5,0.2615
MAC004315,13.0,0.2587
MAC004315,13.5,0.2599
MAC004315,14.0,0.2527
MAC004315,14.5,0.2676
MAC004315,15.0,0.2683
MAC004315,15.5,0.274
MAC004315,16.0,0.2858
MAC004315,16.5,0.2877
MAC004315,17.0,0.2907
MAC004315,17.5,0.3096
MAC004315,18.0,0.3196
MAC004315,18.5,0.3571
MAC004315,19.0,0.3962
MAC004315,19.5,0.4027
MAC004315,20.0,0.4383
MAC004315,20.5,0.436
MAC004315,21.0,0.4401
MAC004315,21.5,0.4479
MAC004315,22.0,0.4533
MAC004315,22.5,0.4529
MAC004315,23.0,0.4451
MAC004315,23.5,0.4284
MAC004320,0.0,0.1583
MAC004320,0.5,0.1399
MAC004320,1.0,0.1319
MAC004320,1.5,0.1256
MAC004320,2.0,0.1227
MAC004320,2.5,0.1209
MAC004320,3.0,0.1199
MAC004320,3.5,0.1234
MAC004320,4.0,0.1214
MAC004320,4.5,0.1366
MAC004320,5.0,0.17
MAC004320,5.5,0.1742
MAC004320,6.0,0.203
MAC004320,6.5,0.1447
MAC004320,7.0,0.1038
MAC004320,7.5,0.0987
MAC004320,8.0,0.1008
MAC004320,8.5,0.1158
MAC004320,9.0,0.1092
MAC004320,9.5,0.1213
MAC004320,10.0,0.1241
MAC004320,10.5,0.1243
MAC004320,11.0,0.1147
MAC004320,11.5,0.1136
MAC004320,12.0,0.1238
MAC004320,12.5,0.1171
MAC004320,13.0,0.1105
MAC004320,13.5,0.1094
MAC004320,14.0,0.1197
MAC004320,14.5,0.1237
MAC004320,15.0,0.1227
MAC004320,15.5,0.1244
MAC004320,16.0,0.1348
MAC004320,16.5,0.1763
MAC004320,17.0,0.2098
MAC004320,17.5,0.2214
MAC004320,18.0,0.2479
MAC004320,18.5,0.2548
MAC004320,19.0,0.2473
MAC004320,19.5,0.2559
MAC004320,20.0,0.2718
MAC004320,20.5,0.2931
MAC004320,21.0,0.2815
MAC004320,21.5,0.2573
MAC004320,22.0,0.2422
MAC004320,22.5,0.225
MAC004320,23.0,0.1955
MAC004320,23.5,0.1761
MAC004329,0.0,0.4752
MAC004329,0.5,0.4718
MAC004329,1.0,0.4723
MAC004329,1.5,0.4721
MAC004329,2.0,0.477
MAC004329,2.5,0.4753
MAC004329,3.0,0.4733
MAC004329,3.5,0.4739
MAC004329,4.0,0.4778
MAC004329,4.5,0.4867
MAC004329,5.0,0.5881
MAC004329,5.5,0.6524
MAC004329,6.0,0.7251
MAC004329,6.5,0.7601
MAC004329,7.0,0.8189
MAC004329,7.5,0.8595
MAC004329,8.0,0.7868
MAC004329,8.5,0.7867
MAC004329,9.0,0.803
MAC004329,9.5,0.7617
MAC004329,10.0,0.6712
MAC004329,10.5,0.6976
MAC004329,11.0,0.718
MAC004329,11.5,0.7137
MAC004329,12.0,0.7459
MAC004329,12.5,0.7427
MAC004329,13.0,0.7373
MAC004329,13.5,0.7098
MAC004329,14.0,0.7484
MAC004329,14.5,0.7434
MAC004329,15.0,0.8398
MAC004329,15.5,0.9845
MAC004329,16.0,1.0957
MAC004329,16.5,1.0209
MAC004329,17.0,0.9121
MAC004329,17.5,0.7512
MAC004329,18.0,0.7695
MAC004329,18.5,0.8103
MAC004329,19.0,0.8162
MAC004329,19.5,0.8933
MAC004329,20.0,0.8675
MAC004329,20.5,0.8171
MAC004329,21.0,0.7001
MAC004329,21.5,0.6378
MAC004329,22.0,0.5715
MAC004329,22.5,0.4932
MAC004329,23.0,0.4735
MAC004329,23.5,0.4704
MAC004331,0.0,0.1041
MAC004331,0.5,0.0954
MAC004331,1.0,0.0911
MAC004331,1.5,0.0918
MAC004331,2.0,0.0908
MAC004331,2.5,0.0894
MAC004331,3.0,0.0928
MAC004331,3.5,0.092
MAC004331,4.0,0.0993
MAC004331,4.5,0.1237
MAC004331,5.0,0.1426
MAC004331,5.5,0.2027
MAC004331,6.0,0.2325
MAC004331,6.5,0.2603
MAC004331,7.0,0.2363
MAC004331,7.5,0.2437
MAC004331,8.0,0.2964
MAC004331,8.5,0.2287
MAC004331,9.0,0.2411
MAC004331,9.5,0.227
MAC004331,10.0,0.2388
MAC004331,10.5,0.237
MAC004331,11.0,0.2368
MAC004331,11.5,0.2149
MAC004331,12.0,0.1573
MAC004331,12.5,0.1549
MAC004331,13.0,0.134
MAC004331,13.5,0.1696
MAC004331,14.0,0.205
MAC004331,14.5,0.2468
MAC004331,15.0,0.3215
MAC004331,15.5,0.3068
MAC004331,16.0,0.3074
MAC004331,16.5,0.2987
MAC004331,17.0,0.2923
MAC004331,17.5,0.2879
MAC004331,18.0,0.3148
MAC004331,18.5,0.3027
MAC004331,19.0,0.3089
MAC004331,19.5,0.2958
MAC004331,20.0,0.2709
MAC004331,20.5,0.2627
MAC004331,21.0,0.2504
MAC004331,21.5,0.2366
MAC004331,22.0,0.2082
MAC004331,22.5,0.1751
MAC004331,23.0,0.1471
MAC004331,23.5,0.122
MAC004353,0.0,0.4887
MAC004353,0.5,0.398
MAC004353,1.0,0.3367
MAC004353,1.5,0.3079
MAC004353,2.0,0.3002
MAC004353,2.5,0.2992
MAC004353,3.0,0.2996
MAC004353,3.5,0.2947
MAC004353,4.0,0.2916
MAC004353,4.5,0.2845
MAC004353,5.0,0.2782
MAC004353,5.5,0.2805
MAC004353,6.0,0.2909
MAC004353,6.5,0.3141
MAC004353,7.0,0.4059
MAC004353,7.5,0.5328
MAC004353,8.0,0.619
MAC004353,8.5,0.6879
MAC004353,9.0,0.7067
MAC004353,9.5,0.6524
MAC004353,10.0,0.7096
MAC004353,10.5,0.7208
MAC004353,11.0,0.7752
MAC004353,11.5,0.7487
MAC004353,12.0,0.6892
MAC004353,12.5,0.6846
MAC004353,13.0,0.6834
MAC004353,13.5,0.6692
MAC004353,14.0,0.6479
MAC004353,14.5,0.6527
MAC004353,15.0,0.6404
MAC004353,15.5,0.6387
MAC004353,16.0,0.6921
MAC004353,16.5,0.7219
MAC004353,17.0,0.7365
MAC004353,17.5,0.8345
MAC004353,18.0,0.9235
MAC004353,18.5,0.921
MAC004353,19.0,0.91
MAC004353,19.5,0.9066
MAC004353,20.0,0.856
MAC004353,20.5,0.8439
MAC004353,21.0,0.8381
MAC004353,21.5,0.8228
MAC004353,22.0,0.8049
MAC004353,22.5,0.7338
MAC004353,23.0,0.6653
MAC004353,23.5,0.5892
MAC004363,0.0,0.2313
MAC004363,0.5,0.1822
MAC004363,1.0,0.155
MAC004363,1.5,0.138
MAC004363,2.0,0.1296
MAC004363,2.5,0.1261
MAC004363,3.0,0.1241
MAC004363,3.5,0.1284
MAC004363,4.0,0.1284
MAC004363,4.5,0.1363
MAC004363,5.0,0.1374
MAC004363,5.5,0.1864
MAC004363,6.0,0.2138
MAC004363,6.5,0.3013
MAC004363,7.0,0.3302
MAC004363,7.5,0.3472
MAC004363,8.0,0.3967
MAC004363,8.5,0.4215
MAC004363,9.0,0.4135
MAC004363,9.5,0.392
MAC004363,10.0,0.3226
MAC004363,10.5,0.256
MAC004363,11.0,0.2249
MAC004363,11.5,0.2025
MAC004363,12.0,0.1957
MAC004363,12.5,0.1853
MAC004363,13.0,0.1879
MAC004363,13.5,0.1882
MAC004363,14.0,0.1993
MAC004363,14.5,0.2108
MAC004363,15.0,0.2197
MAC004363,15.5,0.2617
MAC004363,16.0,0.2767
MAC004363,16.5,0.2942
MAC004363,17.0,0.3233
MAC004363,17.5,0.3844
MAC004363,18.0,0.4904
MAC004363,18.5,0.6479
MAC004363,19.0,0.7911
MAC004363,19.5,0.8731
MAC004363,20.0,0.8474
MAC004363,20.5,0.7858
MAC004363,21.0,0.7429
MAC004363,21.5,0.7316
MAC004363,22.0,0.6886
MAC004363,22.5,0.578
MAC004363,23.0,0.4459
MAC004363,23.5,0.3111
MAC004366,0.0,0.6739
MAC004366,0.5,0.6558
MAC004366,1.0,0.5956
MAC004366,1.5,0.5672
MAC004366,2.0,0.5393
MAC004366,2.5,0.5172
MAC004366,3.0,0.507
MAC004366,3.5,0.4907
MAC004366,4.0,0.4916
MAC004366,4.5,0.532
MAC004366,5.0,0.6778
MAC004366,5.5,0.7419
MAC004366,6.0,0.7955
MAC004366,6.5,0.7524
MAC004366,7.0,0.7249
MAC004366,7.5,0.7233
MAC004366,8.0,0.6976
MAC004366,8.5,0.743
MAC004366,9.0,0.7563
MAC004366,9.5,0.7724
MAC004366,10.0,0.7876
MAC004366,10.5,0.8213
MAC004366,11.0,0.8545
MAC004366,11.5,0.8825
MAC004366,12.0,0.8725
MAC004366,12.5,0.8781
MAC004366,13.0,0.9563
MAC004366,13.5,0.9116
MAC004366,14.0,0.9275
MAC004366,14.5,0.9426
MAC004366,15.0,0.9254
MAC004366,15.5,0.9548
MAC004366,16.0,0.9879
MAC004366,16.5,1.0053
MAC004366,17.0,1.0912
MAC004366,17.5,1.1131
MAC004366,18.0,1.1243
MAC004366,18.5,1.1199
MAC004366,19.0,1.0928
MAC004366,19.5,1.1026
MAC004366,20.0,1.1271
MAC004366,20.5,1.0906
MAC004366,21.0,1.0718
MAC004366,21.5,1.0412
MAC004366,22.0,0.9419
MAC004366,22.5,0.8808
MAC004366,23.0,0.8105
MAC004366,23.5,0.7482
MAC004408,0.0,0.1026
MAC004408,0.5,0.1014
MAC004408,1.0,0.1015
MAC004408,1.5,0.1006
MAC004408,2.0,0.1019
MAC004408,2.5,0.1022
MAC004408,3.0,0.103
MAC004408,3.5,0.1066
MAC004408,4.0,0.1146
MAC004408,4.5,0.1262
MAC004408,5.0,0.214
MAC004408,5.5,0.2863
MAC004408,6.0,0.4099
MAC004408,6.5,0.5084
MAC004408,7.0,0.5501
MAC004408,7.5,0.5766
MAC004408,8.0,0.5398
MAC004408,8.5,0.5322
MAC004408,9.0,0.5283
MAC004408,9.5,0.4546
MAC004408,10.0,0.3947
MAC004408,10.5,0.3889
MAC004408,11.0,0.3749
MAC004408,11.5,0.3836
MAC004408,12.0,0.3497
MAC004408,12.5,0.3249
MAC004408,13.0,0.3385
MAC004408,13.5,0.356
MAC004408,14.0,0.3629
MAC004408,14.5,0.3863
MAC004408,15.0,0.3722
MAC004408,15.5,0.3624
MAC004408,16.0,0.3902
MAC004408,16.5,0.484
MAC004408,17.0,0.5704
MAC004408,17.5,0.4974
MAC004408,18.0,0.4639
MAC004408,18.5,0.3806
MAC004408,19.0,0.3707
MAC004408,19.5,0.3766
MAC004408,20.0,0.3739
MAC004408,20.5,0.422
MAC004408,21.0,0.3884
MAC004408,21.5,0.3615
MAC004408,22.0,0.273
MAC004408,22.5,0.2119
MAC004408,23.0,0.143
MAC004408,23.5,0.1028
MAC004428,0.0,3.6426
MAC004428,0.5,3.1313
MAC004428,1.0,2.5822
MAC004428,1.5,1.8348
MAC004428,2.0,1.2583
MAC004428,2.5,0.8245
MAC004428,3.0,0.6259
MAC004428,3.5,0.5562
MAC004428,4.0,0.576
MAC004428,4.5,0.6789
MAC004428,5.0,0.5911
MAC004428,5.5,0.6877
MAC004428,6.0,0.6207
MAC004428,6.5,0.1389
MAC004428,7.0,0.24
MAC004428,7.5,0.2799
MAC004428,8.0,0.2838
MAC004428,8.5,0.3142
MAC004428,9.0,0.2873
MAC004428,9.5,0.2477
MAC004428,10.0,0.2399
MAC004428,10.5,0.204
MAC004428,11.0,0.2281
MAC004428,11.5,0.2611
MAC004428,12.0,0.2682
MAC004428,12.5,0.2974
MAC004428,13.0,0.3018
MAC004428,13.5,0.2339
MAC004428,14.0,0.2616
MAC004428,14.5,0.264
MAC004428,15.0,0.272
MAC004428,15.5,0.3034
MAC004428,16.0,0.3194
MAC004428,16.5,0.3423
MAC004428,17.0,0.4274
MAC004428,17.5,0.5524
MAC004428,18.0,0.5572
MAC004428,18.5,0.5886
MAC004428,19.0,0.5182
MAC004428,19.5,0.476
MAC004428,20.0,0.4901
MAC004428,20.5,0.476
MAC004428,21.0,0.4568
MAC004428,21.5,0.368
MAC004428,22.0,0.3073
MAC004428,22.5,0.2304
MAC004428,23.0,0.1923
MAC004428,23.5,3.6977
MAC004436,0.0,0.1077
MAC004436,0.5,0.0945
MAC004436,1.0,0.0941
MAC004436,1.5,0.0873
MAC004436,2.0,0.0862
MAC004436,2.5,0.0896
MAC004436,3.0,0.09
MAC004436,3.5,0.0955
MAC004436,4.0,0.0951
MAC004436,4.5,0.1054
MAC004436,5.0,0.1146
MAC004436,5.5,0.1161
MAC004436,6.0,0.1159
MAC004436,6.5,0.1501
MAC004436,7.0,0.1699
MAC004436,7.5,0.2167
MAC004436,8.0,0.313
MAC004436,8.5,0.4079
MAC004436,9.0,0.4474
MAC004436,9.5,0.4535
MAC004436,10.0,0.4079
MAC004436,10.5,0.3354
MAC004436,11.0,0.281
MAC004436,11.5,0.255
MAC004436,12.0,0.2494
MAC004436,12.5,0.2355
MAC004436,13.0,0.2221
MAC004436,13.5,0.208
MAC004436,14.0,0.2364
MAC004436,14.5,0.2566
MAC004436,15.0,0.225
MAC004436,15.5,0.215
MAC004436,16.0,0.2217
MAC004436,16.5,0.2398
MAC004436,17.0,0.2611
MAC004436,17.5,0.2392
MAC004436,18.0,0.2674
MAC004436,18.5,0.2877
MAC004436,19.0,0.2918
MAC004436,19.5,0.2696
MAC004436,20.0,0.2708
MAC004436,20.5,0.2402
MAC004436,21.0,0.2416
MAC004436,21.5,0.2386
MAC004436,22.0,0.2076
MAC004436,22.5,0.1877
MAC004436,23.0,0.1531
MAC004436,23.5,0.1312
MAC004446,0.0,0.8061
MAC004446,0.5,0.6961
MAC004446,1.0,0.6789
MAC004446,1.5,0.6677
MAC004446,2.0,0.6839
MAC004446,2.5,0.6559
MAC004446,3.0,0.6675
MAC004446,3.5,0.6693
MAC004446,4.0,1.9658
MAC004446,4.5,2.2935
MAC004446,5.0,2.4127
MAC004446,5.5,2.307
MAC004446,6.0,2.3599
MAC004446,6.5,2.232
MAC004446,7.0,2.0326
MAC004446,7.5,1.9547
MAC004446,8.0,1.1894
MAC004446,8.5,1.1994
MAC004446,9.0,1.2113
MAC004446,9.5,1.1592
MAC004446,10.0,1.0803
MAC004446,10.5,1.0919
MAC004446,11.0,1.1651
MAC004446,11.5,1.1415
MAC004446,12.0,1.154
MAC004446,12.5,1.1527
MAC004446,13.0,1.1055
MAC004446,13.5,1.0992
MAC004446,14.0,2.235
MAC004446,14.5,2.4046
MAC004446,15.0,2.1388
MAC004446,15.5,2.0037
MAC004446,16.0,1.9127
MAC004446,16.5,1.9432
MAC004446,17.0,2.1461
MAC004446,17.5,2.2225
MAC004446,18.0,2.3559
MAC004446,18.5,2.4449
MAC004446,19.0,2.3531
MAC004446,19.5,2.2478
MAC004446,20.0,2.137
MAC004446,20.5,2.0372
MAC004446,21.0,1.9578
MAC004446,21.5,1.9149
MAC004446,22.0,1.4031
MAC004446,22.5,1.1275
MAC004446,23.0,1.0163
MAC004446,23.5,0.8815
MAC004448,0.0,0.4179
MAC004448,0.5,0.3943
MAC004448,1.0,0.3664
MAC004448,1.5,0.3162
MAC004448,2.0,0.212
MAC004448,2.5,0.1597
MAC004448,3.0,0.1228
MAC004448,3.5,0.1111
MAC004448,4.0,0.1156
MAC004448,4.5,0.1153
MAC004448,5.0,0.1112
MAC004448,5.5,0.1082
MAC004448,6.0,0.1066
MAC004448,6.5,0.136
MAC004448,7.0,0.1447
MAC004448,7.5,0.1546
MAC004448,8.0,0.1289
MAC004448,8.5,0.1533
MAC004448,9.0,0.148
MAC004448,9.5,0.1668
MAC004448,10.0,0.2339
MAC004448,10.5,0.2587
MAC004448,11.0,0.2517
MAC004448,11.5,0.2628
MAC004448,12.0,0.2832
MAC004448,12.5,0.2824
MAC004448,13.0,0.3041
MAC004448,13.5,0.3253
MAC004448,14.0,0.2835
MAC004448,14.5,0.267
MAC004448,15.0,0.2699
MAC004448,15.5,0.2638
MAC004448,16.0,0.2851
MAC004448,16.5,0.3025
MAC004448,17.0,0.2957
MAC004448,17.5,0.3303
MAC004448,18.0,0.4136
MAC004448,18.5,0.5414
MAC004448,19.0,0.6746
MAC004448,19.5,0.7143
MAC004448,20.0,0.5539
MAC004448,20.5,0.4125
MAC004448,21.0,0.3537
MAC004448,21.5,0.3236
MAC004448,22.0,0.337
MAC004448,22.5,0.3597
MAC004448,23.0,0.3732
MAC004448,23.5,0.4121
MAC004454,0.0,0.0439
MAC004454,0.5,0.0428
MAC004454,1.0,0.042
MAC004454,1.5,0.0436
MAC004454,2.0,0.0428
MAC004454,2.5,0.0417
MAC004454,3.0,0.0429
MAC004454,3.5,0.0438
MAC004454,4.0,0.0404
MAC004454,4.5,0.0434
MAC004454,5.0,0.0431
MAC004454,5.5,0.0412
MAC004454,6.0,0.0465
MAC004454,6.5,0.0522
MAC004454,7.0,0.0696
MAC004454,7.5,0.0989
MAC004454,8.0,0.1089
MAC004454,8.5,0.1183
MAC004454,9.0,0.0994
MAC004454,9.5,0.0715
MAC004454,10.0,0.0605
MAC004454,10.5,0.0488
MAC004454,11.0,0.0483
MAC004454,11.5,0.0631
MAC004454,12.0,0.0948
MAC004454,12.5,0.1254
MAC004454,13.0,0.1181
MAC004454,13.5,0.0918
MAC004454,14.0,0.0991
MAC004454,14.5,0.0815
MAC004454,15.0,0.059
MAC004454,15.5,0.0597
MAC004454,16.0,0.0666
MAC004454,16.5,0.0815
MAC004454,17.0,0.0945
MAC004454,17.5,0.104
MAC004454,18.0,0.1228
MAC004454,18.5,0.1677
MAC004454,19.0,0.1622
MAC004454,19.5,0.1358
MAC004454,20.0,0.1379
MAC004454,20.5,0.119
MAC004454,21.0,0.1295
MAC004454,21.5,0.1381
MAC004454,22.0,0.1242
MAC004454,22.5,0.0978
MAC004454,23.0,0.0763
MAC004454,23.5,0.0537
MAC004461,0.0,0.1914
MAC004461,0.5,0.1636
MAC004461,1.0,0.151
MAC004461,1.5,0.1403
MAC004461,2.0,0.1318
MAC004461,2.5,0.1254
MAC004461,3.0,0.1202
MAC004461,3.5,0.1159
MAC004461,4.0,0.1137
MAC004461,4.5,0.1177
MAC004461,5.0,0.1446
MAC004461,5.5,0.1899
MAC004461,6.0,0.2022
MAC004461,6.5,0.2594
MAC004461,7.0,0.253
MAC004461,7.5,0.223
MAC004461,8.0,0.271
MAC004461,8.5,0.2121
MAC004461,9.0,0.1999
MAC004461,9.5,0.1928
MAC004461,10.0,0.2066
MAC004461,10.5,0.2559
MAC004461,11.0,0.2694
MAC004461,11.5,0.2677
MAC004461,12.0,0.2407
MAC004461,12.5,0.1937
MAC004461,13.0,0.1909
MAC004461,13.5,0.1878
MAC004461,14.0,0.1902
MAC004461,14.5,0.189
MAC004461,15.0,0.2037
MAC004461,15.5,0.1967
MAC004461,16.0,0.2319
MAC004461,16.5,0.1995
MAC004461,17.0,0.1859
MAC004461,17.5,0.1837
MAC004461,18.0,0.1827
MAC004461,18.5,0.1863
MAC004461,19.0,0.202
MAC004461,19.5,0.196
MAC004461,20.0,0.1915
MAC004461,20.5,0.186
MAC004461,21.0,0.1904
MAC004461,21.5,0.2228
MAC004461,22.0,0.2187
MAC004461,22.5,0.2233
MAC004461,23.0,0.2204
MAC004461,23.5,0.2008
MAC004468,0.0,0.6707
MAC004468,0.5,0.5056
MAC004468,1.0,0.3985
MAC004468,1.5,0.2824
MAC004468,2.0,0.2162
MAC004468,2.5,0.1606
MAC004468,3.0,0.1388
MAC004468,3.5,0.1367
MAC004468,4.0,0.1393
MAC004468,4.5,0.1959
MAC004468,5.0,0.9289
MAC004468,5.5,0.5284
MAC004468,6.0,0.871
MAC004468,6.5,0.3046
MAC004468,7.0,0.3351
MAC004468,7.5,0.3852
MAC004468,8.0,0.4635
MAC004468,8.5,0.6406
MAC004468,9.0,0.7413
MAC004468,9.5,0.825
MAC004468,10.0,0.8253
MAC004468,10.5,0.8209
MAC004468,11.0,0.8239
MAC004468,11.5,0.7725
MAC004468,12.0,0.7612
MAC004468,12.5,0.6678
MAC004468,13.0,0.639
MAC004468,13.5,0.6219
MAC004468,14.0,0.6713
MAC004468,14.5,0.6583
MAC004468,15.0,0.7217
MAC004468,15.5,1.3743
MAC004468,16.0,2.2313
MAC004468,16.5,1.9335
MAC004468,17.0,2.3936
MAC004468,17.5,1.4475
MAC004468,18.0,1.2392
MAC004468,18.5,1.1243
MAC004468,19.0,0.8851
MAC004468,19.5,0.8664
MAC004468,20.0,0.8706
MAC004468,20.5,0.8813
MAC004468,21.0,0.9099
MAC004468,21.5,0.8572
MAC004468,22.0,0.851
MAC004468,22.5,0.9009
MAC004468,23.0,0.8612
MAC004468,23.5,0.7768
MAC004513,0.0,0.0714
MAC004513,0.5,0.0603
MAC004513,1.0,0.0547
MAC004513,1.5,0.0539
MAC004513,2.0,0.0569
MAC004513,2.5,0.0523
MAC004513,3.0,0.049
MAC004513,3.5,0.0478
MAC004513,4.0,0.0515
MAC004513,4.5,0.0534
MAC004513,5.0,0.0615
MAC004513,5.5,0.0856
MAC004513,6.0,0.2306
MAC004513,6.5,0.2362
MAC004513,7.0,0.3024
MAC004513,7.5,0.3119
MAC004513,8.0,0.3105
MAC004513,8.5,0.2864
MAC004513,9.0,0.2922
MAC004513,9.5,0.2896
MAC004513,10.0,0.3205
MAC004513,10.5,0.34
MAC004513,11.0,0.3311
MAC004513,11.5,0.3376
MAC004513,12.0,0.3278
MAC004513,12.5,0.3208
MAC004513,13.0,0.3304
MAC004513,13.5,0.3289
MAC004513,14.0,0.3241
MAC004513,14.5,0.3304
MAC004513,15.0,0.3691
MAC004513,15.5,0.3888
MAC004513,16.0,0.4419
MAC004513,16.5,0.4502
MAC004513,17.0,0.4718
MAC004513,17.5,0.4742
MAC004513,18.0,0.4585
MAC004513,18.5,0.4634
MAC004513,19.0,0.4546
MAC004513,19.5,0.4801
MAC004513,20.0,0.4716
MAC004513,20.5,0.4412
MAC004513,21.0,0.4201
MAC004513,21.5,0.3807
MAC004513,22.0,0.3184
MAC004513,22.5,0.2348
MAC004513,23.0,0.1602
MAC004513,23.5,0.1088
MAC004520,0.0,0.0243
MAC004520,0.5,0.0257
MAC004520,1.0,0.0247
MAC004520,1.5,0.0248
MAC004520,2.0,0.0253
MAC004520,2.5,0.0247
MAC004520,3.0,0.0241
MAC004520,3.5,0.0261
MAC004520,4.0,0.0258
MAC004520,4.5,0.029
MAC004520,5.0,0.0503
MAC004520,5.5,0.0654
MAC004520,6.0,0.0755
MAC004520,6.5,0.1115
MAC004520,7.0,0.1122
MAC004520,7.5,0.1062
MAC004520,8.0,0.1007
MAC004520,8.5,0.0894
MAC004520,9.0,0.0793
MAC004520,9.5,0.0724
MAC004520,10.0,0.0716
MAC004520,10.5,0.0695
MAC004520,11.0,0.0696
MAC004520,11.5,0.0797
MAC004520,12.0,0.075
MAC004520,12.5,0.0838
MAC004520,13.0,0.0861
MAC004520,13.5,0.0892
MAC004520,14.0,0.0915
MAC004520,14.5,0.0953
MAC004520,15.0,0.0895
MAC004520,15.5,0.0854
MAC004520,16.0,0.0806
MAC004520,16.5,0.089
MAC004520,17.0,0.0872
MAC004520,17.5,0.09
MAC004520,18.0,0.0936
MAC004520,18.5,0.078
MAC004520,19.0,0.0718
MAC004520,19.5,0.0536
MAC004520,20.0,0.0394
MAC004520,20.5,0.0332
MAC004520,21.0,0.0286
MAC004520,21.5,0.0286
MAC004520,22.0,0.0269
MAC004520,22.5,0.0257
MAC004520,23.0,0.0253
MAC004520,23.5,0.0254
MAC004553,0.0,0.7496
MAC004553,0.5,0.6716
MAC004553,1.0,0.67
MAC004553,1.5,0.6791
MAC004553,2.0,0.6583
MAC004553,2.5,0.6462
MAC004553,3.0,0.5985
MAC004553,3.5,0.63
MAC004553,4.0,0.5837
MAC004553,4.5,0.5237
MAC004553,5.0,0.5193
MAC004553,5.5,0.5061
MAC004553,6.0,0.4833
MAC004553,6.5,0.4878
MAC004553,7.0,0.4402
MAC004553,7.5,0.417
MAC004553,8.0,0.4104
MAC004553,8.5,0.4143
MAC004553,9.0,0.397
MAC004553,9.5,0.3801
MAC004553,10.0,0.4342
MAC004553,10.5,0.461
MAC004553,11.0,0.4791
MAC004553,11.5,0.5476
MAC004553,12.0,0.6657
MAC004553,12.5,0.7062
MAC004553,13.0,0.7345
MAC004553,13.5,0.7245
MAC004553,14.0,0.7048
MAC004553,14.5,0.5949
MAC004553,15.0,0.6048
MAC004553,15.5,0.6293
MAC004553,16.0,0.6923
MAC004553,16.5,0.749
MAC004553,17.0,0.8097
MAC004553,17.5,0.8613
MAC004553,18.0,0.8528
MAC004553,18.5,0.9019
MAC004553,19.0,0.9488
MAC004553,19.5,1.0378
MAC004553,20.0,0.9666
MAC004553,20.5,0.9447
MAC004553,21.0,0.8595
MAC004553,21.5,0.8103
MAC004553,22.0,0.8122
MAC004553,22.5,0.7884
MAC004553,23.0,0.7687
MAC004553,23.5,0.7268
MAC004556,0.0,0.279
MAC004556,0.5,0.2588
MAC004556,1.0,0.239
MAC004556,1.5,0.2194
MAC004556,2.0,0.1952
MAC004556,2.5,0.1704
MAC004556,3.0,0.1267
MAC004556,3.5,0.1036
MAC004556,4.0,0.0927
MAC004556,4.5,0.0849
MAC004556,5.0,0.1012
MAC004556,5.5,0.1359
MAC004556,6.0,0.1552
MAC004556,6.5,0.1613
MAC004556,7.0,0.1427
MAC004556,7.5,0.1542
MAC004556,8.0,0.1336
MAC004556,8.5,0.1381
MAC004556,9.0,0.1523
MAC004556,9.5,0.165
MAC004556,10.0,0.1578
MAC004556,10.5,0.1731
MAC004556,11.0,0.1783
MAC004556,11.5,0.1968
MAC004556,12.0,0.2237
MAC004556,12.5,0.2088
MAC004556,13.0,0.2035
MAC004556,13.5,0.2052
MAC004556,14.0,0.219
MAC004556,14.5,0.2386
MAC004556,15.0,0.2348
MAC004556,15.5,0.2569
MAC004556,16.0,0.2572
MAC004556,16.5,0.3328
MAC004556,17.0,0.3785
MAC004556,17.5,0.3959
MAC004556,18.0,0.4213
MAC004556,18.5,0.4144
MAC004556,19.0,0.4065
MAC004556,19.5,0.4371
MAC004556,20.0,0.4694
MAC004556,20.5,0.4733
MAC004556,21.0,0.4658
MAC004556,21.5,0.434
MAC004556,22.0,0.3949
MAC004556,22.5,0.3653
MAC004556,23.0,0.3353
MAC004556,23.5,0.2982
MAC004573,0.0,1.291
MAC004573,0.5,0.9241
MAC004573,1.0,0.6999
MAC004573,1.5,0.5009
MAC004573,2.0,0.4572
MAC004573,2.5,0.4233
MAC004573,3.0,0.3743
MAC004573,3.5,0.3805
MAC004573,4.0,0.377
MAC004573,4.5,0.3759
MAC004573,5.0,0.3707
MAC004573,5.5,0.383
MAC004573,6.0,0.372
MAC004573,6.5,0.4044
MAC004573,7.0,0.5975
MAC004573,7.5,0.4876
MAC004573,8.0,0.7883
MAC004573,8.5,0.687
MAC004573,9.0,0.4923
MAC004573,9.5,0.5369
MAC004573,10.0,0.423
MAC004573,10.5,0.44
MAC004573,11.0,0.4341
MAC004573,11.5,0.4415
MAC004573,12.0,0.4288
MAC004573,12.5,0.4495
MAC004573,13.0,0.407
MAC004573,13.5,0.4245
MAC004573,14.0,0.4127
MAC004573,14.5,0.451
MAC004573,15.0,0.5169
MAC004573,15.5,0.5572
MAC004573,16.0,0.5683
MAC004573,16.5,0.6628
MAC004573,17.0,0.7196
MAC004573,17.5,0.7824
MAC004573,18.0,0.6592
MAC004573,18.5,0.6855
MAC004573,19.0,0.7582
MAC004573,19.5,0.6589
MAC004573,20.0,0.6566
MAC004573,20.5,0.6841
MAC004573,21.0,0.62
MAC004573,21.5,0.7156
MAC004573,22.0,0.8379
MAC004573,22.5,1.1447
MAC004573,23.0,1.4385
MAC004573,23.5,1.3939
MAC004590,0.0,0.4714
MAC004590,0.5,0.4
MAC004590,1.0,0.339
MAC004590,1.5,0.2524
MAC004590,2.0,0.2328
MAC004590,2.5,0.2064
MAC004590,3.0,0.2026
MAC004590,3.5,0.1944
MAC004590,4.0,0.1952
MAC004590,4.5,0.2006
MAC004590,5.0,0.2105
MAC004590,5.5,0.2577
MAC004590,6.0,0.2784
MAC004590,6.5,0.2811
MAC004590,7.0,0.28
MAC004590,7.5,0.2807
MAC004590,8.0,0.2976
MAC004590,8.5,0.3131
MAC004590,9.0,0.3243
MAC004590,9.5,0.336
MAC004590,10.0,0.3447
MAC004590,10.5,0.3321
MAC004590,11.0,0.3327
MAC004590,11.5,0.3816
MAC004590,12.0,0.4059
MAC004590,12.5,0.4433
MAC004590,13.0,0.4283
MAC004590,13.5,0.4295
MAC004590,14.0,0.4569
MAC004590,14.5,0.4469
MAC004590,15.0,0.4361
MAC004590,15.5,0.4411
MAC004590,16.0,0.4855
MAC004590,16.5,0.5167
MAC004590,17.0,0.5415
MAC004590,17.5,0.5922
MAC004590,18.0,0.6329
MAC004590,18.5,0.6982
MAC004590,19.0,0.7821
MAC004590,19.5,0.8372
MAC004590,20.0,0.9068
MAC004590,20.5,0.8771
MAC004590,21.0,0.8811
MAC004590,21.5,0.8317
MAC004590,22.0,0.7415
MAC004590,22.5,0.6932
MAC004590,23.0,0.6011
MAC004590,23.5,0.535
MAC004606,0.0,0.1632
MAC004606,0.5,0.1386
MAC004606,1.0,0.1237
MAC004606,1.5,0.1182
MAC004606,2.0,0.1226
MAC004606,2.5,0.1139
MAC004606,3.0,0.1117
MAC004606,3.5,0.1134
MAC004606,4.0,0.1113
MAC004606,4.5,0.1088
MAC004606,5.0,0.1064
MAC004606,5.5,0.125
MAC004606,6.0,0.1417
MAC004606,6.5,0.2112
MAC004606,7.0,0.283
MAC004606,7.5,0.3745
MAC004606,8.0,0.4494
MAC004606,8.5,0.44
MAC004606,9.0,0.3994
MAC004606,9.5,0.3268
MAC004606,10.0,0.291
MAC004606,10.5,0.2435
MAC004606,11.0,0.2188
MAC004606,11.5,0.2064
MAC004606,12.0,0.2276
MAC004606,12.5,0.2211
MAC004606,13.0,0.2149
MAC004606,13.5,0.2274
MAC004606,14.0,0.2109
MAC004606,14.5,0.2188
MAC004606,15.0,0.2278
MAC004606,15.5,0.2556
MAC004606,16.0,0.2786
MAC004606,16.5,0.3196
MAC004606,17.0,0.3723
MAC004606,17.5,0.4529
MAC004606,18.0,0.4798
MAC004606,18.5,0.551
MAC004606,19.0,0.5511
MAC004606,19.5,0.525
MAC004606,20.0,0.5024
MAC004606,20.5,0.4549
MAC004606,21.0,0.4285
MAC004606,21.5,0.3998
MAC004606,22.0,0.3475
MAC004606,22.5,0.3192
MAC004606,23.0,0.2447
MAC004606,23.5,0.2015
MAC004621,0.0,0.1708
MAC004621,0.5,0.154
MAC004621,1.0,0.1414
MAC004621,1.5,0.137
MAC004621,2.0,0.1356
MAC004621,2.5,0.1383
MAC004621,3.0,0.1362
MAC004621,3.5,0.1521
MAC004621,4.0,0.1392
MAC004621,4.5,0.1553
MAC004621,5.0,0.196
MAC004621,5.5,0.2269
MAC004621,6.0,0.263
MAC004621,6.5,0.4166
MAC004621,7.0,0.5224
MAC004621,7.5,0.603
MAC004621,8.0,0.7519
MAC004621,8.5,0.8032
MAC004621,9.0,0.8184
MAC004621,9.5,0.7734
MAC004621,10.0,0.7655
MAC004621,10.5,0.7015
MAC004621,11.0,0.6769
MAC004621,11.5,0.6439
MAC004621,12.0,0.6142
MAC004621,12.5,0.6279
MAC004621,13.0,0.6084
MAC004621,13.5,0.596
MAC004621,14.0,0.5479
MAC004621,14.5,0.5336
MAC004621,15.0,0.5125
MAC004621,15.5,0.5113
MAC004621,16.0,0.5106
MAC004621,16.5,0.5185
MAC004621,17.0,0.5656
MAC004621,17.5,0.5692
MAC004621,18.0,0.6499
MAC004621,18.5,0.6663
MAC004621,19.0,0.6972
MAC004621,19.5,0.6763
MAC004621,20.0,0.6856
MAC004621,20.5,0.6827
MAC004621,21.0,0.7159
MAC004621,21.5,0.6877
MAC004621,22.0,0.5865
MAC004621,22.5,0.497
MAC004621,23.0,0.3694
MAC004621,23.5,0.2611
MAC004640,0.0,0.696
MAC004640,0.5,0.657
MAC004640,1.0,0.6295
MAC004640,1.5,0.5974
MAC004640,2.0,0.536
MAC004640,2.5,0.4616
MAC004640,3.0,0.3721
MAC004640,3.5,0.2799
MAC004640,4.0,0.2191
MAC004640,4.5,0.1918
MAC004640,5.0,0.1836
MAC004640,5.5,0.1749
MAC004640,6.0,0.2029
MAC004640,6.5,0.2776
MAC004640,7.0,0.3733
MAC004640,7.5,0.4528
MAC004640,8.0,0.5031
MAC004640,8.5,0.505
MAC004640,9.0,0.4862
MAC004640,9.5,0.464
MAC004640,10.0,0.4099
MAC004640,10.5,0.4006
MAC004640,11.0,0.3874
MAC004640,11.5,0.4112
MAC004640,12.0,0.4253
MAC004640,12.5,0.4165
MAC004640,13.0,0.4111
MAC004640,13.5,0.4126
MAC004640,14.0,0.4269
MAC004640,14.5,0.4344
MAC004640,15.0,0.4564
MAC004640,15.5,0.5651
MAC004640,16.0,0.6912
MAC004640,16.5,0.6676
MAC004640,17.0,0.6256
MAC004640,17.5,0.5484
MAC004640,18.0,0.5798
MAC004640,18.5,0.603
MAC004640,19.0,0.6729
MAC004640,19.5,0.7565
MAC004640,20.0,0.8195
MAC004640,20.5,0.8046
MAC004640,21.0,0.7822
MAC004640,21.5,0.7604
MAC004640,22.0,0.7322
MAC004640,22.5,0.7434
MAC004640,23.0,0.7418
MAC004640,23.5,0.7067
MAC004641,0.0,0.2342
MAC004641,0.5,0.1931
MAC004641,1.0,0.1787
MAC004641,1.5,0.168
MAC004641,2.0,0.1617
MAC004641,2.5,0.1524
MAC004641,3.0,0.152
MAC004641,3.5,0.1537
MAC004641,4.0,0.1512
MAC004641,4.5,0.1491
MAC004641,5.0,0.1676
MAC004641,5.5,0.2576
MAC004641,6.0,0.7958
MAC004641,6.5,0.8174
MAC004641,7.0,0.8377
MAC004641,7.5,0.5812
MAC004641,8.0,0.2794
MAC004641,8.5,0.2869
MAC004641,9.0,0.263
MAC004641,9.5,0.3254
MAC004641,10.0,0.3686
MAC004641,10.5,0.4077
MAC004641,11.0,0.4384
MAC004641,11.5,0.4884
MAC004641,12.0,0.3615
MAC004641,12.5,0.36
MAC004641,13.0,0.301
MAC004641,13.5,0.2958
MAC004641,14.0,0.268
MAC004641,14.5,0.276
MAC004641,15.0,0.2874
MAC004641,15.5,0.2984
MAC004641,16.0,0.3315
MAC004641,16.5,0.3226
MAC004641,17.0,0.3625
MAC004641,17.5,0.3679
MAC004641,18.0,0.409
MAC004641,18.5,0.4662
MAC004641,19.0,0.5145
MAC004641,19.5,0.6459
MAC004641,20.0,0.7063
MAC004641,20.5,0.7679
MAC004641,21.0,0.7579
MAC004641,21.5,0.7033
MAC004641,22.0,0.548
MAC004641,22.5,0.3921
MAC004641,23.0,0.3231
MAC004641,23.5,0.2684
MAC004652,0.0,0.1121
MAC004652,0.5,0.1028
MAC004652,1.0,0.0973
MAC004652,1.5,0.0945
MAC004652,2.0,0.0908
MAC004652,2.5,0.0913
MAC004652,3.0,0.0875
MAC004652,3.5,0.0874
MAC004652,4.0,0.0887
MAC004652,4.5,0.0885
MAC004652,5.0,0.0955
MAC004652,5.5,0.109
MAC004652,6.0,0.145
MAC004652,6.5,0.1886
MAC004652,7.0,0.2067
MAC004652,7.5,0.2443
MAC004652,8.0,0.2467
MAC004652,8.5,0.2466
MAC004652,9.0,0.1931
MAC004652,9.5,0.1665
MAC004652,10.0,0.1309
MAC004652,10.5,0.1273
MAC004652,11.0,0.1347
MAC004652,11.5,0.1387
MAC004652,12.0,0.1644
MAC004652,12.5,0.1923
MAC004652,13.0,0.2263
MAC004652,13.5,0.2631
MAC004652,14.0,0.2742
MAC004652,14.5,0.2557
MAC004652,15.0,0.1871
MAC004652,15.5,0.1368
MAC004652,16.0,0.1559
MAC004652,16.5,0.1325
MAC004652,17.0,0.1278
MAC004652,17.5,0.1327
MAC004652,18.0,0.167
MAC004652,18.5,0.1969
MAC004652,19.0,0.2482
MAC004652,19.5,0.2186
MAC004652,20.0,0.2536
MAC004652,20.5,0.3629
MAC004652,21.0,0.28
MAC004652,21.5,0.2559
MAC004652,22.0,0.2352
MAC004652,22.5,0.1713
MAC004652,23.0,0.1589
MAC004652,23.5,0.1397
MAC004655,0.0,0.0381
MAC004655,0.5,0.0358
MAC004655,1.0,0.0372
MAC004655,1.5,0.033
MAC004655,2.0,0.0358
MAC004655,2.5,0.0353
MAC004655,3.0,0.035
MAC004655,3.5,0.042
MAC004655,4.0,0.0422
MAC004655,4.5,0.0628
MAC004655,5.0,0.2759
MAC004655,5.5,0.2482
MAC004655,6.0,0.3287
MAC004655,6.5,0.4177
MAC004655,7.0,0.3603
MAC004655,7.5,0.4179
MAC004655,8.0,0.426
MAC004655,8.5,0.5124
MAC004655,9.0,0.3156
MAC004655,9.5,0.2138
MAC004655,10.0,0.2068
MAC004655,10.5,0.1102
MAC004655,11.0,0.0844
MAC004655,11.5,0.0742
MAC004655,12.0,0.0722
MAC004655,12.5,0.0734
MAC004655,13.0,0.0806
MAC004655,13.5,0.0907
MAC004655,14.0,0.0758
MAC004655,14.5,0.0799
MAC004655,15.0,0.0839
MAC004655,15.5,0.0827
MAC004655,16.0,0.0793
MAC004655,16.5,0.0905
MAC004655,17.0,0.0968
MAC004655,17.5,0.1145
MAC004655,18.0,0.1201
MAC004655,18.5,0.1213
MAC004655,19.0,0.1398
MAC004655,19.5,0.162
MAC004655,20.0,0.1693
MAC004655,20.5,0.1522
MAC004655,21.0,0.1434
MAC004655,21.5,0.1176
MAC004655,22.0,0.0911
MAC004655,22.5,0.0579
MAC004655,23.0,0.0457
MAC004655,23.5,0.0404
MAC004660,0.0,0.1469
MAC004660,0.5,0.1456
MAC004660,1.0,0.1411
MAC004660,1.5,0.1454
MAC004660,2.0,0.1419
MAC004660,2.5,0.1487
MAC004660,3.0,0.1382
MAC004660,3.5,0.1458
MAC004660,4.0,0.2598
MAC004660,4.5,0.6605
MAC004660,5.0,1.2635
MAC004660,5.5,1.206
MAC004660,6.0,1.3822
MAC004660,6.5,1.1933
MAC004660,7.0,0.9289
MAC004660,7.5,0.7475
MAC004660,8.0,0.5959
MAC004660,8.5,0.5379
MAC004660,9.0,0.5356
MAC004660,9.5,0.5868
MAC004660,10.0,0.6482
MAC004660,10.5,0.9052
MAC004660,11.0,1.2331
MAC004660,11.5,1.0252
MAC004660,12.0,0.9153
MAC004660,12.5,0.6325
MAC004660,13.0,0.5152
MAC004660,13.5,0.5185
MAC004660,14.0,0.4493
MAC004660,14.5,0.4186
MAC004660,15.0,0.4195
MAC004660,15.5,0.3996
MAC004660,16.0,0.407
MAC004660,16.5,0.4296
MAC004660,17.0,0.4738
MAC004660,17.5,0.5149
MAC004660,18.0,0.4617
MAC004660,18.5,0.4465
MAC004660,19.0,0.392
MAC004660,19.5,0.3359
MAC004660,20.0,0.3131
MAC004660,20.5,0.2495
MAC004660,21.0,0.1935
MAC004660,21.5,0.1823
MAC004660,22.0,0.1741
MAC004660,22.5,0.1557
MAC004660,23.0,0.1554
MAC004660,23.5,0.1474
MAC004667,0.0,0.0403
MAC004667,0.5,0.04
MAC004667,1.0,0.0423
MAC004667,1.5,0.0422
MAC004667,2.0,0.0432
MAC004667,2.5,0.0435
MAC004667,3.0,0.0406
MAC004667,3.5,0.0441
MAC004667,4.0,0.0564
MAC004667,4.5,0.0825
MAC004667,5.0,0.098
MAC004667,5.5,0.098
MAC004667,6.0,0.0937
MAC004667,6.5,0.0767
MAC004667,7.0,0.0676
MAC004667,7.5,0.0696
MAC004667,8.0,0.0599
MAC004667,8.5,0.0613
MAC004667,9.0,0.0606
MAC004667,9.5,0.0613
MAC004667,10.0,0.0629
MAC004667,10.5,0.0651
MAC004667,11.0,0.0633
MAC004667,11.5,0.0602
MAC004667,12.0,0.0548
MAC004667,12.5,0.0572
MAC004667,13.0,0.0561
MAC004667,13.5,0.0762
MAC004667,14.0,0.068
MAC004667,14.5,0.0594
MAC004667,15.0,0.0836
MAC004667,15.5,0.1621
MAC004667,16.0,0.3239
MAC004667,16.5,0.226
MAC004667,17.0,0.2376
MAC004667,17.5,0.166
MAC004667,18.0,0.1129
MAC004667,18.5,0.103
MAC004667,19.0,0.0961
MAC004667,19.5,0.0857
MAC004667,20.0,0.0762
MAC004667,20.5,0.0662
MAC004667,21.0,0.0535
MAC004667,21.5,0.0469
MAC004667,22.0,0.0411
MAC004667,22.5,0.0405
MAC004667,23.0,0.043
MAC004667,23.5,0.0435
MAC004668,0.0,0.0665
MAC004668,0.5,0.0675
MAC004668,1.0,0.0662
MAC004668,1.5,0.0651
MAC004668,2.0,0.064
MAC004668,2.5,0.0677
MAC004668,3.0,0.0624
MAC004668,3.5,0.0672
MAC004668,4.0,0.0686
MAC004668,4.5,0.0767
MAC004668,5.0,0.1392
MAC004668,5.5,0.1954
MAC004668,6.0,0.1748
MAC004668,6.5,0.1766
MAC004668,7.0,0.1626
MAC004668,7.5,0.1492
MAC004668,8.0,0.1475
MAC004668,8.5,0.1212
MAC004668,9.0,0.1196
MAC004668,9.5,0.1379
MAC004668,10.0,0.14
MAC004668,10.5,0.1901
MAC004668,11.0,0.1563
MAC004668,11.5,0.1611
MAC004668,12.0,0.1287
MAC004668,12.5,0.1372
MAC004668,13.0,0.1256
MAC004668,13.5,0.1178
MAC004668,14.0,0.1186
MAC004668,14.5,0.1276
MAC004668,15.0,0.1652
MAC004668,15.5,0.2063
MAC004668,16.0,0.2519
MAC004668,16.5,0.2844
MAC004668,17.0,0.2955
MAC004668,17.5,0.3069
MAC004668,18.0,0.2909
MAC004668,18.5,0.2493
MAC004668,19.0,0.2267
MAC004668,19.5,0.2129
MAC004668,20.0,0.2252
MAC004668,20.5,0.2
MAC004668,21.0,0.198
MAC004668,21.5,0.1514
MAC004668,22.0,0.1205
MAC004668,22.5,0.0948
MAC004668,23.0,0.0807
MAC004668,23.5,0.0801
MAC004686,0.0,0.1876
MAC004686,0.5,0.1756
MAC004686,1.0,0.1668
MAC004686,1.5,0.1607
MAC004686,2.0,0.1611
MAC004686,2.5,0.1558
MAC004686,3.0,0.1609
MAC004686,3.5,0.1602
MAC004686,4.0,0.1842
MAC004686,4.5,0.1887
MAC004686,5.0,0.2324
MAC004686,5.5,0.2712
MAC004686,6.0,0.3098
MAC004686,6.5,0.3465
MAC004686,7.0,0.3243
MAC004686,7.5,0.3122
MAC004686,8.0,0.2703
MAC004686,8.5,0.2344
MAC004686,9.0,0.2228
MAC004686,9.5,0.2052
MAC004686,10.0,0.2027
MAC004686,10.5,0.2197
MAC004686,11.0,0.2124
MAC004686,11.5,0.2235
MAC004686,12.0,0.2097
MAC004686,12.5,0.212
MAC004686,13.0,0.2067
MAC004686,13.5,0.2231
MAC004686,14.0,0.2235
MAC004686,14.5,0.2337
MAC004686,15.0,0.2324
MAC004686,15.5,0.2535
MAC004686,16.0,0.2732
MAC004686,16.5,0.2941
MAC004686,17.0,0.3089
MAC004686,17.5,0.3502
MAC004686,18.0,0.3535
MAC004686,18.5,0.3589
MAC004686,19.0,0.3576
MAC004686,19.5,0.3402
MAC004686,20.0,0.3493
MAC004686,20.5,0.3262
MAC004686,21.0,0.3014
MAC004686,21.5,0.2974
MAC004686,22.0,0.246
MAC004686,22.5,0.2241
MAC004686,23.0,0.2174
MAC004686,23.5,0.1978
MAC004701,0.0,0.1527
MAC004701,0.5,0.1458
MAC004701,1.0,0.1427
MAC004701,1.5,0.1413
MAC004701,2.0,0.1428
MAC004701,2.5,0.1425
MAC004701,3.0,0.1388
MAC004701,3.5,0.1434
MAC004701,4.0,0.1428
MAC004701,4.5,0.1375
MAC004701,5.0,0.1415
MAC004701,5.5,0.1583
MAC004701,6.0,0.235
MAC004701,6.5,0.2735
MAC004701,7.0,0.2874
MAC004701,7.5,0.3635
MAC004701,8.0,0.3842
MAC004701,8.5,0.3765
MAC004701,9.0,0.3759
MAC004701,9.5,0.3794
MAC004701,10.0,0.3982
MAC004701,10.5,0.3354
MAC004701,11.0,0.3516
MAC004701,11.5,0.3363
MAC004701,12.0,0.37
MAC004701,12.5,0.3522
MAC004701,13.0,0.3105
MAC004701,13.5,0.3066
MAC004701,14.0,0.305
MAC004701,14.5,0.3171
MAC004701,15.0,0.3073
MAC004701,15.5,0.3328
MAC004701,16.0,0.3604
MAC004701,16.5,0.4134
MAC004701,17.0,0.6089
MAC004701,17.5,0.7516
MAC004701,18.0,0.9057
MAC004701,18.5,0.79
MAC004701,19.0,0.6992
MAC004701,19.5,0.5541
MAC004701,20.0,0.5033
MAC004701,20.5,0.4662
MAC004701,21.0,0.4422
MAC004701,21.5,0.4303
MAC004701,22.0,0.3821
MAC004701,22.5,0.3248
MAC004701,23.0,0.229
MAC004701,23.5,0.1688
MAC004709,0.0,0.2099
MAC004709,0.5,0.186
MAC004709,1.0,0.1676
MAC004709,1.5,0.1502
MAC004709,2.0,0.1213
MAC004709,2.5,0.1111
MAC004709,3.0,0.0902
MAC004709,3.5,0.0709
MAC004709,4.0,0.0712
MAC004709,4.5,0.0713
MAC004709,5.0,0.0687
MAC004709,5.5,0.0737
MAC004709,6.0,0.0723
MAC004709,6.5,0.0702
MAC004709,7.0,0.0684
MAC004709,7.5,0.0678
MAC004709,8.0,0.0688
MAC004709,8.5,0.0609
MAC004709,9.0,0.0593
MAC004709,9.5,0.0671
MAC004709,10.0,0.069
MAC004709,10.5,0.0805
MAC004709,11.0,0.0876
MAC004709,11.5,0.1122
MAC004709,12.0,0.1285
MAC004709,12.5,0.1389
MAC004709,13.0,0.1628
MAC004709,13.5,0.1711
MAC004709,14.0,0.1821
MAC004709,14.5,0.1975
MAC004709,15.0,0.2141
MAC004709,15.5,0.2178
MAC004709,16.0,0.214
MAC004709,16.5,0.1969
MAC004709,17.0,0.1861
MAC004709,17.5,0.1976
MAC004709,18.0,0.1984
MAC004709,18.5,0.2115
MAC004709,19.0,0.2314
MAC004709,19.5,0.2426
MAC004709,20.0,0.2594
MAC004709,20.5,0.2585
MAC004709,21.0,0.26
MAC004709,21.5,0.239
MAC004709,22.0,0.2247
MAC004709,22.5,0.2248
MAC004709,23.0,0.2178
MAC004709,23.5,0.22
MAC004710,0.0,0.2112
MAC004710,0.5,0.1852
MAC004710,1.0,0.1708
MAC004710,1.5,0.1589
MAC004710,2.0,0.1566
MAC004710,2.5,0.1528
MAC004710,3.0,0.1564
MAC004710,3.5,0.1523
MAC004710,4.0,0.1577
MAC004710,4.5,0.2665
MAC004710,5.0,0.2496
MAC004710,5.5,0.3612
MAC004710,6.0,0.5344
MAC004710,6.5,0.5317
MAC004710,7.0,0.5354
MAC004710,7.5,0.3357
MAC004710,8.0,0.3079
MAC004710,8.5,0.2891
MAC004710,9.0,0.2967
MAC004710,9.5,0.2964
MAC004710,10.0,0.2967
MAC004710,10.5,0.2983
MAC004710,11.0,0.2799
MAC004710,11.5,0.2713
MAC004710,12.0,0.2732
MAC004710,12.5,0.2562
MAC004710,13.0,0.2474
MAC004710,13.5,0.2397
MAC004710,14.0,0.2467
MAC004710,14.5,0.276
MAC004710,15.0,0.2959
MAC004710,15.5,0.3745
MAC004710,16.0,0.4229
MAC004710,16.5,0.5255
MAC004710,17.0,0.5878
MAC004710,17.5,0.68
MAC004710,18.0,0.7642
MAC004710,18.5,0.8209
MAC004710,19.0,0.9291
MAC004710,19.5,0.9472
MAC004710,20.0,0.9619
MAC004710,20.5,0.9928
MAC004710,21.0,0.9492
MAC004710,21.5,0.7951
MAC004710,22.0,0.6208
MAC004710,22.5,0.4747
MAC004710,23.0,0.3606
MAC004710,23.5,0.2659
MAC004719,0.0,0.335
MAC004719,0.5,0.2076
MAC004719,1.0,0.1703
MAC004719,1.5,0.1375
MAC004719,2.0,0.1054
MAC004719,2.5,0.1117
MAC004719,3.0,0.1096
MAC004719,3.5,0.1227
MAC004719,4.0,0.129
MAC004719,4.5,0.1312
MAC004719,5.0,0.1272
MAC004719,5.5,0.1426
MAC004719,6.0,0.2751
MAC004719,6.5,0.3611
MAC004719,7.0,0.4077
MAC004719,7.5,0.5425
MAC004719,8.0,0.5819
MAC004719,8.5,0.5612
MAC004719,9.0,0.4414
MAC004719,9.5,0.3527
MAC004719,10.0,0.2761
MAC004719,10.5,0.2455
MAC004719,11.0,0.3177
MAC004719,11.5,0.3779
MAC004719,12.0,0.3776
MAC004719,12.5,0.3401
MAC004719,13.0,0.3195
MAC004719,13.5,0.3136
MAC004719,14.0,0.2919
MAC004719,14.5,0.2912
MAC004719,15.0,0.2805
MAC004719,15.5,0.3028
MAC004719,16.0,0.3546
MAC004719,16.5,0.3853
MAC004719,17.0,0.5254
MAC004719,17.5,0.7921
MAC004719,18.0,0.9845
MAC004719,18.5,0.9902
MAC004719,19.0,0.8636
MAC004719,19.5,0.696
MAC004719,20.0,0.682
MAC004719,20.5,0.6556
MAC004719,21.0,0.7239
MAC004719,21.5,0.7332
MAC004719,22.0,0.8841
MAC004719,22.5,0.88
MAC004719,23.0,0.6703
MAC004719,23.5,0.5161
MAC004751,0.0,0.4353
MAC004751,0.5,0.3833
MAC004751,1.0,0.3599
MAC004751,1.5,0.334
MAC004751,2.0,0.3193
MAC004751,2.5,0.3123
MAC004751,3.0,0.3116
MAC004751,3.5,0.3133
MAC004751,4.0,0.3131
MAC004751,4.5,0.3105
MAC004751,5.0,0.3114
MAC004751,5.5,0.315
MAC004751,6.0,0.5307
MAC004751,6.5,0.6243
MAC004751,7.0,0.6787
MAC004751,7.5,0.7296
MAC004751,8.0,0.6362
MAC004751,8.5,0.4956
MAC004751,9.0,0.4629
MAC004751,9.5,0.5032
MAC004751,10.0,0.5391
MAC004751,10.5,0.5865
MAC004751,11.0,0.6343
MAC004751,11.5,0.6312
MAC004751,12.0,0.6401
MAC004751,12.5,0.5816
MAC004751,13.0,0.5884
MAC004751,13.5,0.5732
MAC004751,14.0,0.4945
MAC004751,14.5,0.4643
MAC004751,15.0,0.4721
MAC004751,15.5,0.4665
MAC004751,16.0,0.4883
MAC004751,16.5,0.5009
MAC004751,17.0,0.5138
MAC004751,17.5,0.598
MAC004751,18.0,0.7378
MAC004751,18.5,0.9202
MAC004751,19.0,1.0843
MAC004751,19.5,0.9616
MAC004751,20.0,0.895
MAC004751,20.5,0.8174
MAC004751,21.0,0.7223
MAC004751,21.5,0.6908
MAC004751,22.0,0.6206
MAC004751,22.5,0.543
MAC004751,23.0,0.5464
MAC004751,23.5,0.4825
MAC004795,0.0,0.2308
MAC004795,0.5,0.1897
MAC004795,1.0,0.1676
MAC004795,1.5,0.1532
MAC004795,2.0,0.1505
MAC004795,2.5,0.1482
MAC004795,3.0,0.146
MAC004795,3.5,0.1465
MAC004795,4.0,0.1783
MAC004795,4.5,0.2606
MAC004795,5.0,0.2733
MAC004795,5.5,0.3244
MAC004795,6.0,0.3532
MAC004795,6.5,0.38
MAC004795,7.0,0.4196
MAC004795,7.5,0.44
MAC004795,8.0,0.4529
MAC004795,8.5,0.4955
MAC004795,9.0,0.4496
MAC004795,9.5,0.4536
MAC004795,10.0,0.44
MAC004795,10.5,0.4121
MAC004795,11.0,0.4083
MAC004795,11.5,0.4172
MAC004795,12.0,0.4249
MAC004795,12.5,0.4124
MAC004795,13.0,0.4556
MAC004795,13.5,0.4241
MAC004795,14.0,0.3706
MAC004795,14.5,0.4007
MAC004795,15.0,0.4194
MAC004795,15.5,0.3967
MAC004795,16.0,0.4119
MAC004795,16.5,0.4451
MAC004795,17.0,0.4514
MAC004795,17.5,0.4518
MAC004795,18.0,0.4613
MAC004795,18.5,0.4732
MAC004795,19.0,0.5015
MAC004795,19.5,0.4631
MAC004795,20.0,0.5015
MAC004795,20.5,0.4677
MAC004795,21.0,0.5208
MAC004795,21.5,0.4872
MAC004795,22.0,0.5191
MAC004795,22.5,0.4506
MAC004795,23.0,0.3881
MAC004795,23.5,0.3029
MAC004801,0.0,0.0822
MAC004801,0.5,0.0824
MAC004801,1.0,0.0838
MAC004801,1.5,0.0841
MAC004801,2.0,0.0818
MAC004801,2.5,0.0825
MAC004801,3.0,0.0809
MAC004801,3.5,0.083
MAC004801,4.0,0.0801
MAC004801,4.5,0.0845
MAC004801,5.0,0.093
MAC004801,5.5,0.1002
MAC004801,6.0,0.1589
MAC004801,6.5,0.2106
MAC004801,7.0,0.2188
MAC004801,7.5,0.2269
MAC004801,8.0,0.2377
MAC004801,8.5,0.2214
MAC004801,9.0,0.2156
MAC004801,9.5,0.1862
MAC004801,10.0,0.179
MAC004801,10.5,0.1628
MAC004801,11.0,0.1712
MAC004801,11.5,0.2012
MAC004801,12.0,0.2313
MAC004801,12.5,0.2663
MAC004801,13.0,0.2591
MAC004801,13.5,0.2647
MAC004801,14.0,0.2381
MAC004801,14.5,0.2254
MAC004801,15.0,0.2385
MAC004801,15.5,0.2468
MAC004801,16.0,0.2716
MAC004801,16.5,0.3184
MAC004801,17.0,0.3916
MAC004801,17.5,0.4465
MAC004801,18.0,0.4881
MAC004801,18.5,0.5096
MAC004801,19.0,0.5375
MAC004801,19.5,0.5491
MAC004801,20.0,0.5245
MAC004801,20.5,0.4489
MAC004801,21.0,0.3932
MAC004801,21.5,0.3138
MAC004801,22.0,0.214
MAC004801,22.5,0.1547
MAC004801,23.0,0.112
MAC004801,23.5,0.0869
MAC004832,0.0,0.0974
MAC004832,0.5,0.0919
MAC004832,1.0,0.0887
MAC004832,1.5,0.0863
MAC004832,2.0,0.0854
MAC004832,2.5,0.0832
MAC004832,3.0,0.0904
MAC004832,3.5,0.1243
MAC004832,4.0,0.1681
MAC004832,4.5,0.2256
MAC004832,5.0,0.3045
MAC004832,5.5,0.3838
MAC004832,6.0,0.4137
MAC004832,6.5,0.5232
MAC004832,7.0,0.6651
MAC004832,7.5,0.7443
MAC004832,8.0,0.7095
MAC004832,8.5,0.607
MAC004832,9.0,0.4982
MAC004832,9.5,0.3638
MAC004832,10.0,0.3314
MAC004832,10.5,0.3772
MAC004832,11.0,0.4455
MAC004832,11.5,0.462
MAC004832,12.0,0.4742
MAC004832,12.5,0.436
MAC004832,13.0,0.4652
MAC004832,13.5,0.4631
MAC004832,14.0,0.483
MAC004832,14.5,0.6764
MAC004832,15.0,0.8422
MAC004832,15.5,0.8215
MAC004832,16.0,0.7784
MAC004832,16.5,0.5587
MAC004832,17.0,0.4753
MAC004832,17.5,0.4779
MAC004832,18.0,0.5396
MAC004832,18.5,0.5238
MAC004832,19.0,0.546
MAC004832,19.5,0.5089
MAC004832,20.0,0.4846
MAC004832,20.5,0.4477
MAC004832,21.0,0.4327
MAC004832,21.5,0.3989
MAC004832,22.0,0.3391
MAC004832,22.5,0.2755
MAC004832,23.0,0.2052
MAC004832,23.5,0.1452
MAC004851,0.0,0.2896
MAC004851,0.5,0.2155
MAC004851,1.0,0.163
MAC004851,1.5,0.1491
MAC004851,2.0,0.1403
MAC004851,2.5,0.1319
MAC004851,3.0,0.1255
MAC004851,3.5,0.1191
MAC004851,4.0,0.1219
MAC004851,4.5,0.1471
MAC004851,5.0,0.2013
MAC004851,5.5,0.2583
MAC004851,6.0,0.4004
MAC004851,6.5,0.4538
MAC004851,7.0,0.5287
MAC004851,7.5,0.4928
MAC004851,8.0,0.4708
MAC004851,8.5,0.4404
MAC004851,9.0,0.4968
MAC004851,9.5,0.4962
MAC004851,10.0,0.4638
MAC004851,10.5,0.4979
MAC004851,11.0,0.4703
MAC004851,11.5,0.4908
MAC004851,12.0,0.4938
MAC004851,12.5,0.5589
MAC004851,13.0,0.5673
MAC004851,13.5,0.5164
MAC004851,14.0,0.5724
MAC004851,14.5,0.6457
MAC004851,15.0,0.6611
MAC004851,15.5,0.7568
MAC004851,16.0,0.7886
MAC004851,16.5,0.7759
MAC004851,17.0,0.7119
MAC004851,17.5,0.6338
MAC004851,18.0,0.664
MAC004851,18.5,0.6795
MAC004851,19.0,0.6496
MAC004851,19.5,0.6735
MAC004851,20.0,0.7069
MAC004851,20.5,0.7352
MAC004851,21.0,0.6814
MAC004851,21.5,0.6695
MAC004851,22.0,0.6154
MAC004851,22.5,0.5281
MAC004851,23.0,0.4461
MAC004851,23.5,0.3647
MAC004867,0.0,0.0786
MAC004867,0.5,0.0793
MAC004867,1.0,0.0733
MAC004867,1.5,0.0742
MAC004867,2.0,0.0766
MAC004867,2.5,0.0716
MAC004867,3.0,0.0883
MAC004867,3.5,0.1438
MAC004867,4.0,0.1934
MAC004867,4.5,0.2634
MAC004867,5.0,0.361
MAC004867,5.5,0.3874
MAC004867,6.0,0.4318
MAC004867,6.5,0.4221
MAC004867,7.0,0.423
MAC004867,7.5,0.3814
MAC004867,8.0,0.3596
MAC004867,8.5,0.3581
MAC004867,9.0,0.3427
MAC004867,9.5,0.3446
MAC004867,10.0,0.3131
MAC004867,10.5,0.3206
MAC004867,11.0,0.2891
MAC004867,11.5,0.2816
MAC004867,12.0,0.2867
MAC004867,12.5,0.2764
MAC004867,13.0,0.2889
MAC004867,13.5,0.2832
MAC004867,14.0,0.2945
MAC004867,14.5,0.2994
MAC004867,15.0,0.3027
MAC004867,15.5,0.304
MAC004867,16.0,0.3002
MAC004867,16.5,0.2887
MAC004867,17.0,0.2975
MAC004867,17.5,0.2905
MAC004867,18.0,0.3025
MAC004867,18.5,0.3033
MAC004867,19.0,0.3028
MAC004867,19.5,0.2838
MAC004867,20.0,0.2161
MAC004867,20.5,0.157
MAC004867,21.0,0.0957
MAC004867,21.5,0.0904
MAC004867,22.0,0.0889
MAC004867,22.5,0.0897
MAC004867,23.0,0.0862
MAC004867,23.5,0.0853
MAC004909,0.0,1.1588
MAC004909,0.5,1.1572
MAC004909,1.0,0.9965
MAC004909,1.5,0.8245
MAC004909,2.0,0.6072
MAC004909,2.5,0.4319
MAC004909,3.0,0.259
MAC004909,3.5,0.1733
MAC004909,4.0,0.1751
MAC004909,4.5,0.2001
MAC004909,5.0,0.1552
MAC004909,5.5,0.217
MAC004909,6.0,0.5556
MAC004909,6.5,0.7644
MAC004909,7.0,1.1602
MAC004909,7.5,1.2459
MAC004909,8.0,1.3056
MAC004909,8.5,1.0214
MAC004909,9.0,0.7571
MAC004909,9.5,0.4917
MAC004909,10.0,0.2858
MAC004909,10.5,0.2115
MAC004909,11.0,0.1819
MAC004909,11.5,0.2404
MAC004909,12.0,0.3896
MAC004909,12.5,0.428
MAC004909,13.0,0.5326
MAC004909,13.5,0.6553
MAC004909,14.0,0.7621
MAC004909,14.5,0.8136
MAC004909,15.0,0.7272
MAC004909,15.5,0.7107
MAC004909,16.0,0.4887
MAC004909,16.5,0.4505
MAC004909,17.0,0.4716
MAC004909,17.5,0.5105
MAC004909,18.0,0.4924
MAC004909,18.5,0.5641
MAC004909,19.0,0.7475
MAC004909,19.5,0.9018
MAC004909,20.0,1.0403
MAC004909,20.5,1.0783
MAC004909,21.0,1.0461
MAC004909,21.5,0.9174
MAC004909,22.0,0.7242
MAC004909,22.5,0.5573
MAC004909,23.0,0.3764
MAC004909,23.5,0.7162
MAC004918,0.0,0.1177
MAC004918,0.5,0.0989
MAC004918,1.0,0.0863
MAC004918,1.5,0.0843
MAC004918,2.0,0.0826
MAC004918,2.5,0.0782
MAC004918,3.0,0.0803
MAC004918,3.5,0.0819
MAC004918,4.0,0.0806
MAC004918,4.5,0.0786
MAC004918,5.0,0.0814
MAC004918,5.5,0.0933
MAC004918,6.0,0.1066
MAC004918,6.5,0.183
MAC004918,7.0,0.1839
MAC004918,7.5,0.2307
MAC004918,8.0,0.2507
MAC004918,8.5,0.2212
MAC004918,9.0,0.2498
MAC004918,9.5,0.2448
MAC004918,10.0,0.2613
MAC004918,10.5,0.2452
MAC004918,11.0,0.2523
MAC004918,11.5,0.2577
MAC004918,12.0,0.2355
MAC004918,12.5,0.2866
MAC004918,13.0,0.2967
MAC004918,13.5,0.2615
MAC004918,14.0,0.2586
MAC004918,14.5,0.2599
MAC004918,15.0,0.2448
MAC004918,15.5,0.2678
MAC004918,16.0,0.3049
MAC004918,16.5,0.3323
MAC004918,17.0,0.374
MAC004918,17.5,0.4202
MAC004918,18.0,0.4908
MAC004918,18.5,0.4848
MAC004918,19.0,0.454
MAC004918,19.5,0.4128
MAC004918,20.0,0.3966
MAC004918,20.5,0.3867
MAC004918,21.0,0.3833
MAC004918,21.5,0.3398
MAC004918,22.0,0.3009
MAC004918,22.5,0.2274
MAC004918,23.0,0.183
MAC004918,23.5,0.1412
MAC004921,0.0,0.0763
MAC004921,0.5,0.0727
MAC004921,1.0,0.0725
MAC004921,1.5,0.0714
MAC004921,2.0,0.0723
MAC004921,2.5,0.0699
MAC004921,3.0,0.0731
MAC004921,3.5,0.0759
MAC004921,4.0,0.7273
MAC004921,4.5,0.6645
MAC004921,5.0,0.5588
MAC004921,5.5,0.4501
MAC004921,6.0,0.3044
MAC004921,6.5,0.2682
MAC004921,7.0,0.2389
MAC004921,7.5,0.1971
MAC004921,8.0,0.217
MAC004921,8.5,0.2626
MAC004921,9.0,0.3121
MAC004921,9.5,0.2571
MAC004921,10.0,0.3168
MAC004921,10.5,0.2621
MAC004921,11.0,0.2944
MAC004921,11.5,0.2975
MAC004921,12.0,0.3539
MAC004921,12.5,0.393
MAC004921,13.0,0.4916
MAC004921,13.5,0.5168
MAC004921,14.0,0.4989
MAC004921,14.5,0.4156
MAC004921,15.0,0.3618
MAC004921,15.5,0.393
MAC004921,16.0,0.4101
MAC004921,16.5,0.4633
MAC004921,17.0,0.4605
MAC004921,17.5,0.4513
MAC004921,18.0,0.4291
MAC004921,18.5,0.4498
MAC004921,19.0,0.4104
MAC004921,19.5,0.4292
MAC004921,20.0,0.3952
MAC004921,20.5,0.3687
MAC004921,21.0,0.3447
MAC004921,21.5,0.2729
MAC004921,22.0,0.2195
MAC004921,22.5,0.1544
MAC004921,23.0,0.1035
MAC004921,23.5,0.0843
MAC004924,0.0,0.1231
MAC004924,0.5,0.1096
MAC004924,1.0,0.1093
MAC004924,1.5,0.1174
MAC004924,2.0,0.1035
MAC004924,2.5,0.1091
MAC004924,3.0,0.11
MAC004924,3.5,0.1061
MAC004924,4.0,0.1095
MAC004924,4.5,0.1046
MAC004924,5.0,0.1137
MAC004924,5.5,0.15
MAC004924,6.0,0.2952
MAC004924,6.5,0.2904
MAC004924,7.0,0.3486
MAC004924,7.5,0.4491
MAC004924,8.0,0.4586
MAC004924,8.5,0.3923
MAC004924,9.0,0.3488
MAC004924,9.5,0.2706
MAC004924,10.0,0.2677
MAC004924,10.5,0.2408
MAC004924,11.0,0.2653
MAC004924,11.5,0.2761
MAC004924,12.0,0.2679
MAC004924,12.5,0.2345
MAC004924,13.0,0.2343
MAC004924,13.5,0.2159
MAC004924,14.0,0.2125
MAC004924,14.5,0.2128
MAC004924,15.0,0.2374
MAC004924,15.5,0.2785
MAC004924,16.0,0.304
MAC004924,16.5,0.3395
MAC004924,17.0,0.3447
MAC004924,17.5,0.3616
MAC004924,18.0,0.3462
MAC004924,18.5,0.3126
MAC004924,19.0,0.311
MAC004924,19.5,0.3036
MAC004924,20.0,0.3101
MAC004924,20.5,0.3032
MAC004924,21.0,0.2477
MAC004924,21.5,0.2056
MAC004924,22.0,0.1505
MAC004924,22.5,0.1368
MAC004924,23.0,0.1235
MAC004924,23.5,0.1163
MAC004932,0.0,0.3605
MAC004932,0.5,0.3303
MAC004932,1.0,0.3102
MAC004932,1.5,0.2964
MAC004932,2.0,0.2866
MAC004932,2.5,0.283
MAC004932,3.0,0.2812
MAC004932,3.5,0.2918
MAC004932,4.0,0.3244
MAC004932,4.5,0.6886
MAC004932,5.0,0.4244
MAC004932,5.5,0.6228
MAC004932,6.0,0.3882
MAC004932,6.5,0.4035
MAC004932,7.0,0.4882
MAC004932,7.5,0.5605
MAC004932,8.0,0.6699
MAC004932,8.5,0.7008
MAC004932,9.0,0.6322
MAC004932,9.5,0.598
MAC004932,10.0,0.5958
MAC004932,10.5,0.5569
MAC004932,11.0,0.5634
MAC004932,11.5,0.5025
MAC004932,12.0,0.5107
MAC004932,12.5,0.5095
MAC004932,13.0,0.4924
MAC004932,13.5,0.5008
MAC004932,14.0,0.505
MAC004932,14.5,0.554
MAC004932,15.0,0.5589
MAC004932,15.5,0.5143
MAC004932,16.0,0.5427
MAC004932,16.5,0.7198
MAC004932,17.0,0.6639
MAC004932,17.5,0.7223
MAC004932,18.0,0.5687
MAC004932,18.5,0.5534
MAC004932,19.0,0.5186
MAC004932,19.5,0.5547
MAC004932,20.0,0.5957
MAC004932,20.5,0.5782
MAC004932,21.0,0.6196
MAC004932,21.5,0.5324
MAC004932,22.0,0.5265
MAC004932,22.5,0.4611
MAC004932,23.0,0.4346
MAC004932,23.5,0.3906
MAC004955,0.0,0.2103
MAC004955,0.5,0.2054
MAC004955,1.0,0.2044
MAC004955,1.5,0.2064
MAC004955,2.0,0.2044
MAC004955,2.5,0.2057
MAC004955,3.0,0.2069
MAC004955,3.5,0.2057
MAC004955,4.0,0.2055
MAC004955,4.5,0.2047
MAC004955,5.0,0.2057
MAC004955,5.5,0.2595
MAC004955,6.0,0.2521
MAC004955,6.5,0.2835
MAC004955,7.0,0.424
MAC004955,7.5,0.3801
MAC004955,8.0,0.4428
MAC004955,8.5,0.4624
MAC004955,9.0,0.3486
MAC004955,9.5,0.3835
MAC004955,10.0,0.376
MAC004955,10.5,0.3759
MAC004955,11.0,0.406
MAC004955,11.5,0.413
MAC004955,12.0,0.4118
MAC004955,12.5,0.5631
MAC004955,13.0,0.4687
MAC004955,13.5,0.4555
MAC004955,14.0,0.4085
MAC004955,14.5,0.4055
MAC004955,15.0,0.4139
MAC004955,15.5,0.4561
MAC004955,16.0,0.5124
MAC004955,16.5,0.5694
MAC004955,17.0,0.765
MAC004955,17.5,0.8425
MAC004955,18.0,0.8729
MAC004955,18.5,0.8875
MAC004955,19.0,0.8335
MAC004955,19.5,0.6099
MAC004955,20.0,0.6396
MAC004955,20.5,0.5155
MAC004955,21.0,0.446
MAC004955,21.5,0.3926
MAC004955,22.0,0.3322
MAC004955,22.5,0.2651
MAC004955,23.0,0.2314
MAC004955,23.5,0.211
MAC004958,0.0,4.3975
MAC004958,0.5,3.2054
MAC004958,1.0,2.281
MAC004958,1.5,1.8092
MAC004958,2.0,1.5526
MAC004958,2.5,1.3993
MAC004958,3.0,1.2326
MAC004958,3.5,1.175
MAC004958,4.0,1.0941
MAC004958,4.5,1.0333
MAC004958,5.0,1.0344
MAC004958,5.5,1.022
MAC004958,6.0,1.022
MAC004958,6.5,0.3367
MAC004958,7.0,0.398
MAC004958,7.5,0.4387
MAC004958,8.0,0.419
MAC004958,8.5,0.388
MAC004958,9.0,0.3837
MAC004958,9.5,0.5124
MAC004958,10.0,0.6688
MAC004958,10.5,0.7034
MAC004958,11.0,0.7868
MAC004958,11.5,0.8522
MAC004958,12.0,0.9431
MAC004958,12.5,0.9572
MAC004958,13.0,0.8746
MAC004958,13.5,0.7973
MAC004958,14.0,0.8013
MAC004958,14.5,0.807
MAC004958,15.0,0.6905
MAC004958,15.5,0.9015
MAC004958,16.0,0.9256
MAC004958,16.5,0.8591
MAC004958,17.0,0.8863
MAC004958,17.5,0.9141
MAC004958,18.0,1.0434
MAC004958,18.5,1.1721
MAC004958,19.0,1.3424
MAC004958,19.5,1.4582
MAC004958,20.0,1.6129
MAC004958,20.5,1.7351
MAC004958,21.0,1.9061
MAC004958,21.5,1.5732
MAC004958,22.0,1.1399
MAC004958,22.5,0.7791
MAC004958,23.0,0.5753
MAC004958,23.5,4.6069
MAC004971,0.0,0.0826
MAC004971,0.5,0.0831
MAC004971,1.0,0.0788
MAC004971,1.5,0.0751
MAC004971,2.0,0.0784
MAC004971,2.5,0.077
MAC004971,3.0,0.0755
MAC004971,3.5,0.0744
MAC004971,4.0,0.095
MAC004971,4.5,0.1565
MAC004971,5.0,0.1631
MAC004971,5.5,0.2259
MAC004971,6.0,0.2949
MAC004971,6.5,0.3148
MAC004971,7.0,0.338
MAC004971,7.5,0.3018
MAC004971,8.0,0.3003
MAC004971,8.5,0.2633
MAC004971,9.0,0.2694
MAC004971,9.5,0.2684
MAC004971,10.0,0.2859
MAC004971,10.5,0.3055
MAC004971,11.0,0.3511
MAC004971,11.5,0.3433
MAC004971,12.0,0.3278
MAC004971,12.5,0.3263
MAC004971,13.0,0.3311
MAC004971,13.5,0.3449
MAC004971,14.0,0.342
MAC004971,14.5,0.3303
MAC004971,15.0,0.3267
MAC004971,15.5,0.3705
MAC004971,16.0,0.3543
MAC004971,16.5,0.3457
MAC004971,17.0,0.3517
MAC004971,17.5,0.3422
MAC004971,18.0,0.3349
MAC004971,18.5,0.328
MAC004971,19.0,0.3339
MAC004971,19.5,0.3361
MAC004971,20.0,0.3278
MAC004971,20.5,0.3162
MAC004971,21.0,0.292
MAC004971,21.5,0.231
MAC004971,22.0,0.1859
MAC004971,22.5,0.1534
MAC004971,23.0,0.1241
MAC004971,23.5,0.0935
MAC004979,0.0,0.106
MAC004979,0.5,0.0889
MAC004979,1.0,0.0787
MAC004979,1.5,0.0716
MAC004979,2.0,0.0719
MAC004979,2.5,0.0688
MAC004979,3.0,0.0674
MAC004979,3.5,0.0658
MAC004979,4.0,0.0703
MAC004979,4.5,0.0757
MAC004979,5.0,0.0876
MAC004979,5.5,0.1088
MAC004979,6.0,0.1389
MAC004979,6.5,0.1637
MAC004979,7.0,0.1764
MAC004979,7.5,0.191
MAC004979,8.0,0.2065
MAC004979,8.5,0.2389
MAC004979,9.0,0.2706
MAC004979,9.5,0.2865
MAC004979,10.0,0.2767
MAC004979,10.5,0.2926
MAC004979,11.0,0.3241
MAC004979,11.5,0.3537
MAC004979,12.0,0.3728
MAC004979,12.5,0.401
MAC004979,13.0,0.3891
MAC004979,13.5,0.4085
MAC004979,14.0,0.3852
MAC004979,14.5,0.3774
MAC004979,15.0,0.3823
MAC004979,15.5,0.3967
MAC004979,16.0,0.3984
MAC004979,16.5,0.4073
MAC004979,17.0,0.4214
MAC004979,17.5,0.4529
MAC004979,18.0,0.4782
MAC004979,18.5,0.5054
MAC004979,19.0,0.5028
MAC004979,19.5,0.5218
MAC004979,20.0,0.5186
MAC004979,20.5,0.5149
MAC004979,21.0,0.4876
MAC004979,21.5,0.4485
MAC004979,22.0,0.3909
MAC004979,22.5,0.3151
MAC004979,23.0,0.2169
MAC004979,23.5,0.1401
MAC004994,0.0,0.2661
MAC004994,0.5,0.212
MAC004994,1.0,0.1726
MAC004994,1.5,0.1518
MAC004994,2.0,0.1464
MAC004994,2.5,0.1446
MAC004994,3.0,0.1453
MAC004994,3.5,0.1446
MAC004994,4.0,0.1388
MAC004994,4.5,0.146
MAC004994,5.0,0.1566
MAC004994,5.5,0.1622
MAC004994,6.0,0.1835
MAC004994,6.5,0.2229
MAC004994,7.0,0.2477
MAC004994,7.5,0.2445
MAC004994,8.0,0.2351
MAC004994,8.5,0.2197
MAC004994,9.0,0.2053
MAC004994,9.5,0.1891
MAC004994,10.0,0.1677
MAC004994,10.5,0.1646
MAC004994,11.0,0.1758
MAC004994,11.5,0.1756
MAC004994,12.0,0.1837
MAC004994,12.5,0.185
MAC004994,13.0,0.1904
MAC004994,13.5,0.1864
MAC004994,14.0,0.1787
MAC004994,14.5,0.1883
MAC004994,15.0,0.1886
MAC004994,15.5,0.1863
MAC004994,16.0,0.1901
MAC004994,16.5,0.2068
MAC004994,17.0,0.2109
MAC004994,17.5,0.2587
MAC004994,18.0,0.2958
MAC004994,18.5,0.3321
MAC004994,19.0,0.3662
MAC004994,19.5,0.3639
MAC004994,20.0,0.3916
MAC004994,20.5,0.3881
MAC004994,21.0,0.432
MAC004994,21.5,0.4282
MAC004994,22.0,0.4514
MAC004994,22.5,0.4468
MAC004994,23.0,0.4018
MAC004994,23.5,0.3429
MAC005011,0.0,0.1403
MAC005011,0.5,0.1354
MAC005011,1.0,0.1276
MAC005011,1.5,0.1252
MAC005011,2.0,0.1274
MAC005011,2.5,0.1231
MAC005011,3.0,0.1252
MAC005011,3.5,0.1317
MAC005011,4.0,0.1268
MAC005011,4.5,0.1305
MAC005011,5.0,0.1423
MAC005011,5.5,0.1439
MAC005011,6.0,0.1822
MAC005011,6.5,0.206
MAC005011,7.0,0.1954
MAC005011,7.5,0.1922
MAC005011,8.0,0.1422
MAC005011,8.5,0.1286
MAC005011,9.0,0.1305
MAC005011,9.5,0.1293
MAC005011,10.0,0.133
MAC005011,10.5,0.1453
MAC005011,11.0,0.1524
MAC005011,11.5,0.1565
MAC005011,12.0,0.1611
MAC005011,12.5,0.158
MAC005011,13.0,0.1629
MAC005011,13.5,0.1657
MAC005011,14.0,0.1696
MAC005011,14.5,0.1659
MAC005011,15.0,0.1715
MAC005011,15.5,0.1626
MAC005011,16.0,0.1576
MAC005011,16.5,0.1554
MAC005011,17.0,0.1613
MAC005011,17.5,0.1668
MAC005011,18.0,0.2158
MAC005011,18.5,0.2233
MAC005011,19.0,0.2529
MAC005011,19.5,0.2493
MAC005011,20.0,0.2484
MAC005011,20.5,0.2562
MAC005011,21.0,0.2528
MAC005011,21.5,0.268
MAC005011,22.0,0.259
MAC005011,22.5,0.2382
MAC005011,23.0,0.2056
MAC005011,23.5,0.1621
MAC005017,0.0,0.2952
MAC005017,0.5,0.2418
MAC005017,1.0,0.2467
MAC005017,1.5,0.2347
MAC005017,2.0,0.2207
MAC005017,2.5,0.228
MAC005017,3.0,0.2229
MAC005017,3.5,0.218
MAC005017,4.0,0.217
MAC005017,4.5,0.2241
MAC005017,5.0,0.2607
MAC005017,5.5,0.2602
MAC005017,6.0,0.2969
MAC005017,6.5,0.3483
MAC005017,7.0,0.4003
MAC005017,7.5,0.4359
MAC005017,8.0,0.508
MAC005017,8.5,0.4779
MAC005017,9.0,0.4832
MAC005017,9.5,0.4474
MAC005017,10.0,0.48
MAC005017,10.5,0.4497
MAC005017,11.0,0.4326
MAC005017,11.5,0.4371
MAC005017,12.0,0.4292
MAC005017,12.5,0.4003
MAC005017,13.0,0.4168
MAC005017,13.5,0.4128
MAC005017,14.0,0.4063
MAC005017,14.5,0.4039
MAC005017,15.0,0.4261
MAC005017,15.5,0.4152
MAC005017,16.0,0.412
MAC005017,16.5,0.4396
MAC005017,17.0,0.4759
MAC005017,17.5,0.5164
MAC005017,18.0,0.5637
MAC005017,18.5,0.6099
MAC005017,19.0,0.542
MAC005017,19.5,0.5554
MAC005017,20.0,0.5339
MAC005017,20.5,0.5358
MAC005017,21.0,0.5276
MAC005017,21.5,0.5005
MAC005017,22.0,0.4774
MAC005017,22.5,0.4187
MAC005017,23.0,0.3558
MAC005017,23.5,0.3027
MAC005022,0.0,0.5251
MAC005022,0.5,0.5367
MAC005022,1.0,0.5398
MAC005022,1.5,0.5666
MAC005022,2.0,0.5975
MAC005022,2.5,0.6171
MAC005022,3.0,0.683
MAC005022,3.5,0.7572
MAC005022,4.0,0.8215
MAC005022,4.5,0.9267
MAC005022,5.0,0.9668
MAC005022,5.5,1.0545
MAC005022,6.0,1.1764
MAC005022,6.5,1.1501
MAC005022,7.0,0.9742
MAC005022,7.5,1.0107
MAC005022,8.0,0.8572
MAC005022,8.5,0.7716
MAC005022,9.0,0.7376
MAC005022,9.5,0.7725
MAC005022,10.0,0.8477
MAC005022,10.5,0.8777
MAC005022,11.0,0.8537
MAC005022,11.5,0.9386
MAC005022,12.0,0.9796
MAC005022,12.5,1.05
MAC005022,13.0,1.0892
MAC005022,13.5,1.1328
MAC005022,14.0,1.1524
MAC005022,14.5,1.2344
MAC005022,15.0,1.2151
MAC005022,15.5,1.177
MAC005022,16.0,1.1144
MAC005022,16.5,1.1223
MAC005022,17.0,1.1016
MAC005022,17.5,1.1646
MAC005022,18.0,1.2686
MAC005022,18.5,1.3404
MAC005022,19.0,1.2633
MAC005022,19.5,1.031
MAC005022,20.0,0.826
MAC005022,20.5,0.6935
MAC005022,21.0,0.6419
MAC005022,21.5,0.5973
MAC005022,22.0,0.5674
MAC005022,22.5,0.5501
MAC005022,23.0,0.5222
MAC005022,23.5,0.5291
MAC005043,0.0,0.4022
MAC005043,0.5,0.3527
MAC005043,1.0,0.312
MAC005043,1.5,0.2884
MAC005043,2.0,0.2817
MAC005043,2.5,0.2653
MAC005043,3.0,0.2645
MAC005043,3.5,0.261
MAC005043,4.0,0.258
MAC005043,4.5,0.2537
MAC005043,5.0,0.2483
MAC005043,5.5,0.2591
MAC005043,6.0,0.3159
MAC005043,6.5,0.3508
MAC005043,7.0,0.362
MAC005043,7.5,0.4491
MAC005043,8.0,0.4555
MAC005043,8.5,0.4954
MAC005043,9.0,0.5054
MAC005043,9.5,0.5836
MAC005043,10.0,0.6105
MAC005043,10.5,0.6273
MAC005043,11.0,0.6861
MAC005043,11.5,0.6511
MAC005043,12.0,0.6757
MAC005043,12.5,0.6949
MAC005043,13.0,0.698
MAC005043,13.5,0.7096
MAC005043,14.0,0.7155
MAC005043,14.5,0.656
MAC005043,15.0,0.6541
MAC005043,15.5,0.6813
MAC005043,16.0,0.6765
MAC005043,16.5,0.6927
MAC005043,17.0,0.6874
MAC005043,17.5,0.6797
MAC005043,18.0,0.6911
MAC005043,18.5,0.6872
MAC005043,19.0,0.7196
MAC005043,19.5,0.7612
MAC005043,20.0,0.8036
MAC005043,20.5,0.8111
MAC005043,21.0,0.8035
MAC005043,21.5,0.7088
MAC005043,22.0,0.7039
MAC005043,22.5,0.6096
MAC005043,23.0,0.5363
MAC005043,23.5,0.4499
MAC005048,0.0,0.3606
MAC005048,0.5,0.3243
MAC005048,1.0,0.2942
MAC005048,1.5,0.2645
MAC005048,2.0,0.2451
MAC005048,2.5,0.2248
MAC005048,3.0,0.2067
MAC005048,3.5,0.1916
MAC005048,4.0,0.1683
MAC005048,4.5,0.1498
MAC005048,5.0,0.1469
MAC005048,5.5,0.1461
MAC005048,6.0,0.1413
MAC005048,6.5,0.1436
MAC005048,7.0,0.1465
MAC005048,7.5,0.1546
MAC005048,8.0,0.2172
MAC005048,8.5,0.2379
MAC005048,9.0,0.2368
MAC005048,9.5,0.2606
MAC005048,10.0,0.2739
MAC005048,10.5,0.3293
MAC005048,11.0,0.3743
MAC005048,11.5,0.402
MAC005048,12.0,0.4295
MAC005048,12.5,0.4468
MAC005048,13.0,0.4824
MAC005048,13.5,0.5165
MAC005048,14.0,0.5235
MAC005048,14.5,0.5253
MAC005048,15.0,0.5228
MAC005048,15.5,0.5314
MAC005048,16.0,0.5561
MAC005048,16.5,0.5374
MAC005048,17.0,0.5432
MAC005048,17.5,0.5201
MAC005048,18.0,0.5792
MAC005048,18.5,0.6483
MAC005048,19.0,0.6856
MAC005048,19.5,0.6809
MAC005048,20.0,0.7004
MAC005048,20.5,0.6329
MAC005048,21.0,0.5842
MAC005048,21.5,0.4985
MAC005048,22.0,0.4951
MAC005048,22.5,0.4365
MAC005048,23.0,0.4317
MAC005048,23.5,0.3594
MAC005049,0.0,0.0978
MAC005049,0.5,0.0952
MAC005049,1.0,0.098
MAC005049,1.5,0.0927
MAC005049,2.0,0.0991
MAC005049,2.5,0.0942
MAC005049,3.0,0.097
MAC005049,3.5,0.1027
MAC005049,4.0,0.1026
MAC005049,4.5,0.1186
MAC005049,5.0,0.1863
MAC005049,5.5,0.2955
MAC005049,6.0,0.278
MAC005049,6.5,0.3184
MAC005049,7.0,0.3072
MAC005049,7.5,0.385
MAC005049,8.0,0.3064
MAC005049,8.5,0.4562
MAC005049,9.0,0.3338
MAC005049,9.5,0.3343
MAC005049,10.0,0.3083
MAC005049,10.5,0.2842
MAC005049,11.0,0.2952
MAC005049,11.5,0.3105
MAC005049,12.0,0.3674
MAC005049,12.5,0.3843
MAC005049,13.0,0.385
MAC005049,13.5,0.3655
MAC005049,14.0,0.3605
MAC005049,14.5,0.3595
MAC005049,15.0,0.397
MAC005049,15.5,0.371
MAC005049,16.0,0.3933
MAC005049,16.5,0.4305
MAC005049,17.0,0.4206
MAC005049,17.5,0.5001
MAC005049,18.0,0.4754
MAC005049,18.5,0.4927
MAC005049,19.0,0.5123
MAC005049,19.5,0.4838
MAC005049,20.0,0.5031
MAC005049,20.5,0.5435
MAC005049,21.0,0.4207
MAC005049,21.5,0.3428
MAC005049,22.0,0.1811
MAC005049,22.5,0.1169
MAC005049,23.0,0.1012
MAC005049,23.5,0.0966
MAC005056,0.0,0.2121
MAC005056,0.5,0.1918
MAC005056,1.0,0.1745
MAC005056,1.5,0.1748
MAC005056,2.0,0.1667
MAC005056,2.5,0.162
MAC005056,3.0,0.1591
MAC005056,3.5,0.156
MAC005056,4.0,0.1594
MAC005056,4.5,0.1553
MAC005056,5.0,0.1542
MAC005056,5.5,0.173
MAC005056,6.0,0.2193
MAC005056,6.5,0.2308
MAC005056,7.0,0.225
MAC005056,7.5,0.2791
MAC005056,8.0,0.2686
MAC005056,8.5,0.2838
MAC005056,9.0,0.2809
MAC005056,9.5,0.2892
MAC005056,10.0,0.2987
MAC005056,10.5,0.298
MAC005056,11.0,0.3271
MAC005056,11.5,0.3476
MAC005056,12.0,0.3429
MAC005056,12.5,0.3261
MAC005056,13.0,0.3255
MAC005056,13.5,0.3239
MAC005056,14.0,0.3244
MAC005056,14.5,0.3074
MAC005056,15.0,0.2801
MAC005056,15.5,0.2897
MAC005056,16.0,0.2946
MAC005056,16.5,0.2849
MAC005056,17.0,0.3015
MAC005056,17.5,0.3094
MAC005056,18.0,0.3781
MAC005056,18.5,0.4221
MAC005056,19.0,0.4528
MAC005056,19.5,0.4829
MAC005056,20.0,0.4794
MAC005056,20.5,0.4649
MAC005056,21.0,0.4468
MAC005056,21.5,0.4002
MAC005056,22.0,0.3686
MAC005056,22.5,0.3487
MAC005056,23.0,0.3012
MAC005056,23.5,0.2452
MAC005067,0.0,0.5128
MAC005067,0.5,0.4561
MAC005067,1.0,0.3934
MAC005067,1.5,0.3543
MAC005067,2.0,0.3292
MAC005067,2.5,0.3272
MAC005067,3.0,0.3127
MAC005067,3.5,0.3022
MAC005067,4.0,0.2961
MAC005067,4.5,0.2839
MAC005067,5.0,0.2948
MAC005067,5.5,0.3161
MAC005067,6.0,0.3327
MAC005067,6.5,0.3853
MAC005067,7.0,0.3917
MAC005067,7.5,0.3853
MAC005067,8.0,0.3919
MAC005067,8.5,0.3913
MAC005067,9.0,0.4191
MAC005067,9.5,0.3883
MAC005067,10.0,0.4132
MAC005067,10.5,0.3723
MAC005067,11.0,0.4111
MAC005067,11.5,0.4416
MAC005067,12.0,0.4797
MAC005067,12.5,0.4847
MAC005067,13.0,0.4499
MAC005067,13.5,0.4739
MAC005067,14.0,0.4916
MAC005067,14.5,0.4804
MAC005067,15.0,0.4873
MAC005067,15.5,0.4832
MAC005067,16.0,0.5052
MAC005067,16.5,0.5375
MAC005067,17.0,0.5626
MAC005067,17.5,0.5856
MAC005067,18.0,0.6387
MAC005067,18.5,0.7075
MAC005067,19.0,0.7593
MAC005067,19.5,0.7487
MAC005067,20.0,0.7411
MAC005067,20.5,0.7004
MAC005067,21.0,0.6793
MAC005067,21.5,0.6388
MAC005067,22.0,0.6304
MAC005067,22.5,0.6027
MAC005067,23.0,0.559
MAC005067,23.5,0.5421
MAC005083,0.0,0.2493
MAC005083,0.5,0.2472
MAC005083,1.0,0.2501
MAC005083,1.5,0.2484
MAC005083,2.0,0.2462
MAC005083,2.5,0.2449
MAC005083,3.0,0.2515
MAC005083,3.5,0.2449
MAC005083,4.0,0.2429
MAC005083,4.5,0.2499
MAC005083,5.0,0.2905
MAC005083,5.5,0.2897
MAC005083,6.0,0.312
MAC005083,6.5,0.3303
MAC005083,7.0,0.3284
MAC005083,7.5,0.3281
MAC005083,8.0,0.3151
MAC005083,8.5,0.3105
MAC005083,9.0,0.2761
MAC005083,9.5,0.2557
MAC005083,10.0,0.2525
MAC005083,10.5,0.2577
MAC005083,11.0,0.2509
MAC005083,11.5,0.2488
MAC005083,12.0,0.2644
MAC005083,12.5,0.2604
MAC005083,13.0,0.2647
MAC005083,13.5,0.2544
MAC005083,14.0,0.2523
MAC005083,14.5,0.2593
MAC005083,15.0,0.2564
MAC005083,15.5,0.2654
MAC005083,16.0,0.3266
MAC005083,16.5,0.3411
MAC005083,17.0,0.3925
MAC005083,17.5,0.4078
MAC005083,18.0,0.4249
MAC005083,18.5,0.4262
MAC005083,19.0,0.4446
MAC005083,19.5,0.4618
MAC005083,20.0,0.4793
MAC005083,20.5,0.4669
MAC005083,21.0,0.4072
MAC005083,21.5,0.3613
MAC005083,22.0,0.2953
MAC005083,22.5,0.2588
MAC005083,23.0,0.2505
MAC005083,23.5,0.2513
MAC005141,0.0,0.3367
MAC005141,0.5,0.3049
MAC005141,1.0,0.2931
MAC005141,1.5,0.2515
MAC005141,2.0,0.2141
MAC005141,2.5,0.1914
MAC005141,3.0,0.1702
MAC005141,3.5,0.16
MAC005141,4.0,0.167
MAC005141,4.5,0.1649
MAC005141,5.0,0.1627
MAC005141,5.5,0.1675
MAC005141,6.0,0.1781
MAC005141,6.5,0.2015
MAC005141,7.0,0.2167
MAC005141,7.5,0.2456
MAC005141,8.0,0.2632
MAC005141,8.5,0.2485
MAC005141,9.0,0.2587
MAC005141,9.5,0.2777
MAC005141,10.0,0.314
MAC005141,10.5,0.3357
MAC005141,11.0,0.3397
MAC005141,11.5,0.329
MAC005141,12.0,0.3374
MAC005141,12.5,0.3371
MAC005141,13.0,0.3379
MAC005141,13.5,0.3172
MAC005141,14.0,0.3105
MAC005141,14.5,0.3132
MAC005141,15.0,0.304
MAC005141,15.5,0.3147
MAC005141,16.0,0.3235
MAC005141,16.5,0.307
MAC005141,17.0,0.3052
MAC005141,17.5,0.318
MAC005141,18.0,0.317
MAC005141,18.5,0.324
MAC005141,19.0,0.3208
MAC005141,19.5,0.3499
MAC005141,20.0,0.3616
MAC005141,20.5,0.3848
MAC005141,21.0,0.3829
MAC005141,21.5,0.4018
MAC005141,22.0,0.3941
MAC005141,22.5,0.3832
MAC005141,23.0,0.3888
MAC005141,23.5,0.3593
MAC005148,0.0,0.2174
MAC005148,0.5,0.1645
MAC005148,1.0,0.1436
MAC005148,1.5,0.1347
MAC005148,2.0,0.1356
MAC005148,2.5,0.1339
MAC005148,3.0,0.1319
MAC005148,3.5,0.1252
MAC005148,4.0,0.1289
MAC005148,4.5,0.1268
MAC005148,5.0,0.1302
MAC005148,5.5,0.1781
MAC005148,6.0,0.256
MAC005148,6.5,0.3888
MAC005148,7.0,0.3255
MAC005148,7.5,0.3716
MAC005148,8.0,0.3711
MAC005148,8.5,0.2601
MAC005148,9.0,0.2516
MAC005148,9.5,0.2967
MAC005148,10.0,0.3371
MAC005148,10.5,0.4309
MAC005148,11.0,0.4979
MAC005148,11.5,0.5446
MAC005148,12.0,0.5468
MAC005148,12.5,0.5517
MAC005148,13.0,0.5817
MAC005148,13.5,0.5967
MAC005148,14.0,0.5733
MAC005148,14.5,0.6289
MAC005148,15.0,0.6465
MAC005148,15.5,0.7522
MAC005148,16.0,0.8752
MAC005148,16.5,0.9822
MAC005148,17.0,1.1071
MAC005148,17.5,0.9331
MAC005148,18.0,0.907
MAC005148,18.5,0.6929
MAC005148,19.0,0.7137
MAC005148,19.5,0.7079
MAC005148,20.0,0.6737
MAC005148,20.5,0.6513
MAC005148,21.0,0.6117
MAC005148,21.5,0.6119
MAC005148,22.0,0.5623
MAC005148,22.5,0.4808
MAC005148,23.0,0.3825
MAC005148,23.5,0.2916
MAC005150,0.0,0.2032
MAC005150,0.5,0.1606
MAC005150,1.0,0.1308
MAC005150,1.5,0.1227
MAC005150,2.0,0.1143
MAC005150,2.5,0.1064
MAC005150,3.0,0.1048
MAC005150,3.5,0.1093
MAC005150,4.0,0.1041
MAC005150,4.5,0.1068
MAC005150,5.0,0.1052
MAC005150,5.5,0.1224
MAC005150,6.0,0.1276
MAC005150,6.5,0.2669
MAC005150,7.0,0.2848
MAC005150,7.5,0.4219
MAC005150,8.0,0.3934
MAC005150,8.5,0.3641
MAC005150,9.0,0.3975
MAC005150,9.5,0.5029
MAC005150,10.0,0.4624
MAC005150,10.5,0.489
MAC005150,11.0,0.4945
MAC005150,11.5,0.5238
MAC005150,12.0,0.48
MAC005150,12.5,0.4968
MAC005150,13.0,0.3877
MAC005150,13.5,0.3837
MAC005150,14.0,0.4037
MAC005150,14.5,0.4162
MAC005150,15.0,0.4472
MAC005150,15.5,0.5245
MAC005150,16.0,0.5986
MAC005150,16.5,0.7367
MAC005150,17.0,0.8962
MAC005150,17.5,0.8748
MAC005150,18.0,0.9383
MAC005150,18.5,0.9601
MAC005150,19.0,0.886
MAC005150,19.5,1.0159
MAC005150,20.0,0.9828
MAC005150,20.5,0.9812
MAC005150,21.0,1.044
MAC005150,21.5,0.9582
MAC005150,22.0,0.8018
MAC005150,22.5,0.6387
MAC005150,23.0,0.4428
MAC005150,23.5,0.3
MAC005157,0.0,0.1528
MAC005157,0.5,0.126
MAC005157,1.0,0.118
MAC005157,1.5,0.1236
MAC005157,2.0,0.1196
MAC005157,2.5,0.1237
MAC005157,3.0,0.1158
MAC005157,3.5,0.1144
MAC005157,4.0,0.1143
MAC005157,4.5,0.1154
MAC005157,5.0,0.1243
MAC005157,5.5,0.1248
MAC005157,6.0,0.1325
MAC005157,6.5,0.1738
MAC005157,7.0,0.2177
MAC005157,7.5,0.2595
MAC005157,8.0,0.2996
MAC005157,8.5,0.2955
MAC005157,9.0,0.3131
MAC005157,9.5,0.3309
MAC005157,10.0,0.3067
MAC005157,10.5,0.3271
MAC005157,11.0,0.3428
MAC005157,11.5,0.3062
MAC005157,12.0,0.3065
MAC005157,12.5,0.2462
MAC005157,13.0,0.2683
MAC005157,13.5,0.2617
MAC005157,14.0,0.2767
MAC005157,14.5,0.2986
MAC005157,15.0,0.3239
MAC005157,15.5,0.3534
MAC005157,16.0,0.3645
MAC005157,16.5,0.3277
MAC005157,17.0,0.3583
MAC005157,17.5,0.3904
MAC005157,18.0,0.4452
MAC005157,18.5,0.4411
MAC005157,19.0,0.4489
MAC005157,19.5,0.4434
MAC005157,20.0,0.4601
MAC005157,20.5,0.4751
MAC005157,21.0,0.4993
MAC005157,21.5,0.4546
MAC005157,22.0,0.4706
MAC005157,22.5,0.3804
MAC005157,23.0,0.3243
MAC005157,23.5,0.2168
MAC005164,0.0,0.2527
MAC005164,0.5,0.2054
MAC005164,1.0,0.1894
MAC005164,1.5,0.2088
MAC005164,2.0,0.1842
MAC005164,2.5,0.1807
MAC005164,3.0,0.1563
MAC005164,3.5,0.1539
MAC005164,4.0,0.1593
MAC005164,4.5,0.1412
MAC005164,5.0,0.1658
MAC005164,5.5,0.1644
MAC005164,6.0,0.1849
MAC005164,6.5,0.2593
MAC005164,7.0,0.3095
MAC005164,7.5,0.32
MAC005164,8.0,0.3557
MAC005164,8.5,0.4133
MAC005164,9.0,0.4148
MAC005164,9.5,0.4294
MAC005164,10.0,0.4524
MAC005164,10.5,0.4465
MAC005164,11.0,0.4828
MAC005164,11.5,0.4439
MAC005164,12.0,0.4524
MAC005164,12.5,0.4235
MAC005164,13.0,0.4179
MAC005164,13.5,0.417
MAC005164,14.0,0.3716
MAC005164,14.5,0.3785
MAC005164,15.0,0.3994
MAC005164,15.5,0.3913
MAC005164,16.0,0.4454
MAC005164,16.5,0.4551
MAC005164,17.0,0.4423
MAC005164,17.5,0.493
MAC005164,18.0,0.5207
MAC005164,18.5,0.5341
MAC005164,19.0,0.5439
MAC005164,19.5,0.5864
MAC005164,20.0,0.6419
MAC005164,20.5,0.6504
MAC005164,21.0,0.6776
MAC005164,21.5,0.6731
MAC005164,22.0,0.6345
MAC005164,22.5,0.5276
MAC005164,23.0,0.4241
MAC005164,23.5,0.3226
MAC005168,0.0,0.1297
MAC005168,0.5,0.1243
MAC005168,1.0,0.1237
MAC005168,1.5,0.1232
MAC005168,2.0,0.1212
MAC005168,2.5,0.1219
MAC005168,3.0,0.1214
MAC005168,3.5,0.121
MAC005168,4.0,0.1216
MAC005168,4.5,0.1194
MAC005168,5.0,0.1223
MAC005168,5.5,0.1211
MAC005168,6.0,0.1221
MAC005168,6.5,0.1237
MAC005168,7.0,0.1301
MAC005168,7.5,0.1515
MAC005168,8.0,0.1934
MAC005168,8.5,0.2285
MAC005168,9.0,0.2283
MAC005168,9.5,0.2477
MAC005168,10.0,0.254
MAC005168,10.5,0.2128
MAC005168,11.0,0.2125
MAC005168,11.5,0.2108
MAC005168,12.0,0.2298
MAC005168,12.5,0.2393
MAC005168,13.0,0.2155
MAC005168,13.5,0.2171
MAC005168,14.0,0.217
MAC005168,14.5,0.2588
MAC005168,15.0,0.3101
MAC005168,15.5,0.4128
MAC005168,16.0,0.4029
MAC005168,16.5,0.3522
MAC005168,17.0,0.2756
MAC005168,17.5,0.28
MAC005168,18.0,0.2546
MAC005168,18.5,0.2726
MAC005168,19.0,0.2748
MAC005168,19.5,0.2732
MAC005168,20.0,0.2802
MAC005168,20.5,0.2755
MAC005168,21.0,0.2617
MAC005168,21.5,0.2447
MAC005168,22.0,0.2208
MAC005168,22.5,0.1887
MAC005168,23.0,0.1641
MAC005168,23.5,0.1396
MAC005170,0.0,0.264
MAC005170,0.5,0.2435
MAC005170,1.0,0.2283
MAC005170,1.5,0.222
MAC005170,2.0,0.2101
MAC005170,2.5,0.2246
MAC005170,3.0,0.2116
MAC005170,3.5,0.2209
MAC005170,4.0,0.2131
MAC005170,4.5,0.2183
MAC005170,5.0,0.2127
MAC005170,5.5,0.2093
MAC005170,6.0,0.213
MAC005170,6.5,0.2291
MAC005170,7.0,0.2597
MAC005170,7.5,0.272
MAC005170,8.0,0.3424
MAC005170,8.5,0.352
MAC005170,9.0,0.3747
MAC005170,9.5,0.3661
MAC005170,10.0,0.36
MAC005170,10.5,0.3684
MAC005170,11.0,0.3611
MAC005170,11.5,0.3785
MAC005170,12.0,0.3856
MAC005170,12.5,0.3876
MAC005170,13.0,0.4011
MAC005170,13.5,0.4055
MAC005170,14.0,0.4478
MAC005170,14.5,0.4323
MAC005170,15.0,0.4156
MAC005170,15.5,0.4433
MAC005170,16.0,0.4255
MAC005170,16.5,0.4076
MAC005170,17.0,0.4237
MAC005170,17.5,0.4503
MAC005170,18.0,0.4349
MAC005170,18.5,0.4617
MAC005170,19.0,0.4714
MAC005170,19.5,0.4904
MAC005170,20.0,0.507
MAC005170,20.5,0.5021
MAC005170,21.0,0.5034
MAC005170,21.5,0.4814
MAC005170,22.0,0.4342
MAC005170,22.5,0.4007
MAC005170,23.0,0.3387
MAC005170,23.5,0.2974
MAC005173,0.0,0.278
MAC005173,0.5,0.2734
MAC005173,1.0,0.2687
MAC005173,1.5,0.266
MAC005173,2.0,0.2589
MAC005173,2.5,0.2599
MAC005173,3.0,0.2531
MAC005173,3.5,0.2501
MAC005173,4.0,0.2505
MAC005173,4.5,0.2537
MAC005173,5.0,0.2676
MAC005173,5.5,0.3088
MAC005173,6.0,0.375
MAC005173,6.5,0.4709
MAC005173,7.0,0.5467
MAC005173,7.5,0.6225
MAC005173,8.0,0.6505
MAC005173,8.5,0.6406
MAC005173,9.0,0.6927
MAC005173,9.5,0.7547
MAC005173,10.0,0.7768
MAC005173,10.5,0.8234
MAC005173,11.0,0.8354
MAC005173,11.5,0.6889
MAC005173,12.0,0.6015
MAC005173,12.5,0.6222
MAC005173,13.0,0.6073
MAC005173,13.5,0.6922
MAC005173,14.0,0.9204
MAC005173,14.5,1.0263
MAC005173,15.0,1.1369
MAC005173,15.5,1.0723
MAC005173,16.0,0.9484
MAC005173,16.5,0.8339
MAC005173,17.0,0.767
MAC005173,17.5,0.7433
MAC005173,18.0,0.8255
MAC005173,18.5,0.9186
MAC005173,19.0,0.9044
MAC005173,19.5,0.8678
MAC005173,20.0,0.8098
MAC005173,20.5,0.7317
MAC005173,21.0,0.6111
MAC005173,21.5,0.494
MAC005173,22.0,0.4097
MAC005173,22.5,0.3487
MAC005173,23.0,0.3156
MAC005173,23.5,0.2942
MAC005176,0.0,0.0741
MAC005176,0.5,0.0743
MAC005176,1.0,0.0705
MAC005176,1.5,0.0709
MAC005176,2.0,0.0704
MAC005176,2.5,0.0679
MAC005176,3.0,0.067
MAC005176,3.5,0.0676
MAC005176,4.0,0.0658
MAC005176,4.5,0.0652
MAC005176,5.0,0.0655
MAC005176,5.5,0.093
MAC005176,6.0,0.1012
MAC005176,6.5,0.1047
MAC005176,7.0,0.1204
MAC005176,7.5,0.1475
MAC005176,8.0,0.1315
MAC005176,8.5,0.1193
MAC005176,9.0,0.0984
MAC005176,9.5,0.1088
MAC005176,10.0,0.1408
MAC005176,10.5,0.1218
MAC005176,11.0,0.1026
MAC005176,11.5,0.0863
MAC005176,12.0,0.0878
MAC005176,12.5,0.0915
MAC005176,13.0,0.0786
MAC005176,13.5,0.0898
MAC005176,14.0,0.0937
MAC005176,14.5,0.1009
MAC005176,15.0,0.1028
MAC005176,15.5,0.1235
MAC005176,16.0,0.1362
MAC005176,16.5,0.1625
MAC005176,17.0,0.2066
MAC005176,17.5,0.2527
MAC005176,18.0,0.3227
MAC005176,18.5,0.3411
MAC005176,19.0,0.3658
MAC005176,19.5,0.3527
MAC005176,20.0,0.327
MAC005176,20.5,0.2578
MAC005176,21.0,0.2102
MAC005176,21.5,0.1571
MAC005176,22.0,0.1138
MAC005176,22.5,0.0889
MAC005176,23.0,0.0776
MAC005176,23.5,0.0731
MAC005179,0.0,0.1428
MAC005179,0.5,0.1399
MAC005179,1.0,0.1307
MAC005179,1.5,0.1186
MAC005179,2.0,0.1195
MAC005179,2.5,0.125
MAC005179,3.0,0.1263
MAC005179,3.5,0.1157
MAC005179,4.0,0.1157
MAC005179,4.5,0.1224
MAC005179,5.0,0.1307
MAC005179,5.5,0.1454
MAC005179,6.0,0.1919
MAC005179,6.5,0.2183
MAC005179,7.0,0.2791
MAC005179,7.5,0.3159
MAC005179,8.0,0.3038
MAC005179,8.5,0.2679
MAC005179,9.0,0.2862
MAC005179,9.5,0.279
MAC005179,10.0,0.3007
MAC005179,10.5,0.2638
MAC005179,11.0,0.2662
MAC005179,11.5,0.3125
MAC005179,12.0,0.3111
MAC005179,12.5,0.3098
MAC005179,13.0,0.2838
MAC005179,13.5,0.2699
MAC005179,14.0,0.2551
MAC005179,14.5,0.2648
MAC005179,15.0,0.2772
MAC005179,15.5,0.2796
MAC005179,16.0,0.2549
MAC005179,16.5,0.2847
MAC005179,17.0,0.3186
MAC005179,17.5,0.4236
MAC005179,18.0,0.4295
MAC005179,18.5,0.4718
MAC005179,19.0,0.4295
MAC005179,19.5,0.3902
MAC005179,20.0,0.4015
MAC005179,20.5,0.3697
MAC005179,21.0,0.3339
MAC005179,21.5,0.3261
MAC005179,22.0,0.289
MAC005179,22.5,0.229
MAC005179,23.0,0.1806
MAC005179,23.5,0.1399
MAC005184,0.0,0.7617
MAC005184,0.5,0.646
MAC005184,1.0,0.5322
MAC005184,1.5,0.4641
MAC005184,2.0,0.4311
MAC005184,2.5,0.4133
MAC005184,3.0,0.4182
MAC005184,3.5,0.4158
MAC005184,4.0,0.4208
MAC005184,4.5,0.4274
MAC005184,5.0,0.424
MAC005184,5.5,0.4675
MAC005184,6.0,0.5258
MAC005184,6.5,0.6533
MAC005184,7.0,0.8221
MAC005184,7.5,0.9231
MAC005184,8.0,0.9961
MAC005184,8.5,0.8871
MAC005184,9.0,0.8507
MAC005184,9.5,0.8278
MAC005184,10.0,0.8206
MAC005184,10.5,0.8087
MAC005184,11.0,0.7584
MAC005184,11.5,0.7627
MAC005184,12.0,0.7981
MAC005184,12.5,0.859
MAC005184,13.0,0.8553
MAC005184,13.5,0.8731
MAC005184,14.0,0.8516
MAC005184,14.5,0.8158
MAC005184,15.0,0.8906
MAC005184,15.5,0.8573
MAC005184,16.0,0.934
MAC005184,16.5,0.9874
MAC005184,17.0,1.0922
MAC005184,17.5,1.2035
MAC005184,18.0,1.2762
MAC005184,18.5,1.368
MAC005184,19.0,1.4544
MAC005184,19.5,1.4911
MAC005184,20.0,1.4562
MAC005184,20.5,1.305
MAC005184,21.0,1.1891
MAC005184,21.5,1.1192
MAC005184,22.0,1.08
MAC005184,22.5,1.0888
MAC005184,23.0,0.9801
MAC005184,23.5,0.8832
MAC005192,0.0,0.2664
MAC005192,0.5,0.262
MAC005192,1.0,0.2616
MAC005192,1.5,0.2568
MAC005192,2.0,0.2574
MAC005192,2.5,0.2544
MAC005192,3.0,0.2534
MAC005192,3.5,0.2557
MAC005192,4.0,0.2572
MAC005192,4.5,0.258
MAC005192,5.0,0.2611
MAC005192,5.5,0.2629
MAC005192,6.0,0.2512
MAC005192,6.5,0.2488
MAC005192,7.0,0.2421
MAC005192,7.5,0.2342
MAC005192,8.0,0.2217
MAC005192,8.5,0.1971
MAC005192,9.0,0.189
MAC005192,9.5,0.1796
MAC005192,10.0,0.1825
MAC005192,10.5,0.1905
MAC005192,11.0,0.1873
MAC005192,11.5,0.2018
MAC005192,12.0,0.2102
MAC005192,12.5,0.2078
MAC005192,13.0,0.2131
MAC005192,13.5,0.2059
MAC005192,14.0,0.2048
MAC005192,14.5,0.2061
MAC005192,15.0,0.2207
MAC005192,15.5,0.2518
MAC005192,16.0,0.2916
MAC005192,16.5,0.3291
MAC005192,17.0,0.3605
MAC005192,17.5,0.3694
MAC005192,18.0,0.3717
MAC005192,18.5,0.359
MAC005192,19.0,0.333
MAC005192,19.5,0.3418
MAC005192,20.0,0.3397
MAC005192,20.5,0.334
MAC005192,21.0,0.317
MAC005192,21.5,0.2994
MAC005192,22.0,0.2955
MAC005192,22.5,0.2902
MAC005192,23.0,0.2837
MAC005192,23.5,0.2737
MAC005203,0.0,0.4242
MAC005203,0.5,0.363
MAC005203,1.0,0.3268
MAC005203,1.5,0.3018
MAC005203,2.0,0.2923
MAC005203,2.5,0.2827
MAC005203,3.0,0.2811
MAC005203,3.5,0.276
MAC005203,4.0,0.2765
MAC005203,4.5,0.2742
MAC005203,5.0,0.2746
MAC005203,5.5,0.2771
MAC005203,6.0,0.2838
MAC005203,6.5,0.3144
MAC005203,7.0,0.3949
MAC005203,7.5,0.3696
MAC005203,8.0,0.4212
MAC005203,8.5,0.3948
MAC005203,9.0,0.4061
MAC005203,9.5,0.4172
MAC005203,10.0,0.4457
MAC005203,10.5,0.4691
MAC005203,11.0,0.4611
MAC005203,11.5,0.4676
MAC005203,12.0,0.4609
MAC005203,12.5,0.4702
MAC005203,13.0,0.4467
MAC005203,13.5,0.4655
MAC005203,14.0,0.4747
MAC005203,14.5,0.4741
MAC005203,15.0,0.4941
MAC005203,15.5,0.5015
MAC005203,16.0,0.5337
MAC005203,16.5,0.5396
MAC005203,17.0,0.5457
MAC005203,17.5,0.5861
MAC005203,18.0,0.619
MAC005203,18.5,0.6556
MAC005203,19.0,0.704
MAC005203,19.5,0.7932
MAC005203,20.0,0.8128
MAC005203,20.5,0.8475
MAC005203,21.0,0.8211
MAC005203,21.5,0.776
MAC005203,22.0,0.706
MAC005203,22.5,0.6304
MAC005203,23.0,0.5705
MAC005203,23.5,0.4707
MAC005207,0.0,0.1465
MAC005207,0.5,0.1333
MAC005207,1.0,0.1322
MAC005207,1.5,0.1265
MAC005207,2.0,0.1249
MAC005207,2.5,0.1218
MAC005207,3.0,0.1211
MAC005207,3.5,0.1207
MAC005207,4.0,0.122
MAC005207,4.5,0.123
MAC005207,5.0,0.1391
MAC005207,5.5,0.208
MAC005207,6.0,0.1707
MAC005207,6.5,0.2891
MAC005207,7.0,0.2629
MAC005207,7.5,0.2713
MAC005207,8.0,0.3018
MAC005207,8.5,0.3177
MAC005207,9.0,0.3634
MAC005207,9.5,0.4341
MAC005207,10.0,0.5059
MAC005207,10.5,0.5181
MAC005207,11.0,0.5805
MAC005207,11.5,0.6585
MAC005207,12.0,0.644
MAC005207,12.5,0.6289
MAC005207,13.0,0.6615
MAC005207,13.5,0.6002
MAC005207,14.0,0.6054
MAC005207,14.5,0.6138
MAC005207,15.0,0.5985
MAC005207,15.5,0.6184
MAC005207,16.0,0.6761
MAC005207,16.5,0.7165
MAC005207,17.0,0.7903
MAC005207,17.5,0.8425
MAC005207,18.0,0.874
MAC005207,18.5,0.8662
MAC005207,19.0,0.8337
MAC005207,19.5,0.7992
MAC005207,20.0,0.7331
MAC005207,20.5,0.6616
MAC005207,21.0,0.5273
MAC005207,21.5,0.3976
MAC005207,22.0,0.298
MAC005207,22.5,0.2151
MAC005207,23.0,0.1759
MAC005207,23.5,0.1528
MAC005213,0.0,0.3631
MAC005213,0.5,0.3113
MAC005213,1.0,0.2735
MAC005213,1.5,0.2505
MAC005213,2.0,0.2423
MAC005213,2.5,0.2452
MAC005213,3.0,0.2369
MAC005213,3.5,0.2331
MAC005213,4.0,0.2335
MAC005213,4.5,0.2428
MAC005213,5.0,0.2526
MAC005213,5.5,0.2802
MAC005213,6.0,0.3257
MAC005213,6.5,0.3522
MAC005213,7.0,0.3773
MAC005213,7.5,0.3893
MAC005213,8.0,0.3957
MAC005213,8.5,0.3965
MAC005213,9.0,0.382
MAC005213,9.5,0.4081
MAC005213,10.0,0.4107
MAC005213,10.5,0.4311
MAC005213,11.0,0.4316
MAC005213,11.5,0.4323
MAC005213,12.0,0.5041
MAC005213,12.5,0.5064
MAC005213,13.0,0.5252
MAC005213,13.5,0.5394
MAC005213,14.0,0.5162
MAC005213,14.5,0.4815
MAC005213,15.0,0.5162
MAC005213,15.5,0.544
MAC005213,16.0,0.5671
MAC005213,16.5,0.6308
MAC005213,17.0,0.7139
MAC005213,17.5,0.7082
MAC005213,18.0,0.708
MAC005213,18.5,0.7395
MAC005213,19.0,0.7563
MAC005213,19.5,0.6985
MAC005213,20.0,0.6851
MAC005213,20.5,0.6582
MAC005213,21.0,0.6839
MAC005213,21.5,0.6603
MAC005213,22.0,0.6251
MAC005213,22.5,0.5556
MAC005213,23.0,0.4976
MAC005213,23.5,0.4136
MAC005218,0.0,0.1096
MAC005218,0.5,0.1051
MAC005218,1.0,0.0966
MAC005218,1.5,0.1058
MAC005218,2.0,0.1028
MAC005218,2.5,0.1025
MAC005218,3.0,0.0866
MAC005218,3.5,0.0753
MAC005218,4.0,0.0746
MAC005218,4.5,0.0807
MAC005218,5.0,0.0736
MAC005218,5.5,0.0831
MAC005218,6.0,0.1199
MAC005218,6.5,0.1684
MAC005218,7.0,0.1525
MAC005218,7.5,0.16
MAC005218,8.0,0.1394
MAC005218,8.5,0.1356
MAC005218,9.0,0.1382
MAC005218,9.5,0.1355
MAC005218,10.0,0.152
MAC005218,10.5,0.2017
MAC005218,11.0,0.1932
MAC005218,11.5,0.1669
MAC005218,12.0,0.1602
MAC005218,12.5,0.1564
MAC005218,13.0,0.1395
MAC005218,13.5,0.1089
MAC005218,14.0,0.1157
MAC005218,14.5,0.0969
MAC005218,15.0,0.0938
MAC005218,15.5,0.108
MAC005218,16.0,0.1148
MAC005218,16.5,0.1383
MAC005218,17.0,0.1575
MAC005218,17.5,0.2156
MAC005218,18.0,0.2325
MAC005218,18.5,0.2955
MAC005218,19.0,0.3923
MAC005218,19.5,0.3999
MAC005218,20.0,0.3885
MAC005218,20.5,0.3517
MAC005218,21.0,0.3112
MAC005218,21.5,0.3033
MAC005218,22.0,0.2657
MAC005218,22.5,0.2248
MAC005218,23.0,0.1651
MAC005218,23.5,0.1287
MAC005240,0.0,0.1184
MAC005240,0.5,0.1092
MAC005240,1.0,0.1001
MAC005240,1.5,0.0968
MAC005240,2.0,0.0913
MAC005240,2.5,0.0856
MAC005240,3.0,0.0851
MAC005240,3.5,0.0838
MAC005240,4.0,0.0834
MAC005240,4.5,0.0869
MAC005240,5.0,0.1062
MAC005240,5.5,0.1439
MAC005240,6.0,0.225
MAC005240,6.5,0.2827
MAC005240,7.0,0.3289
MAC005240,7.5,0.347
MAC005240,8.0,0.3436
MAC005240,8.5,0.2753
MAC005240,9.0,0.2505
MAC005240,9.5,0.1887
MAC005240,10.0,0.1789
MAC005240,10.5,0.1525
MAC005240,11.0,0.1577
MAC005240,11.5,0.1467
MAC005240,12.0,0.1632
MAC005240,12.5,0.1569
MAC005240,13.0,0.1462
MAC005240,13.5,0.1439
MAC005240,14.0,0.1665
MAC005240,14.5,0.1585
MAC005240,15.0,0.1626
MAC005240,15.5,0.1737
MAC005240,16.0,0.1878
MAC005240,16.5,0.2136
MAC005240,17.0,0.2241
MAC005240,17.5,0.2592
MAC005240,18.0,0.2842
MAC005240,18.5,0.281
MAC005240,19.0,0.2815
MAC005240,19.5,0.2952
MAC005240,20.0,0.2582
MAC005240,20.5,0.2625
MAC005240,21.0,0.2455
MAC005240,21.5,0.2188
MAC005240,22.0,0.2005
MAC005240,22.5,0.1612
MAC005240,23.0,0.1355
MAC005240,23.5,0.1269
MAC005256,0.0,0.1318
MAC005256,0.5,0.1313
MAC005256,1.0,0.1322
MAC005256,1.5,0.1249
MAC005256,2.0,0.1271
MAC005256,2.5,0.128
MAC005256,3.0,0.128
MAC005256,3.5,0.1406
MAC005256,4.0,0.18
MAC005256,4.5,0.246
MAC005256,5.0,0.2202
MAC005256,5.5,0.2498
MAC005256,6.0,0.2531
MAC005256,6.5,0.2713
MAC005256,7.0,0.2749
MAC005256,7.5,0.3008
MAC005256,8.0,0.3066
MAC005256,8.5,0.3173
MAC005256,9.0,0.2954
MAC005256,9.5,0.2716
MAC005256,10.0,0.2617
MAC005256,10.5,0.2692
MAC005256,11.0,0.265
MAC005256,11.5,0.2533
MAC005256,12.0,0.2361
MAC005256,12.5,0.2569
MAC005256,13.0,0.2306
MAC005256,13.5,0.2272
MAC005256,14.0,0.2684
MAC005256,14.5,0.2581
MAC005256,15.0,0.2971
MAC005256,15.5,0.3027
MAC005256,16.0,0.3245
MAC005256,16.5,0.3022
MAC005256,17.0,0.3165
MAC005256,17.5,0.4153
MAC005256,18.0,0.4925
MAC005256,18.5,0.5403
MAC005256,19.0,0.5179
MAC005256,19.5,0.3851
MAC005256,20.0,0.3143
MAC005256,20.5,0.2392
MAC005256,21.0,0.2035
MAC005256,21.5,0.1741
MAC005256,22.0,0.1572
MAC005256,22.5,0.1433
MAC005256,23.0,0.1394
MAC005256,23.5,0.1328
MAC005261,0.0,0.2893
MAC005261,0.5,0.2641
MAC005261,1.0,0.2378
MAC005261,1.5,0.2103
MAC005261,2.0,0.1845
MAC005261,2.5,0.1769
MAC005261,3.0,0.1683
MAC005261,3.5,0.1716
MAC005261,4.0,0.1707
MAC005261,4.5,0.1849
MAC005261,5.0,0.179
MAC005261,5.5,0.1873
MAC005261,6.0,0.181
MAC005261,6.5,0.1899
MAC005261,7.0,0.194
MAC005261,7.5,0.193
MAC005261,8.0,0.2046
MAC005261,8.5,0.2011
MAC005261,9.0,0.2159
MAC005261,9.5,0.2068
MAC005261,10.0,0.212
MAC005261,10.5,0.2068
MAC005261,11.0,0.2029
MAC005261,11.5,0.2045
MAC005261,12.0,0.218
MAC005261,12.5,0.2493
MAC005261,13.0,0.279
MAC005261,13.5,0.2853
MAC005261,14.0,0.293
MAC005261,14.5,0.2775
MAC005261,15.0,0.2968
MAC005261,15.5,0.2982
MAC005261,16.0,0.3011
MAC005261,16.5,0.3022
MAC005261,17.0,0.321
MAC005261,17.5,0.3105
MAC005261,18.0,0.3387
MAC005261,18.5,0.3588
MAC005261,19.0,0.3588
MAC005261,19.5,0.3675
MAC005261,20.0,0.3683
MAC005261,20.5,0.3777
MAC005261,21.0,0.3775
MAC005261,21.5,0.3695
MAC005261,22.0,0.3634
MAC005261,22.5,0.3503
MAC005261,23.0,0.3301
MAC005261,23.5,0.304
MAC005269,0.0,0.3757
MAC005269,0.5,0.3398
MAC005269,1.0,0.3224
MAC005269,1.5,0.3146
MAC005269,2.0,0.3085
MAC005269,2.5,0.3026
MAC005269,3.0,0.3004
MAC005269,3.5,0.3086
MAC005269,4.0,0.3203
MAC005269,4.5,0.3424
MAC005269,5.0,0.3317
MAC005269,5.5,0.3762
MAC005269,6.0,0.4528
MAC005269,6.5,0.4928
MAC005269,7.0,0.5719
MAC005269,7.5,0.6187
MAC005269,8.0,0.6491
MAC005269,8.5,0.613
MAC005269,9.0,0.6074
MAC005269,9.5,0.5571
MAC005269,10.0,0.5584
MAC005269,10.5,0.5617
MAC005269,11.0,0.5599
MAC005269,11.5,0.6026
MAC005269,12.0,0.5972
MAC005269,12.5,0.6092
MAC005269,13.0,0.6244
MAC005269,13.5,0.6781
MAC005269,14.0,0.7046
MAC005269,14.5,0.692
MAC005269,15.0,0.7513
MAC005269,15.5,0.755
MAC005269,16.0,0.7661
MAC005269,16.5,0.7407
MAC005269,17.0,0.7747
MAC005269,17.5,0.7523
MAC005269,18.0,0.7309
MAC005269,18.5,0.6998
MAC005269,19.0,0.7075
MAC005269,19.5,0.7001
MAC005269,20.0,0.7651
MAC005269,20.5,0.8124
MAC005269,21.0,0.7786
MAC005269,21.5,0.7209
MAC005269,22.0,0.6246
MAC005269,22.5,0.5441
MAC005269,23.0,0.4686
MAC005269,23.5,0.4136
MAC005303,0.0,0.4396
MAC005303,0.5,0.4018
MAC005303,1.0,0.3507
MAC005303,1.5,0.3714
MAC005303,2.0,0.3833
MAC005303,2.5,0.371
MAC005303,3.0,0.3705
MAC005303,3.5,0.3553
MAC005303,4.0,0.3691
MAC005303,4.5,0.3635
MAC005303,5.0,0.3704
MAC005303,5.5,0.3743
MAC005303,6.0,0.3846
MAC005303,6.5,0.4163
MAC005303,7.0,0.5249
MAC005303,7.5,0.5576
MAC005303,8.0,0.5396
MAC005303,8.5,0.516
MAC005303,9.0,0.4848
MAC005303,9.5,0.4942
MAC005303,10.0,0.4959
MAC005303,10.5,0.4862
MAC005303,11.0,0.4937
MAC005303,11.5,0.4527
MAC005303,12.0,0.4343
MAC005303,12.5,0.4537
MAC005303,13.0,0.4604
MAC005303,13.5,0.4376
MAC005303,14.0,0.4197
MAC005303,14.5,0.404
MAC005303,15.0,0.4549
MAC005303,15.5,0.4816
MAC005303,16.0,0.5171
MAC005303,16.5,0.5339
MAC005303,17.0,0.5579
MAC005303,17.5,0.6354
MAC005303,18.0,0.744
MAC005303,18.5,0.7591
MAC005303,19.0,0.7323
MAC005303,19.5,0.7191
MAC005303,20.0,0.6732
MAC005303,20.5,0.6771
MAC005303,21.0,0.6363
MAC005303,21.5,0.6242
MAC005303,22.0,0.6056
MAC005303,22.5,0.5925
MAC005303,23.0,0.5255
MAC005303,23.5,0.4762
MAC005309,0.0,2.632
MAC005309,0.5,1.9444
MAC005309,1.0,1.1329
MAC005309,1.5,0.8888
MAC005309,2.0,0.8678
MAC005309,2.5,0.8559
MAC005309,3.0,0.8295
MAC005309,3.5,0.8127
MAC005309,4.0,0.7965
MAC005309,4.5,0.788
MAC005309,5.0,0.7338
MAC005309,5.5,0.6945
MAC005309,6.0,0.5752
MAC005309,6.5,0.277
MAC005309,7.0,0.3738
MAC005309,7.5,0.517
MAC005309,8.0,0.6113
MAC005309,8.5,0.6129
MAC005309,9.0,0.6278
MAC005309,9.5,0.6247
MAC005309,10.0,0.6167
MAC005309,10.5,0.6016
MAC005309,11.0,0.5771
MAC005309,11.5,0.5563
MAC005309,12.0,0.5617
MAC005309,12.5,0.593
MAC005309,13.0,0.5564
MAC005309,13.5,0.5437
MAC005309,14.0,0.5119
MAC005309,14.5,0.5507
MAC005309,15.0,0.511
MAC005309,15.5,0.562
MAC005309,16.0,0.6338
MAC005309,16.5,0.6491
MAC005309,17.0,0.7669
MAC005309,17.5,0.8501
MAC005309,18.0,1.068
MAC005309,18.5,1.1741
MAC005309,19.0,1.1262
MAC005309,19.5,0.8404
MAC005309,20.0,0.7219
MAC005309,20.5,0.694
MAC005309,21.0,0.6375
MAC005309,21.5,0.4942
MAC005309,22.0,0.387
MAC005309,22.5,0.3045
MAC005309,23.0,0.3437
MAC005309,23.5,3.3678
MAC005318,0.0,1.3762
MAC005318,0.5,1.3734
MAC005318,1.0,1.3071
MAC005318,1.5,1.2845
MAC005318,2.0,1.247
MAC005318,2.5,1.2502
MAC005318,3.0,1.2697
MAC005318,3.5,1.2423
MAC005318,4.0,1.2837
MAC005318,4.5,1.2957
MAC005318,5.0,1.4676
MAC005318,5.5,1.602
MAC005318,6.0,1.3935
MAC005318,6.5,1.2721
MAC005318,7.0,1.2337
MAC005318,7.5,1.5039
MAC005318,8.0,1.7478
MAC005318,8.5,2.1075
MAC005318,9.0,2.0529
MAC005318,9.5,1.9062
MAC005318,10.0,1.783
MAC005318,10.5,1.8458
MAC005318,11.0,2.1521
MAC005318,11.5,2.0931
MAC005318,12.0,2.2575
MAC005318,12.5,2.2401
MAC005318,13.0,2.1534
MAC005318,13.5,2.134
MAC005318,14.0,1.8202
MAC005318,14.5,1.6405
MAC005318,15.0,1.8259
MAC005318,15.5,1.9629
MAC005318,16.0,1.6759
MAC005318,16.5,1.6255
MAC005318,17.0,1.599
MAC005318,17.5,1.6952
MAC005318,18.0,1.9194
MAC005318,18.5,1.8179
MAC005318,19.0,1.8481
MAC005318,19.5,2.1071
MAC005318,20.0,1.99
MAC005318,20.5,1.7532
MAC005318,21.0,2.17
MAC005318,21.5,1.8338
MAC005318,22.0,1.5454
MAC005318,22.5,1.3838
MAC005318,23.0,1.2728
MAC005318,23.5,1.2964
MAC005337,0.0,2.1495
MAC005337,0.5,1.6441
MAC005337,1.0,1.5333
MAC005337,1.5,1.3826
MAC005337,2.0,1.1153
MAC005337,2.5,0.7655
MAC005337,3.0,0.4564
MAC005337,3.5,0.4156
MAC005337,4.0,0.3396
MAC005337,4.5,0.3047
MAC005337,5.0,0.2952
MAC005337,5.5,0.2626
MAC005337,6.0,0.2948
MAC005337,6.5,0.0587
MAC005337,7.0,0.0572
MAC005337,7.5,0.0546
MAC005337,8.0,0.0522
MAC005337,8.5,0.0557
MAC005337,9.0,0.0581
MAC005337,9.5,0.0558
MAC005337,10.0,0.0602
MAC005337,10.5,0.0646
MAC005337,11.0,0.0773
MAC005337,11.5,0.0931
MAC005337,12.0,0.0778
MAC005337,12.5,0.0793
MAC005337,13.0,0.0854
MAC005337,13.5,0.0963
MAC005337,14.0,0.0952
MAC005337,14.5,0.0996
MAC005337,15.0,0.092
MAC005337,15.5,0.1005
MAC005337,16.0,0.1153
MAC005337,16.5,0.1345
MAC005337,17.0,0.1369
MAC005337,17.5,0.1623
MAC005337,18.0,0.2016
MAC005337,18.5,0.2262
MAC005337,19.0,0.2521
MAC005337,19.5,0.244
MAC005337,20.0,0.2202
MAC005337,20.5,0.2083
MAC005337,21.0,0.1878
MAC005337,21.5,0.1739
MAC005337,22.0,0.1487
MAC005337,22.5,0.1337
MAC005337,23.0,0.1037
MAC005337,23.5,2.6661
MAC005350,0.0,0.6553
MAC005350,0.5,0.6344
MAC005350,1.0,0.6435
MAC005350,1.5,0.6504
MAC005350,2.0,0.6651
MAC005350,2.5,0.6788
MAC005350,3.0,0.6395
MAC005350,3.5,0.6604
MAC005350,4.0,0.7235
MAC005350,4.5,0.7225
MAC005350,5.0,0.7512
MAC005350,5.5,0.8483
MAC005350,6.0,0.9981
MAC005350,6.5,0.9424
MAC005350,7.0,0.8323
MAC005350,7.5,0.6807
MAC005350,8.0,0.6107
MAC005350,8.5,0.5538
MAC005350,9.0,0.4891
MAC005350,9.5,0.4763
MAC005350,10.0,0.4662
MAC005350,10.5,0.4541
MAC005350,11.0,0.4654
MAC005350,11.5,0.4722
MAC005350,12.0,0.4624
MAC005350,12.5,0.4504
MAC005350,13.0,0.4544
MAC005350,13.5,0.47
MAC005350,14.0,0.488
MAC005350,14.5,0.5006
MAC005350,15.0,0.5614
MAC005350,15.5,0.628
MAC005350,16.0,0.7442
MAC005350,16.5,0.8393
MAC005350,17.0,0.8967
MAC005350,17.5,0.9172
MAC005350,18.0,0.8888
MAC005350,18.5,0.896
MAC005350,19.0,0.8589
MAC005350,19.5,0.8038
MAC005350,20.0,0.7718
MAC005350,20.5,0.7308
MAC005350,21.0,0.7209
MAC005350,21.5,0.6721
MAC005350,22.0,0.557
MAC005350,22.5,0.5117
MAC005350,23.0,0.4468
MAC005350,23.5,0.7105
MAC005357,0.0,0.2822
MAC005357,0.5,0.2831
MAC005357,1.0,0.2823
MAC005357,1.5,0.285
MAC005357,2.0,0.2889
MAC005357,2.5,0.2832
MAC005357,3.0,0.2813
MAC005357,3.5,0.2819
MAC005357,4.0,0.28
MAC005357,4.5,0.2814
MAC005357,5.0,0.3159
MAC005357,5.5,0.2903
MAC005357,6.0,0.325
MAC005357,6.5,0.3716
MAC005357,7.0,0.3786
MAC005357,7.5,0.3743
MAC005357,8.0,0.3597
MAC005357,8.5,0.3246
MAC005357,9.0,0.3355
MAC005357,9.5,0.3302
MAC005357,10.0,0.3549
MAC005357,10.5,0.3357
MAC005357,11.0,0.3321
MAC005357,11.5,0.3036
MAC005357,12.0,0.3293
MAC005357,12.5,0.2889
MAC005357,13.0,0.2827
MAC005357,13.5,0.2651
MAC005357,14.0,0.2553
MAC005357,14.5,0.2747
MAC005357,15.0,0.3312
MAC005357,15.5,0.3206
MAC005357,16.0,0.3479
MAC005357,16.5,0.3529
MAC005357,17.0,0.3552
MAC005357,17.5,0.3681
MAC005357,18.0,0.3855
MAC005357,18.5,0.3932
MAC005357,19.0,0.4109
MAC005357,19.5,0.4191
MAC005357,20.0,0.4283
MAC005357,20.5,0.4356
MAC005357,21.0,0.3897
MAC005357,21.5,0.3582
MAC005357,22.0,0.3038
MAC005357,22.5,0.2834
MAC005357,23.0,0.2829
MAC005357,23.5,0.282
MAC005366,0.0,0.2704
MAC005366,0.5,0.2596
MAC005366,1.0,0.2507
MAC005366,1.5,0.2472
MAC005366,2.0,0.2568
MAC005366,2.5,0.2639
MAC005366,3.0,0.3807
MAC005366,3.5,0.4578
MAC005366,4.0,0.3208
MAC005366,4.5,0.3666
MAC005366,5.0,0.3356
MAC005366,5.5,0.4144
MAC005366,6.0,0.5969
MAC005366,6.5,0.5961
MAC005366,7.0,0.6838
MAC005366,7.5,0.6769
MAC005366,8.0,0.74
MAC005366,8.5,0.6967
MAC005366,9.0,0.6952
MAC005366,9.5,0.7595
MAC005366,10.0,0.7797
MAC005366,10.5,0.7298
MAC005366,11.0,0.7291
MAC005366,11.5,0.733
MAC005366,12.0,0.7106
MAC005366,12.5,0.7498
MAC005366,13.0,0.7374
MAC005366,13.5,0.8087
MAC005366,14.0,0.879
MAC005366,14.5,0.8815
MAC005366,15.0,0.8846
MAC005366,15.5,0.9589
MAC005366,16.0,1.1411
MAC005366,16.5,1.2173
MAC005366,17.0,1.3268
MAC005366,17.5,1.4601
MAC005366,18.0,1.5405
MAC005366,18.5,1.4572
MAC005366,19.0,1.3402
MAC005366,19.5,1.2123
MAC005366,20.0,1.0724
MAC005366,20.5,0.9298
MAC005366,21.0,0.7422
MAC005366,21.5,0.5965
MAC005366,22.0,0.444
MAC005366,22.5,0.3328
MAC005366,23.0,0.2867
MAC005366,23.5,0.2768
MAC005369,0.0,0.1676
MAC005369,0.5,0.125
MAC005369,1.0,0.1027
MAC005369,1.5,0.0935
MAC005369,2.0,0.0908
MAC005369,2.5,0.0933
MAC005369,3.0,0.0999
MAC005369,3.5,0.0927
MAC005369,4.0,0.093
MAC005369,4.5,0.0963
MAC005369,5.0,0.1142
MAC005369,5.5,0.1431
MAC005369,6.0,0.1801
MAC005369,6.5,0.2163
MAC005369,7.0,0.2275
MAC005369,7.5,0.2712
MAC005369,8.0,0.2686
MAC005369,8.5,0.255
MAC005369,9.0,0.2383
MAC005369,9.5,0.2289
MAC005369,10.0,0.2172
MAC005369,10.5,0.2131
MAC005369,11.0,0.215
MAC005369,11.5,0.2134
MAC005369,12.0,0.2151
MAC005369,12.5,0.2161
MAC005369,13.0,0.1914
MAC005369,13.5,0.1843
MAC005369,14.0,0.1797
MAC005369,14.5,0.1865
MAC005369,15.0,0.1935
MAC005369,15.5,0.2055
MAC005369,16.0,0.2305
MAC005369,16.5,0.2549
MAC005369,17.0,0.2698
MAC005369,17.5,0.2859
MAC005369,18.0,0.2984
MAC005369,18.5,0.3117
MAC005369,19.0,0.3212
MAC005369,19.5,0.3348
MAC005369,20.0,0.3335
MAC005369,20.5,0.3218
MAC005369,21.0,0.3308
MAC005369,21.5,0.3473
MAC005369,22.0,0.3522
MAC005369,22.5,0.3277
MAC005369,23.0,0.29
MAC005369,23.5,0.2335
MAC005396,0.0,0.1113
MAC005396,0.5,0.1046
MAC005396,1.0,0.1047
MAC005396,1.5,0.1036
MAC005396,2.0,0.1034
MAC005396,2.5,0.1033
MAC005396,3.0,0.1025
MAC005396,3.5,0.1019
MAC005396,4.0,0.1014
MAC005396,4.5,0.1015
MAC005396,5.0,0.1025
MAC005396,5.5,0.106
MAC005396,6.0,0.212
MAC005396,6.5,0.2363
MAC005396,7.0,0.2768
MAC005396,7.5,0.3504
MAC005396,8.0,0.2838
MAC005396,8.5,0.2916
MAC005396,9.0,0.2323
MAC005396,9.5,0.2114
MAC005396,10.0,0.2031
MAC005396,10.5,0.254
MAC005396,11.0,0.2562
MAC005396,11.5,0.4383
MAC005396,12.0,0.4146
MAC005396,12.5,0.3631
MAC005396,13.0,0.3378
MAC005396,13.5,0.2804
MAC005396,14.0,0.2417
MAC005396,14.5,0.2504
MAC005396,15.0,0.2479
MAC005396,15.5,0.2335
MAC005396,16.0,0.2369
MAC005396,16.5,0.2442
MAC005396,17.0,0.2766
MAC005396,17.5,0.3189
MAC005396,18.0,0.3106
MAC005396,18.5,0.3293
MAC005396,19.0,0.2923
MAC005396,19.5,0.2679
MAC005396,20.0,0.2577
MAC005396,20.5,0.2781
MAC005396,21.0,0.2875
MAC005396,21.5,0.3237
MAC005396,22.0,0.2902
MAC005396,22.5,0.2594
MAC005396,23.0,0.1877
MAC005396,23.5,0.1473
MAC005419,0.0,0.0745
MAC005419,0.5,0.0677
MAC005419,1.0,0.0665
MAC005419,1.5,0.0641
MAC005419,2.0,0.0618
MAC005419,2.5,0.0688
MAC005419,3.0,0.0618
MAC005419,3.5,0.0538
MAC005419,4.0,0.0572
MAC005419,4.5,0.0608
MAC005419,5.0,0.0631
MAC005419,5.5,0.0851
MAC005419,6.0,0.1156
MAC005419,6.5,0.138
MAC005419,7.0,0.1545
MAC005419,7.5,0.1591
MAC005419,8.0,0.1392
MAC005419,8.5,0.1414
MAC005419,9.0,0.1131
MAC005419,9.5,0.1129
MAC005419,10.0,0.1216
MAC005419,10.5,0.1085
MAC005419,11.0,0.1195
MAC005419,11.5,0.114
MAC005419,12.0,0.1182
MAC005419,12.5,0.1176
MAC005419,13.0,0.1038
MAC005419,13.5,0.1047
MAC005419,14.0,0.0994
MAC005419,14.5,0.1148
MAC005419,15.0,0.1034
MAC005419,15.5,0.0876
MAC005419,16.0,0.0829
MAC005419,16.5,0.095
MAC005419,17.0,0.1076
MAC005419,17.5,0.1235
MAC005419,18.0,0.1728
MAC005419,18.5,0.2371
MAC005419,19.0,0.2611
MAC005419,19.5,0.3051
MAC005419,20.0,0.2961
MAC005419,20.5,0.2762
MAC005419,21.0,0.2458
MAC005419,21.5,0.2033
MAC005419,22.0,0.1417
MAC005419,22.5,0.11
MAC005419,23.0,0.0946
MAC005419,23.5,0.0871
MAC005430,0.0,0.2739
MAC005430,0.5,0.2658
MAC005430,1.0,0.2675
MAC005430,1.5,0.2661
MAC005430,2.0,0.2684
MAC005430,2.5,0.2664
MAC005430,3.0,0.2699
MAC005430,3.5,0.2692
MAC005430,4.0,0.2687
MAC005430,4.5,0.2664
MAC005430,5.0,0.2642
MAC005430,5.5,0.263
MAC005430,6.0,0.2653
MAC005430,6.5,0.2656
MAC005430,7.0,0.28
MAC005430,7.5,0.3034
MAC005430,8.0,0.3457
MAC005430,8.5,0.3806
MAC005430,9.0,0.408
MAC005430,9.5,0.3889
MAC005430,10.0,0.381
MAC005430,10.5,0.3833
MAC005430,11.0,0.4076
MAC005430,11.5,0.4001
MAC005430,12.0,0.4475
MAC005430,12.5,0.446
MAC005430,13.0,0.4685
MAC005430,13.5,0.497
MAC005430,14.0,0.4923
MAC005430,14.5,0.5203
MAC005430,15.0,0.549
MAC005430,15.5,0.5747
MAC005430,16.0,0.6658
MAC005430,16.5,0.7079
MAC005430,17.0,0.7251
MAC005430,17.5,0.7224
MAC005430,18.0,0.7844
MAC005430,18.5,0.7929
MAC005430,19.0,0.8138
MAC005430,19.5,0.8292
MAC005430,20.0,0.7638
MAC005430,20.5,0.7552
MAC005430,21.0,0.7233
MAC005430,21.5,0.6868
MAC005430,22.0,0.6112
MAC005430,22.5,0.4698
MAC005430,23.0,0.3821
MAC005430,23.5,0.2908
MAC005449,0.0,0.1974
MAC005449,0.5,0.1848
MAC005449,1.0,0.1693
MAC005449,1.5,0.1615
MAC005449,2.0,0.1631
MAC005449,2.5,0.1643
MAC005449,3.0,0.1641
MAC005449,3.5,0.1622
MAC005449,4.0,0.1617
MAC005449,4.5,0.1711
MAC005449,5.0,0.2132
MAC005449,5.5,0.2504
MAC005449,6.0,0.3254
MAC005449,6.5,0.3626
MAC005449,7.0,0.4054
MAC005449,7.5,0.4415
MAC005449,8.0,0.4977
MAC005449,8.5,0.4781
MAC005449,9.0,0.4101
MAC005449,9.5,0.3574
MAC005449,10.0,0.3165
MAC005449,10.5,0.2784
MAC005449,11.0,0.2337
MAC005449,11.5,0.1999
MAC005449,12.0,0.2268
MAC005449,12.5,0.2388
MAC005449,13.0,0.2565
MAC005449,13.5,0.2431
MAC005449,14.0,0.2094
MAC005449,14.5,0.2159
MAC005449,15.0,0.1968
MAC005449,15.5,0.2181
MAC005449,16.0,0.2117
MAC005449,16.5,0.2302
MAC005449,17.0,0.2662
MAC005449,17.5,0.2803
MAC005449,18.0,0.3065
MAC005449,18.5,0.3487
MAC005449,19.0,0.3799
MAC005449,19.5,0.4127
MAC005449,20.0,0.4445
MAC005449,20.5,0.4683
MAC005449,21.0,0.4797
MAC005449,21.5,0.4463
MAC005449,22.0,0.3966
MAC005449,22.5,0.3501
MAC005449,23.0,0.2963
MAC005449,23.5,0.2162
MAC005470,0.0,0.0745
MAC005470,0.5,0.069
MAC005470,1.0,0.069
MAC005470,1.5,0.0721
MAC005470,2.0,0.0735
MAC005470,2.5,0.0717
MAC005470,3.0,0.0739
MAC005470,3.5,0.0722
MAC005470,4.0,0.0728
MAC005470,4.5,0.0731
MAC005470,5.0,0.118
MAC005470,5.5,0.1613
MAC005470,6.0,0.1933
MAC005470,6.5,0.2267
MAC005470,7.0,0.2793
MAC005470,7.5,0.27
MAC005470,8.0,0.2809
MAC005470,8.5,0.2443
MAC005470,9.0,0.2322
MAC005470,9.5,0.211
MAC005470,10.0,0.1866
MAC005470,10.5,0.1782
MAC005470,11.0,0.1348
MAC005470,11.5,0.1233
MAC005470,12.0,0.1355
MAC005470,12.5,0.131
MAC005470,13.0,0.1498
MAC005470,13.5,0.1365
MAC005470,14.0,0.1461
MAC005470,14.5,0.1722
MAC005470,15.0,0.2066
MAC005470,15.5,0.2343
MAC005470,16.0,0.2674
MAC005470,16.5,0.277
MAC005470,17.0,0.2825
MAC005470,17.5,0.272
MAC005470,18.0,0.285
MAC005470,18.5,0.3263
MAC005470,19.0,0.345
MAC005470,19.5,0.3288
MAC005470,20.0,0.3192
MAC005470,20.5,0.2606
MAC005470,21.0,0.2259
MAC005470,21.5,0.1671
MAC005470,22.0,0.1297
MAC005470,22.5,0.1001
MAC005470,23.0,0.094
MAC005470,23.5,0.0802
MAC005482,0.0,0.1837
MAC005482,0.5,0.1595
MAC005482,1.0,0.1459
MAC005482,1.5,0.1379
MAC005482,2.0,0.1326
MAC005482,2.5,0.1359
MAC005482,3.0,0.1301
MAC005482,3.5,0.1359
MAC005482,4.0,0.1535
MAC005482,4.5,0.1513
MAC005482,5.0,0.2272
MAC005482,5.5,0.222
MAC005482,6.0,0.2066
MAC005482,6.5,0.2087
MAC005482,7.0,0.2052
MAC005482,7.5,0.2182
MAC005482,8.0,0.2791
MAC005482,8.5,0.2929
MAC005482,9.0,0.4535
MAC005482,9.5,0.3266
MAC005482,10.0,0.3803
MAC005482,10.5,0.3213
MAC005482,11.0,0.2782
MAC005482,11.5,0.2692
MAC005482,12.0,0.2627
MAC005482,12.5,0.3147
MAC005482,13.0,0.3981
MAC005482,13.5,0.305
MAC005482,14.0,0.3454
MAC005482,14.5,0.3206
MAC005482,15.0,0.2626
MAC005482,15.5,0.298
MAC005482,16.0,0.3278
MAC005482,16.5,0.3812
MAC005482,17.0,0.7371
MAC005482,17.5,0.6092
MAC005482,18.0,0.828
MAC005482,18.5,0.7074
MAC005482,19.0,0.5882
MAC005482,19.5,0.7307
MAC005482,20.0,0.8221
MAC005482,20.5,0.8487
MAC005482,21.0,0.7521
MAC005482,21.5,0.668
MAC005482,22.0,0.4986
MAC005482,22.5,0.3851
MAC005482,23.0,0.2772
MAC005482,23.5,0.2303
MAC005508,0.0,0.3558
MAC005508,0.5,0.29
MAC005508,1.0,0.2334
MAC005508,1.5,0.2019
MAC005508,2.0,0.2013
MAC005508,2.5,0.207
MAC005508,3.0,0.212
MAC005508,3.5,0.2085
MAC005508,4.0,0.2212
MAC005508,4.5,0.2449
MAC005508,5.0,0.229
MAC005508,5.5,0.2502
MAC005508,6.0,0.2833
MAC005508,6.5,0.3294
MAC005508,7.0,0.3677
MAC005508,7.5,0.4184
MAC005508,8.0,0.4316
MAC005508,8.5,0.3813
MAC005508,9.0,0.3954
MAC005508,9.5,0.393
MAC005508,10.0,0.3779
MAC005508,10.5,0.3644
MAC005508,11.0,0.3864
MAC005508,11.5,0.3775
MAC005508,12.0,0.3482
MAC005508,12.5,0.3215
MAC005508,13.0,0.3255
MAC005508,13.5,0.3396
MAC005508,14.0,0.356
MAC005508,14.5,0.3499
MAC005508,15.0,0.3536
MAC005508,15.5,0.3515
MAC005508,16.0,0.3892
MAC005508,16.5,0.4899
MAC005508,17.0,0.5722
MAC005508,17.5,0.6625
MAC005508,18.0,0.737
MAC005508,18.5,0.7801
MAC005508,19.0,0.8422
MAC005508,19.5,0.8217
MAC005508,20.0,0.8545
MAC005508,20.5,0.8797
MAC005508,21.0,0.8875
MAC005508,21.5,0.8499
MAC005508,22.0,0.7937
MAC005508,22.5,0.6725
MAC005508,23.0,0.5485
MAC005508,23.5,0.4364
MAC005511,0.0,0.1839
MAC005511,0.5,0.1404
MAC005511,1.0,0.1207
MAC005511,1.5,0.1103
MAC005511,2.0,0.1027
MAC005511,2.5,0.0995
MAC005511,3.0,0.0979
MAC005511,3.5,0.1193
MAC005511,4.0,0.1071
MAC005511,4.5,0.1232
MAC005511,5.0,0.108
MAC005511,5.5,0.1
MAC005511,6.0,0.1533
MAC005511,6.5,0.2986
MAC005511,7.0,0.3176
MAC005511,7.5,0.4018
MAC005511,8.0,0.3868
MAC005511,8.5,0.3471
MAC005511,9.0,0.3486
MAC005511,9.5,0.3509
MAC005511,10.0,0.3526
MAC005511,10.5,0.3414
MAC005511,11.0,0.3549
MAC005511,11.5,0.3648
MAC005511,12.0,0.3502
MAC005511,12.5,0.3827
MAC005511,13.0,0.3968
MAC005511,13.5,0.4364
MAC005511,14.0,0.4315
MAC005511,14.5,0.5591
MAC005511,15.0,0.5613
MAC005511,15.5,0.6589
MAC005511,16.0,0.7349
MAC005511,16.5,0.6676
MAC005511,17.0,0.6405
MAC005511,17.5,0.5957
MAC005511,18.0,0.5944
MAC005511,18.5,0.5917
MAC005511,19.0,0.6146
MAC005511,19.5,0.5737
MAC005511,20.0,0.5078
MAC005511,20.5,0.4435
MAC005511,21.0,0.4403
MAC005511,21.5,0.4155
MAC005511,22.0,0.4384
MAC005511,22.5,0.3905
MAC005511,23.0,0.3346
MAC005511,23.5,0.2395
MAC005521,0.0,0.2835
MAC005521,0.5,0.2858
MAC005521,1.0,0.2143
MAC005521,1.5,0.1761
MAC005521,2.0,0.1514
MAC005521,2.5,0.1386
MAC005521,3.0,0.1271
MAC005521,3.5,0.1283
MAC005521,4.0,0.1167
MAC005521,4.5,0.1284
MAC005521,5.0,0.1648
MAC005521,5.5,0.3648
MAC005521,6.0,0.4003
MAC005521,6.5,0.5999
MAC005521,7.0,0.548
MAC005521,7.5,0.5267
MAC005521,8.0,0.4238
MAC005521,8.5,0.4098
MAC005521,9.0,0.4016
MAC005521,9.5,0.4015
MAC005521,10.0,0.3451
MAC005521,10.5,0.3478
MAC005521,11.0,0.3114
MAC005521,11.5,0.316
MAC005521,12.0,0.4061
MAC005521,12.5,0.3494
MAC005521,13.0,0.325
MAC005521,13.5,0.3284
MAC005521,14.0,0.3659
MAC005521,14.5,0.3949
MAC005521,15.0,0.4035
MAC005521,15.5,0.3764
MAC005521,16.0,0.3691
MAC005521,16.5,0.391
MAC005521,17.0,0.402
MAC005521,17.5,0.434
MAC005521,18.0,0.4359
MAC005521,18.5,0.453
MAC005521,19.0,0.4569
MAC005521,19.5,0.4764
MAC005521,20.0,0.487
MAC005521,20.5,0.4954
MAC005521,21.0,0.5123
MAC005521,21.5,0.5448
MAC005521,22.0,0.5407
MAC005521,22.5,0.5096
MAC005521,23.0,0.45
MAC005521,23.5,0.343
MAC005526,0.0,0.3095
MAC005526,0.5,0.2987
MAC005526,1.0,0.2957
MAC005526,1.5,0.284
MAC005526,2.0,0.2782
MAC005526,2.5,0.2842
MAC005526,3.0,0.2846
MAC005526,3.5,0.2816
MAC005526,4.0,0.2861
MAC005526,4.5,0.2812
MAC005526,5.0,0.2795
MAC005526,5.5,0.517
MAC005526,6.0,0.6646
MAC005526,6.5,0.463
MAC005526,7.0,0.7271
MAC005526,7.5,0.6068
MAC005526,8.0,0.4855
MAC005526,8.5,0.4182
MAC005526,9.0,0.3824
MAC005526,9.5,0.3667
MAC005526,10.0,0.378
MAC005526,10.5,0.3642
MAC005526,11.0,0.4048
MAC005526,11.5,0.4008
MAC005526,12.0,0.3881
MAC005526,12.5,0.3772
MAC005526,13.0,0.3574
MAC005526,13.5,0.3526
MAC005526,14.0,0.3761
MAC005526,14.5,0.4053
MAC005526,15.0,0.4625
MAC005526,15.5,0.5641
MAC005526,16.0,0.7935
MAC005526,16.5,0.7833
MAC005526,17.0,0.7242
MAC005526,17.5,0.6394
MAC005526,18.0,0.5227
MAC005526,18.5,0.5077
MAC005526,19.0,0.4948
MAC005526,19.5,0.4639
MAC005526,20.0,0.4426
MAC005526,20.5,0.4116
MAC005526,21.0,0.4309
MAC005526,21.5,0.4143
MAC005526,22.0,0.418
MAC005526,22.5,0.3735
MAC005526,23.0,0.341
MAC005526,23.5,0.3337
MAC005536,0.0,0.051
MAC005536,0.5,0.0511
MAC005536,1.0,0.0499
MAC005536,1.5,0.0457
MAC005536,2.0,0.0398
MAC005536,2.5,0.0337
MAC005536,3.0,0.0296
MAC005536,3.5,0.0269
MAC005536,4.0,0.0259
MAC005536,4.5,0.0255
MAC005536,5.0,0.0253
MAC005536,5.5,0.0244
MAC005536,6.0,0.0271
MAC005536,6.5,0.0266
MAC005536,7.0,0.0368
MAC005536,7.5,0.05
MAC005536,8.0,0.0595
MAC005536,8.5,0.0672
MAC005536,9.0,0.0662
MAC005536,9.5,0.0581
MAC005536,10.0,0.0442
MAC005536,10.5,0.0347
MAC005536,11.0,0.0297
MAC005536,11.5,0.0276
MAC005536,12.0,0.0279
MAC005536,12.5,0.0272
MAC005536,13.0,0.0271
MAC005536,13.5,0.0295
MAC005536,14.0,0.0328
MAC005536,14.5,0.032
MAC005536,15.0,0.0338
MAC005536,15.5,0.0361
MAC005536,16.0,0.0449
MAC005536,16.5,0.0633
MAC005536,17.0,0.0745
MAC005536,17.5,0.0856
MAC005536,18.0,0.0588
MAC005536,18.5,0.0579
MAC005536,19.0,0.0533
MAC005536,19.5,0.0489
MAC005536,20.0,0.0478
MAC005536,20.5,0.0531
MAC005536,21.0,0.0557
MAC005536,21.5,0.053
MAC005536,22.0,0.0519
MAC005536,22.5,0.053
MAC005536,23.0,0.0519
MAC005536,23.5,0.0525
MAC005542,0.0,0.2977
MAC005542,0.5,0.2515
MAC005542,1.0,0.2284
MAC005542,1.5,0.216
MAC005542,2.0,0.2007
MAC005542,2.5,0.1935
MAC005542,3.0,0.1865
MAC005542,3.5,0.175
MAC005542,4.0,0.1697
MAC005542,4.5,0.166
MAC005542,5.0,0.1643
MAC005542,5.5,0.1674
MAC005542,6.0,0.1586
MAC005542,6.5,0.164
MAC005542,7.0,0.1578
MAC005542,7.5,0.1712
MAC005542,8.0,0.2183
MAC005542,8.5,0.2168
MAC005542,9.0,0.2114
MAC005542,9.5,0.1952
MAC005542,10.0,0.2011
MAC005542,10.5,0.2137
MAC005542,11.0,0.2168
MAC005542,11.5,0.221
MAC005542,12.0,0.2275
MAC005542,12.5,0.2293
MAC005542,13.0,0.2377
MAC005542,13.5,0.2425
MAC005542,14.0,0.2514
MAC005542,14.5,0.2511
MAC005542,15.0,0.2394
MAC005542,15.5,0.2598
MAC005542,16.0,0.2656
MAC005542,16.5,0.2664
MAC005542,17.0,0.2903
MAC005542,17.5,0.3223
MAC005542,18.0,0.3609
MAC005542,18.5,0.4052
MAC005542,19.0,0.4135
MAC005542,19.5,0.4366
MAC005542,20.0,0.4435
MAC005542,20.5,0.4519
MAC005542,21.0,0.4687
MAC005542,21.5,0.4767
MAC005542,22.0,0.4415
MAC005542,22.5,0.4166
MAC005542,23.0,0.3854
MAC005542,23.5,0.3461
MAC005567,0.0,0.2268
MAC005567,0.5,0.1807
MAC005567,1.0,0.1412
MAC005567,1.5,0.1234
MAC005567,2.0,0.1114
MAC005567,2.5,0.1058
MAC005567,3.0,0.1027
MAC005567,3.5,0.1005
MAC005567,4.0,0.1
MAC005567,4.5,0.1011
MAC005567,5.0,0.0997
MAC005567,5.5,0.1009
MAC005567,6.0,0.1045
MAC005567,6.5,0.1029
MAC005567,7.0,0.1151
MAC005567,7.5,0.132
MAC005567,8.0,0.152
MAC005567,8.5,0.1802
MAC005567,9.0,0.2111
MAC005567,9.5,0.2232
MAC005567,10.0,0.2393
MAC005567,10.5,0.2383
MAC005567,11.0,0.2221
MAC005567,11.5,0.2444
MAC005567,12.0,0.221
MAC005567,12.5,0.2137
MAC005567,13.0,0.223
MAC005567,13.5,0.227
MAC005567,14.0,0.2443
MAC005567,14.5,0.2315
MAC005567,15.0,0.2313
MAC005567,15.5,0.2291
MAC005567,16.0,0.2499
MAC005567,16.5,0.2549
MAC005567,17.0,0.2623
MAC005567,17.5,0.2656
MAC005567,18.0,0.267
MAC005567,18.5,0.2881
MAC005567,19.0,0.3185
MAC005567,19.5,0.3323
MAC005567,20.0,0.3373
MAC005567,20.5,0.3415
MAC005567,21.0,0.366
MAC005567,21.5,0.3532
MAC005567,22.0,0.3575
MAC005567,22.5,0.3452
MAC005567,23.0,0.3142
MAC005567,23.5,0.2812
