household_id,day,total_x_usual,peak_x_usual,night_x_usual,zero_share,longest_flat_h,anomaly_score,flagged
MAC000082,2013-06-03,0.43318880567599527,0.11177644710578842,0.9633251833740831,0.0,4.0,0.6728707985299961,True
MAC000082,2013-06-08,0.2037839968466693,0.21956087824351297,0.35696821515892424,0.0,5.0,0.7310030631755843,True
MAC000082,2013-07-11,0.3571147024044147,0.12974051896207586,0.4034229828850855,0.0,3.5,0.6802326281223132,True
MAC000082,2013-07-27,0.21482065431612143,0.08782435129740518,0.5061124694376529,0.0,3.0,0.6809406289899897,True
MAC000082,2013-09-04,0.27000394166338193,0.11776447105788422,0.36185819070904646,0.0,4.5,0.7213431026851358,True
MAC000082,2013-09-05,0.3094205754828538,0.12574850299401197,0.45721271393643026,0.0,3.5,0.6761727309384329,True
MAC000082,2013-09-19,0.2905005912495073,0.13572854291417166,0.4229828850855745,0.0,3.5,0.680462785094009,True
MAC000082,2013-09-30,0.1631848640126133,0.04391217564870259,0.3178484107579462,0.0,4.5,0.757661853265079,True
MAC000082,2013-10-04,0.4903429247142294,1.1157684630738525,0.3691931540342298,0.0,4.5,0.6701458680289141,True
MAC000082,2013-10-14,1.1765865195112337,1.9840319361277445,0.3105134474327628,0.0,6.5,0.683969390837322,True
MAC000082,2013-10-15,0.1927473393772172,0.06387225548902195,0.38386308068459657,0.0,5.0,0.7454877135634331,True
MAC000082,2013-10-16,0.24911312573906189,0.10179640718562874,0.4376528117359413,0.0,3.0,0.6864460965746872,True
MAC000082,2013-10-17,1.5557745368545528,2.8682634730538923,0.36185819070904646,0.0,5.0,0.6766508760122634,True
MAC000082,2013-10-18,0.24438312968072526,0.11976047904191617,0.3178484107579462,0.0,2.5,0.6874838790831144,True
MAC000082,2013-10-19,0.27631060307449745,0.11776447105788422,0.3154034229828851,0.0,5.5,0.7284834728518466,True
MAC000082,2013-10-21,1.361056365786362,2.075848303393214,0.3251833740831296,0.0,6.0,0.6799077358581306,True
MAC000082,2013-11-26,0.20969649191959008,0.05389221556886228,0.44743276283618577,0.0,2.5,0.6958942958754043,True
MAC000082,2013-11-27,0.19550650374458023,0.04590818363273453,0.4498777506112469,0.0,5.0,0.7448082281229335,True
MAC000082,2013-12-09,0.3602680331099724,0.28542914171656686,0.49144254278728605,0.0,4.0,0.6699388824110322,True
MAC000082,2013-12-16,0.2711864406779661,0.1716566866267465,0.36674816625916873,0.0,4.5,0.7147844147646982,True
MAC000082,2013-12-26,0.40007883326763893,0.4471057884231537,0.49144254278728605,0.0,6.5,0.6787689091458072,True
MAC000089,2013-01-26,0.26579445687725944,0.06378986866791744,0.7290322580645161,0.0,4.0,0.6960735760739281,True
MAC000089,2013-03-01,0.1192976415906352,0.033771106941838644,0.421505376344086,0.0,3.0,0.7265365785188453,True
MAC000089,2013-03-02,0.11499397486658633,0.028142589118198873,0.41935483870967744,0.0,2.0,0.7009478659526601,True
MAC000089,2013-03-03,0.11258392150111896,0.028142589118198873,0.4086021505376344,0.0,2.0,0.7014222781586481,True
MAC000089,2013-03-04,0.11499397486658633,0.028142589118198873,0.4150537634408602,0.0,5.5,0.760259373825012,True
MAC000089,2013-03-05,0.11619900154932003,0.0300187617260788,0.4043010752688172,0.0,4.5,0.7563813774074963,True
MAC000089,2013-03-06,0.11946978825959717,0.0300187617260788,0.421505376344086,0.0,2.5,0.7157230590659814,True
MAC000089,2013-03-07,0.12084696161129281,0.033771106941838644,0.4344086021505376,0.0,3.0,0.7240829076271178,True
MAC000089,2013-03-08,0.12033052160440694,0.0300187617260788,0.4258064516129032,0.0,2.5,0.7135472550927865,True
MAC000089,2013-03-09,0.11843690824582544,0.03189493433395872,0.432258064516129,0.0,5.5,0.7582046311477543,True
MAC000089,2013-03-10,0.11447753485970047,0.0300187617260788,0.4129032258064516,0.0,3.0,0.728259093689227,True
MAC000089,2013-03-11,0.10879669478395593,0.028142589118198873,0.4064516129032258,0.0,2.0,0.7023720660561914,True
MAC000089,2013-03-12,0.10449302805990704,0.028142589118198873,0.4043010752688172,0.0,2.0,0.7028474421825301,True
MAC000089,2013-05-11,0.11774832156997761,0.04690431519699812,0.4086021505376344,0.0,0.5,0.6717083545438304,True
MAC000141,2013-01-26,1.3950190245589762,1.3723577235772357,0.9042821158690176,0.16666666666666666,4.0,0.6940459384317142,True
MAC000141,2013-02-13,1.0754064337599447,0.7886178861788617,0.9634760705289673,0.20833333333333334,5.0,0.7119069415449717,True
MAC000141,2013-02-15,1.0792113455551713,1.7121951219512195,0.8879093198992444,0.1875,4.0,0.7012464402586523,True
MAC000141,2013-02-17,1.1599792459356624,1.5528455284552845,1.1813602015113351,0.16666666666666666,4.0,0.6961812033658176,True
MAC000141,2013-02-18,1.0766170875129715,1.2829268292682927,0.8841309823677582,0.2916666666666667,7.0,0.74886115033341,True
MAC000141,2013-02-19,1.3145970252507784,1.23739837398374,1.13727959697733,0.2916666666666667,7.0,0.7436196040744041,True
MAC000141,2013-02-20,0.8448633690764441,0.7951219512195122,1.0566750629722923,0.22916666666666666,5.5,0.7201597591550336,True
MAC000141,2013-02-28,0.9673123486682809,0.8487804878048781,0.7984886649874057,0.22916666666666666,3.0,0.6702842030289174,True
MAC000141,2013-03-02,1.5997924420615706,1.640650243902439,1.540302267002519,0.25,6.0,0.7421312741439733,True
MAC000141,2013-03-03,0.5703908682116915,0.5560975609756098,0.8790931989924433,0.25,3.5,0.6998359817005596,True
MAC000141,2013-03-04,0.42909028017986856,0.21138211382113822,1.0327455919395467,0.3125,7.0,0.7634206202591601,True
MAC000141,2013-03-05,0.4958491871324801,0.25853658536585367,1.0566750629722923,0.20833333333333334,2.5,0.6763906482661163,True
MAC000141,2013-03-12,0.9884123140781736,0.7528455284552846,1.4143576826196478,0.2916666666666667,4.0,0.7260961643605838,True
MAC000141,2013-03-13,1.3498789346246973,1.4959349593495936,1.369017632241814,0.22916666666666666,3.0,0.6866891471489537,True
MAC000141,2013-03-15,0.5425458318920788,0.2861788617886179,1.0025188916876575,0.16666666666666666,3.0,0.6828795253507491,True
MAC000141,2013-03-18,1.090626080940851,1.191869918699187,1.0340050377833754,0.1875,4.5,0.699079673271997,True
MAC000141,2013-03-21,1.3708059494984435,1.4308943089430894,1.0289672544080606,0.2708333333333333,4.0,0.7214831889982731,True
MAC000141,2013-03-27,0.7725700449671393,1.1739837398373985,0.9231738035264484,0.3125,7.5,0.7456952794816064,True
MAC000141,2013-03-28,0.7914216534071254,0.5853658536585366,1.0428211586901763,0.2916666666666667,3.5,0.7047369077050931,True
MAC000141,2013-03-31,1.0449671393981321,1.245528455284553,1.2015113350125946,0.3333333333333333,5.0,0.7483799160566296,True
MAC000141,2013-04-02,0.826011760636458,0.8065040650406504,0.9659949622166248,0.4166666666666667,10.0,0.7565955514288337,True
MAC000141,2013-04-06,0.8699411968177102,1.1512195121951219,0.9042821158690176,0.3541666666666667,8.0,0.7517743814178959,True
MAC000141,2013-04-07,0.637149775164303,0.5138211382113821,0.9269521410579346,0.3125,6.0,0.7506441155848704,True
MAC000141,2013-04-08,0.8822206848841231,0.808130081300813,1.022670025188917,0.375,9.0,0.7561090746914013,True
MAC000141,2013-04-10,0.9415427187824282,1.1723577235772358,0.8916876574307305,0.3541666666666667,8.5,0.7511267587929397,True
MAC000141,2013-04-13,0.6300588031822898,0.48617886178861786,0.9546599496221664,0.22916666666666666,5.5,0.7290535002025469,True
MAC000141,2013-04-14,1.0603597371151852,1.3626016260162601,0.9256926952141059,0.2708333333333333,4.0,0.7185161256304614,True
MAC000141,2013-04-15,0.8386371497751643,1.1284552845528455,1.04911838790932,0.375,8.5,0.7546949049597371,True
MAC000141,2013-04-16,1.0657212037357315,0.6845528455284553,1.141057934508816,0.25,3.0,0.6877657026975531,True
MAC000141,2013-04-17,0.8306814251124178,0.9560975609756097,1.0100755667506298,0.2708333333333333,6.5,0.735237953913514,True
MAC000141,2013-04-18,0.6777931511587686,0.5430894308943089,1.0100755667506298,0.3125,7.0,0.7504644075099826,True
MAC000141,2013-04-20,0.8552404012452439,1.3105691056910571,0.8828715365239295,0.4375,10.5,0.7684150513068709,True
MAC000141,2013-04-21,1.0032860601867866,1.078048780487805,0.9143576826196474,0.2916666666666667,3.5,0.696698486858761,True
MAC000141,2013-04-22,1.1217571774472501,1.4878048780487805,1.0428211586901763,0.3541666666666667,7.5,0.7570383684881244,True
MAC000141,2013-04-24,0.6950882047734348,0.5772357723577236,0.9571788413098238,0.3958333333333333,8.0,0.7608838580801727,True
MAC000141,2013-04-25,0.5933932895191976,0.5447154471544716,0.8929471032745593,0.4166666666666667,10.0,0.762307239006552,True
MAC000141,2013-04-26,0.8778969214804567,0.9447154471544715,0.9130982367758187,0.25,3.0,0.674911393596639,True
MAC000141,2013-04-27,1.0785195607056381,1.70243918699187,1.0654911838790933,0.2708333333333333,5.5,0.7340819921453104,True
MAC000141,2013-04-28,0.6151850570736769,0.5235772357723577,0.9773299748110831,0.2708333333333333,5.0,0.7331988365952875,True
MAC000141,2013-04-29,0.8246281563472846,0.9967479674796748,0.9143576826196474,0.4375,10.5,0.762884951411336,True
MAC000141,2013-04-30,1.0124524386025597,1.6796747967479673,1.2770780856423176,0.4583333333333333,11.0,0.771822889650429,True
MAC000141,2013-05-01,0.6172604635074369,0.7447154471544716,0.9231738035264484,0.4375,10.5,0.7683486012959378,True
MAC000141,2013-05-02,0.6068834313386371,0.5073170731707317,0.920654911838791,0.4583333333333333,11.0,0.7693019848024298,True
MAC000141,2013-05-03,0.99844344517468,0.6260162601626017,0.8639798488664987,0.22916666666666666,5.0,0.7198052219885008,True
MAC000141,2013-05-04,0.4280525769629886,0.42764227642276426,0.8967254408060453,0.4375,5.0,0.7531680870027914,True
MAC000141,2013-05-05,0.672431684538222,0.9073170731707318,1.0591939546599496,0.3333333333333333,7.5,0.7569539086033947,True
MAC000141,2013-05-06,0.43998616395710827,0.4487804878048781,0.9357682619647356,0.4583333333333333,11.0,0.7719994414396323,True
MAC000141,2013-05-08,0.8130404704254582,0.5495934959349594,1.0881612090680102,0.3125,6.5,0.7511848421562589,True
MAC000141,2013-05-09,1.0065721203735731,1.4130081300813009,0.885390428211587,0.375,8.0,0.7623185975195762,True
MAC000141,2013-05-10,0.9430992736077483,1.3170731707317074,0.9005037783375315,0.3958333333333333,9.5,0.7575142621408011,True
MAC000141,2013-05-11,0.4735385679695607,0.47317073170731705,1.0113350125944585,0.375,5.5,0.7562913457507864,True
MAC000141,2013-05-12,0.4897959183673469,0.34959349593495936,0.9622166246851385,0.2708333333333333,5.0,0.742779905061297,True
MAC000141,2013-05-13,0.7386717398823937,1.1089430894308945,1.0604534005037785,0.4375,9.0,0.7619897974129625,True
MAC000141,2013-05-14,1.0799031476997578,1.1934959349593497,0.8967254408060453,0.375,9.0,0.7583091891064792,True
MAC000141,2013-05-15,0.7146316153580076,0.6146341463414634,1.2783375314861463,0.2916666666666667,6.0,0.7492874621277262,True
MAC000141,2013-05-16,0.6096506399169838,0.5739837398373984,1.061712846347607,0.375,9.0,0.7621937181979159,True
MAC000141,2013-05-18,0.6257350397786233,0.5089430894308943,0.9017632241813602,0.4166666666666667,10.0,0.764716320579485,True
MAC000141,2013-05-19,1.1598062953995156,0.9463414634146341,1.3664987405541564,0.2916666666666667,3.5,0.7068973824233808,True
MAC000141,2013-05-22,0.5824974057419577,0.47479674796747967,0.9294710327455921,0.1875,3.0,0.672071711756721,True
MAC000141,2013-05-23,0.6162227602905569,0.6065040650406505,0.9042821158690176,0.2708333333333333,3.5,0.7025316508202885,True
MAC000141,2013-05-25,0.7525077827741266,0.9869918699186991,0.9080604534005038,0.4583333333333333,6.5,0.7605718780769269,True
MAC000141,2013-05-26,0.8448633690764441,1.1365853658536584,1.2493702770780857,0.375,7.5,0.7609106117029247,True
MAC000141,2013-05-27,0.9377378069872017,1.0,1.0541561712846348,0.4375,9.0,0.7559593133585908,True
MAC000141,2013-05-29,1.3076790038049118,1.4439024390243902,1.0,0.1875,4.0,0.6983890820208846,True
MAC000141,2013-05-31,0.7836388792805257,0.983739837398374,0.9571788413098237,0.20833333333333334,3.5,0.675792549614266,True
MAC000141,2013-06-01,0.7300242130750605,0.526829268292683,0.982367758186398,0.22916666666666666,4.0,0.7095538395260438,True
MAC000141,2013-06-02,0.6881701833275683,0.46016260162601624,0.9357682619647356,0.375,7.5,0.7633474159833968,True
MAC000141,2013-06-03,0.3434797647872708,0.2552845528455285,1.0390428211586902,0.4375,10.5,0.7761808256220714,True
MAC000141,2013-06-04,0.6461432030439294,0.6617886178861788,0.8967254408060453,0.4375,8.5,0.7634176979199027,True
MAC000141,2013-06-05,0.764614320304393,1.191869918699187,0.9924433249370277,0.4583333333333333,11.0,0.7635172791535856,True
MAC000141,2013-06-06,0.99896229678312,1.0894308943089432,1.128463476070529,0.3541666666666667,8.5,0.7551845685205569,True
MAC000141,2013-06-07,0.4164648910411622,0.3739837398373984,0.9949622166246851,0.4375,10.0,0.7673297974009525,True
MAC000141,2013-06-08,0.29522656520235213,0.183739837398374,0.9080604534005038,0.5,12.0,0.7798171476354852,True
MAC000141,2013-06-09,0.4980975441023867,0.7837398373983739,1.071788413098237,0.3541666666666667,7.0,0.7651653477515853,True
MAC000141,2013-06-10,0.9218263576617087,1.302439024390244,0.9987405541561715,0.375,8.0,0.7570151363376844,True
MAC000141,2013-06-11,0.8118298166724317,0.591869918699187,1.2178841309823678,0.3333333333333333,7.5,0.7642294463320938,True
MAC000141,2013-06-14,1.089069526115531,1.0048780487804878,1.1083123425692696,0.3125,6.0,0.7413881977447758,True
MAC000141,2013-06-16,0.6577308889657558,1.6699186991869917,0.8929471032745593,0.4166666666666667,5.5,0.7587250214309578,True
MAC000141,2013-06-17,0.8076790038049118,0.5089430894308943,1.4156171284634764,0.4166666666666667,10.0,0.7695942487621207,True
MAC000141,2013-06-19,0.7184365271532341,1.2959349593495937,0.9408060453400504,0.4166666666666667,10.0,0.7680033746975048,True
MAC000141,2013-06-20,0.8062953995157385,1.0796747967479676,1.0478589420654911,0.2916666666666667,4.5,0.724980711698771,True
MAC000141,2013-06-21,1.0174680041508128,0.9430894308943089,0.9332493702770781,0.25,3.5,0.6876733318348259,True
MAC000141,2013-06-22,0.4323763403666551,0.3691056910569106,1.0743073047858942,0.3125,5.5,0.7522437414951395,True
MAC000141,2013-06-24,0.7253545485991006,0.6861788617886179,0.9105793450881613,0.3333333333333333,3.0,0.7067494142417308,True
MAC000141,2013-06-25,0.3979591836734694,0.2813008130081301,1.425692695214106,0.4166666666666667,9.5,0.7764434467033428,True
MAC000141,2013-06-26,0.6035973711518506,0.5544715447154472,0.920654911838791,0.4375,10.0,0.7635441750459007,True
MAC000141,2013-06-27,0.7263922518159807,0.6178861788617886,1.2166246851385392,0.4583333333333333,11.0,0.7741411539633859,True
MAC000141,2013-06-29,0.8803182289865098,0.9821138211382113,0.955919395465995,0.4375,10.5,0.7590868840146752,True
MAC000141,2013-06-30,0.42632307160152194,0.3983739837398374,0.9420654911838792,0.5,12.0,0.7724056589130335,True
MAC000141,2013-07-01,0.8268765133171913,1.2650406504065042,1.0944584382871536,0.4375,10.0,0.7660165638511344,True
MAC000141,2013-07-04,0.7613282601176063,0.5463414634146342,1.2178841309823678,0.3958333333333333,7.0,0.764176563511842,True
MAC000141,2013-07-05,0.9320304392943618,0.7040650406504065,1.2443324937027709,0.3541666666666667,8.5,0.7638869796558471,True
MAC000141,2013-07-06,0.38792805257696295,0.24715447154471545,1.0591939546599496,0.4791666666666667,11.5,0.7774948199085702,True
MAC000141,2013-07-07,0.5868211691456243,0.5756097560975609,0.9659949622166246,0.4166666666666667,7.0,0.7572265999641871,True
MAC000141,2013-07-08,0.9164648910411622,1.134959349593496,1.036523929471033,0.4375,10.5,0.7577442416726737,True
MAC000141,2013-07-09,0.6440677966101694,0.4796747967479675,1.1032745591939548,0.4791666666666667,11.5,0.7712719285136147,True
MAC000141,2013-07-10,0.7967831200276722,1.461788617886179,0.9345088161209069,0.4583333333333333,11.0,0.7749194979168536,True
MAC000141,2013-07-11,0.6902455897613283,0.5821138211382114,1.1448362720403022,0.4583333333333333,11.0,0.771571608084873,True
MAC000141,2013-07-12,0.9033206502940159,1.1658536585365853,0.9697732997481108,0.4166666666666667,10.0,0.7507058286055923,True
MAC000141,2013-07-13,0.7718782428225528,0.9609756097560975,1.0062972292191437,0.4166666666666667,9.5,0.757370006466235,True
MAC000141,2013-07-14,0.8235904531304046,1.5658536585365854,1.1536523929471032,0.3333333333333333,4.5,0.7441701618027777,True
MAC000141,2013-07-15,0.5503286060186786,0.5186991869918699,1.0,0.4791666666666667,11.5,0.7678563926833214,True
MAC000141,2013-07-16,0.7768938083708059,0.9365853658536585,1.022670025188917,0.3125,3.5,0.7053696103565363,True
MAC000141,2013-07-17,0.7537184365271532,0.9772357723577235,1.0478589420654911,0.4375,10.5,0.7645396887342362,True
MAC000141,2013-07-18,0.5421999308197855,0.4878048780487805,1.0289672544080606,0.4583333333333333,11.0,0.7725827701384643,True
MAC000141,2013-07-19,0.809581459702525,0.8975609756097562,1.13727959697733,0.4583333333333333,11.0,0.7685204484591084,True
MAC000141,2013-07-21,0.7002767208578348,0.7235772357723578,0.9785894206549118,0.3958333333333333,9.5,0.7583175062472515,True
MAC000141,2013-07-22,0.7912487028709789,0.832520325203252,1.1624685138539044,0.4166666666666667,10.0,0.7646305481189352,True
MAC000141,2013-07-23,0.8208232445520581,0.7804878048780488,0.9937027707808564,0.3541666666666667,8.5,0.7573696365185065,True
MAC000141,2013-07-24,0.6573849878934624,0.5902439024390244,1.1272040302267001,0.375,8.5,0.7614739985252651,True
MAC000141,2013-07-25,0.8384641992390176,0.6650406504065041,0.964735516372796,0.3958333333333333,6.0,0.7506766494164295,True
MAC000141,2013-07-26,0.8187478381182982,0.7268292682926829,1.5768261964735517,0.4375,10.5,0.7739545891233114,True
MAC000141,2013-07-27,0.9021099965409893,0.7495934959349594,1.1939546599496222,0.3541666666666667,7.0,0.7613004343257223,True
MAC000141,2013-07-28,0.5632998962296784,0.5414634146341464,0.9911838790931989,0.3541666666666667,3.0,0.7090416283511604,True
MAC000141,2013-07-29,0.6644759598754756,0.48292682926829267,1.1297229219143576,0.3541666666666667,8.0,0.7616935304133841,True
MAC000141,2013-07-30,0.8509166378415773,0.6227642276422765,0.9596977329974812,0.2708333333333333,4.0,0.7180925993547949,True
MAC000141,2013-07-31,0.8536838464199239,1.3804878048780487,0.969773299748111,0.3125,7.5,0.7512394505315031,True
MAC000141,2013-08-01,1.188861985472155,1.473170731707317,1.1712846347607053,0.3958333333333333,9.5,0.7670145891225643,True
MAC000141,2013-08-02,0.4081632653061224,0.1821138211382114,0.9987405541561712,0.2916666666666667,7.0,0.761614939271207,True
MAC000141,2013-08-03,0.3820477343479765,0.2926829268292683,1.0944584382871538,0.3958333333333333,5.5,0.7626462333638425,True
MAC000141,2013-08-04,0.9316845382220684,1.3544715447154472,1.0075566750629723,0.3958333333333333,9.5,0.7571312027893904,True
MAC000141,2013-08-05,0.8107921134555517,0.8357723577235773,0.9672544080604534,0.3125,4.5,0.7284100029394293,True
MAC000141,2013-08-06,1.0932203389830508,1.5886178861788618,1.151133501259446,0.4166666666666667,9.5,0.7593035430592799,True
MAC000141,2013-08-07,0.7820823244552059,1.5154471544715449,0.9445843828715366,0.4166666666666667,9.5,0.7666258832115703,True
MAC000141,2013-08-08,0.8780698720166032,1.3902439024390243,1.1612090680100755,0.3958333333333333,9.0,0.7632602969208127,True
MAC000141,2013-08-10,0.37997232791421653,0.191869918699187,0.9659949622166248,0.3333333333333333,7.5,0.7673105080638656,True
MAC000141,2013-08-11,1.0555171221030786,1.1658536585365853,1.200251889168766,0.2916666666666667,6.0,0.7418367931443925,True
MAC000141,2013-08-12,0.821342096160498,0.6520325203252033,1.0,0.3333333333333333,6.0,0.7508929575486373,True
MAC000141,2013-08-13,0.8400207540643376,1.191869918699187,1.2493702770780857,0.375,8.0,0.760599879269777,True
MAC000141,2013-08-14,1.2346938775510203,0.7235772357723578,1.0163727959697733,0.25,6.0,0.7250215231254348,True
MAC000141,2013-08-15,0.7376340366655136,0.5756097560975609,1.5818639798488667,0.25,5.5,0.7397238871387017,True
MAC000141,2013-08-16,0.7493946731234867,0.5723577235772358,1.2984886649874054,0.2916666666666667,4.5,0.7373161021781431,True
MAC000141,2013-08-17,0.4092009685230024,0.3121951219512195,1.1939546599496222,0.3333333333333333,7.0,0.7712078681749606,True
MAC000141,2013-08-18,0.49446558284330683,0.5544715447154472,1.2027707808564232,0.2916666666666667,5.0,0.7449546793380551,True
MAC000141,2013-08-19,1.015392597717053,1.8455284552845528,0.9420654911838792,0.4166666666666667,9.5,0.7624669847126704,True
MAC000141,2013-08-20,0.8792805257696298,0.8113821138211382,1.0277078085642317,0.4166666666666667,5.0,0.7451898653215036,True
MAC000141,2013-08-21,1.142338291248703,1.0373983739837398,1.1926952141057936,0.3333333333333333,8.0,0.7575536238340502,True
MAC000141,2013-08-25,0.6155309581459703,1.2390243902439024,0.9861460957178843,0.2916666666666667,5.0,0.7348850105667218,True
MAC000141,2013-08-26,0.6568661362850224,0.41463414634146345,1.084382871536524,0.3333333333333333,6.0,0.7552788016472071,True
MAC000141,2013-08-27,0.9240747146316154,1.3284552845528455,0.9244332493702772,0.3125,6.5,0.7451263512989674,True
MAC000141,2013-08-28,0.7787962642684193,1.4113821138211382,0.9949622166246851,0.375,9.0,0.7646605050486703,True
MAC000141,2013-08-29,0.6343825665859565,0.40487804878048783,1.1360201511335013,0.3958333333333333,9.5,0.7640391128061318,True
MAC000141,2013-08-30,0.6956070563818748,0.5739837398373984,1.0201511335012594,0.375,8.5,0.7592282440172231,True
MAC000141,2013-08-31,1.0217917675544794,0.9186991869918698,1.04911838790932,0.3125,7.5,0.7448219403985769,True
MAC000141,2013-09-01,0.8386371497751643,1.4341463414634146,1.149874055415617,0.3541666666666667,8.5,0.7631267997710751,True
MAC000141,2013-09-02,0.9195780006918022,1.0260162601626017,1.0188916876574308,0.3958333333333333,9.0,0.7525060905109241,True
MAC000141,2013-09-03,0.7739536492563126,0.7837398373983739,1.2254408060453401,0.375,9.0,0.7659310475474361,True
MAC000141,2013-09-04,0.8005880318228986,0.5414634146341464,1.008816120906801,0.375,9.0,0.7586911993971227,True
MAC000141,2013-09-05,0.6601521964718091,0.7951219512195122,1.070528967254408,0.3333333333333333,8.0,0.7597911288317406,True
MAC000141,2013-09-08,1.38031822898651,1.3089430894308944,1.2090680100755669,0.1875,3.0,0.6739180919467294,True
MAC000141,2013-09-11,0.9526115530958146,1.159349593495935,1.0554156171284634,0.20833333333333334,4.0,0.6934444397077522,True
MAC000141,2013-09-16,0.9583189207886545,1.078048780487805,1.1360201511335013,0.2708333333333333,3.5,0.6953509180047508,True
MAC000141,2013-09-17,1.2239709443099274,1.3121951219512196,0.9471032745591939,0.2708333333333333,4.5,0.7210561712039398,True
MAC000141,2013-09-18,0.850051885160844,0.6162601626016261,1.261964735516373,0.20833333333333334,3.5,0.6919419144772162,True
MAC000141,2013-09-19,0.8375994465582843,0.9772357723577235,0.9269521410579346,0.20833333333333334,5.0,0.7081996970947918,True
MAC000141,2013-09-20,0.5940850916637842,0.5430894308943089,0.95088161209068,0.25,6.0,0.7326872151592976,True
MAC000141,2013-09-21,0.45831892078865444,0.2699186991869919,1.0944584382871538,0.25,3.5,0.7154889230980114,True
MAC000141,2013-09-23,1.2253545485991006,1.170731707317073,1.4193954659949624,0.20833333333333334,4.5,0.7068461445783871,True
MAC000141,2013-09-25,0.9086821169145625,0.7073170731707317,0.982367758186398,0.3125,7.5,0.7453345895546544,True
MAC000141,2013-09-26,1.0,1.278048780487805,1.1574307304785894,0.3333333333333333,8.0,0.7566648594645475,True
MAC000141,2013-09-27,0.9700795572466274,0.5723577235772358,0.9458438287153653,0.3541666666666667,8.5,0.7569582180043171,True
MAC000141,2013-09-30,1.1098235904531304,1.248780487804878,1.1435768261964736,0.1875,3.5,0.6786295583753628,True
MAC000141,2013-10-06,0.46904185402974746,0.2308943089430894,0.9874055415617128,0.2916666666666667,6.0,0.7544287836532626,True
MAC000141,2013-10-07,0.5003459010722933,0.24715447154471545,0.9445843828715366,0.22916666666666666,4.0,0.7268058373828024,True
MAC000141,2013-10-12,0.4768246281563473,0.2764227642276423,0.9584382871536525,0.2708333333333333,5.0,0.7427796254474617,True
MAC000141,2013-10-15,0.7623659633344864,0.5479674796747968,0.938287153652393,0.2708333333333333,5.5,0.7347241500697145,True
MAC000141,2013-10-23,1.3619854721549636,1.465040650406504,0.9156171284634761,0.1875,3.0,0.6715359217689285,True
MAC000141,2013-10-30,0.7874437910757524,0.5382113821138211,0.9874055415617128,0.1875,4.5,0.7045220986967169,True
MAC000141,2013-11-04,1.089069526115531,1.2959349593495937,0.9899244332493703,0.16666666666666666,4.0,0.6906909423067631,True
MAC000141,2013-11-10,1.4823590453130404,1.1967479674796748,0.9760705289672545,0.22916666666666666,5.5,0.7230948453561504,True
MAC000141,2013-11-13,1.6729505361466621,1.5853658536585367,0.8463476070528967,0.16666666666666666,4.0,0.7027635912578882,True
MAC000141,2013-11-16,1.483742649602214,1.5008130081300814,1.6460957178841313,0.14583333333333334,3.5,0.685262122228553,True
MAC000180,2013-09-20,1.010482383771717,2.1794041450777204,0.8806306306306305,0.1875,4.5,0.7155050509714932,True
MAC000198,2013-03-01,1.7412949544364509,1.9206626852659112,0.31645569620253167,0.3333333333333333,8.0,0.7814772691597939,True
MAC000448,2013-12-06,0.04583151462243562,0.008375209380234507,0.2962962962962963,0.020833333333333332,13.0,0.7925611905195279,True
MAC000448,2013-12-07,0.047795722391968574,0.010050251256281407,0.2987654320987654,0.0,7.0,0.779268030696551,True
MAC000448,2013-12-08,0.0447402880838062,0.010050251256281407,0.2962962962962963,0.10416666666666667,7.0,0.7920314764557498,True
MAC000448,2013-12-09,0.05172413793103449,0.010050251256281407,0.2962962962962963,0.0,9.5,0.7821732643270329,True
MAC000448,2013-12-10,0.05128764731558272,0.010050251256281407,0.2962962962962963,0.0,7.5,0.7803232286387107,True
MAC000448,2013-12-11,0.05237887385421213,0.010050251256281407,0.2987654320987654,0.0,8.0,0.7816442355873581,True
MAC000448,2013-12-12,0.05237887385421213,0.010050251256281407,0.2987654320987654,0.0,15.5,0.7898845402577405,True
MAC000448,2013-12-13,0.05237887385421213,0.010050251256281407,0.2987654320987654,0.0,7.5,0.7803232286387107,True
MAC000499,2013-12-28,0.1839699640874959,0.09861325115562404,0.5134615384615385,0.0,3.5,0.6953374703946514,True
MAC000520,2013-02-10,5.334364640883978,7.929687499999999,4.09192546583851,0.0,0.5,0.6773626477449908,True
MAC000520,2013-03-15,4.51049723756906,8.7734375,7.9913043478260875,0.0,0.5,0.6918481454530282,True
MAC000520,2013-03-16,5.907845303867403,10.81249921875,4.827329192546585,0.0,0.5,0.689352126000781,True
MAC000584,2013-08-27,0.21416411304051755,0.11705685618729099,0.7937219730941705,0.0,3.5,0.6697312150881524,True
MAC000584,2013-08-28,0.21586653047327206,0.11705685618729099,0.6905829596412557,0.0,4.5,0.7062543332983876,True
MAC000584,2013-08-29,0.2226762002042901,0.11705685618729099,0.7443946188340809,0.0,4.5,0.7036297573294605,True
MAC000584,2013-10-22,0.19237316990125983,0.11036789297658864,0.6233183856502243,0.0,2.5,0.6688965089442348,True
MAC000793,2013-07-23,0.24311830216432023,0.04809286898839138,0.6509009009009008,0.0,3.5,0.6917909404222619,True
MAC000793,2013-07-24,0.2475309939062828,0.04809286898839138,0.6576576576576576,0.0,3.0,0.6805869544449052,True
MAC000831,2013-08-02,0.0700193423597679,0.02672147995889003,0.1871345029239766,0.0,1.0,0.6895088570992335,True
MAC000831,2013-08-03,0.0678916827852998,0.029804727646454268,0.18421052631578946,0.0,1.0,0.6885764635725392,True
MAC000831,2013-08-04,0.06595744680851065,0.02774922918807811,0.1861598440545809,0.0,1.0,0.6911435847944134,True
MAC000831,2013-08-05,0.06576402321083172,0.02877697841726619,0.18031189083820662,0.0,1.0,0.6911435847944134,True
MAC000831,2013-08-06,0.06411992263056093,0.02877697841726619,0.18226120857699804,0.0,1.5,0.702828575870602,True
MAC000831,2013-08-07,0.06286266924564797,0.024665981500513877,0.18128654970760233,0.0,1.0,0.6920794544306411,True
MAC000831,2013-08-08,0.06334622823984526,0.029804727646454268,0.1783625730994152,0.0,1.0,0.6902089806949249,True
MAC000831,2013-08-09,0.06276595744680852,0.025693730729701953,0.1793372319688109,0.0,0.5,0.702666994560468,True
MAC000831,2013-08-10,0.06266924564796905,0.02774922918807811,0.1793372319688109,0.0,1.0,0.6911435847944134,True
MAC000831,2013-08-11,0.06295938104448744,0.025693730729701953,0.17738791423001948,0.0,1.0,0.6911435847944134,True
MAC000831,2013-08-12,0.062088974854932304,0.02877697841726619,0.18031189083820662,0.0,1.0,0.6913774334925012,True
MAC000831,2013-08-13,0.06131528046421664,0.029804727646454268,0.18031189083820662,0.0,1.0,0.6904425131693557,True
MAC000831,2013-08-14,0.06102514506769826,0.025693730729701953,0.1793372319688109,0.0,1.0,0.6913774334925012,True
MAC000831,2013-08-15,0.06121856866537718,0.024665981500513877,0.18031189083820662,0.0,1.0,0.6923136197805808,True
MAC000831,2013-08-16,0.061508704061895556,0.02774922918807811,0.1783625730994152,0.0,1.0,0.6913774334925012,True
MAC000831,2013-08-17,0.061895551257253385,0.02672147995889003,0.17543859649122806,0.0,1.0,0.6913774334925012,True
MAC000831,2013-08-18,0.061895551257253385,0.02877697841726619,0.17641325536062377,0.0,1.0,0.6913774334925012,True
MAC000831,2013-08-19,0.06170212765957447,0.02877697841726619,0.1793372319688109,0.0,1.0,0.6913774334925012,True
MAC000831,2013-08-20,0.06121856866537718,0.029804727646454268,0.17153996101364521,0.0,1.0,0.6904425131693557,True
MAC000831,2013-08-21,0.06228239845261122,0.029804727646454268,0.18128654970760233,0.0,1.0,0.6904425131693557,True
MAC000861,2013-05-05,0.11948934029306332,0.03825136612021858,0.3247282608695652,0.0,3.5,0.739430337014929,True
MAC000861,2013-05-06,0.2397333501037671,0.3551912568306011,0.3247282608695652,0.0,7.5,0.734662294253757,True
MAC001289,2013-12-14,0.1922102596580114,0.05499999999999999,0.6092503987240829,0.0,4.0,0.7250151362830626,True
MAC001289,2013-12-16,0.19126029132362254,0.05499999999999999,0.5837320574162679,0.0,2.5,0.687252757936293,True
MAC001289,2013-12-31,0.19273801984378297,0.05499999999999999,0.5869218500797448,0.0,2.5,0.6856272330212041,True
MAC001731,2013-12-24,0.26140304081088295,0.12240663900414937,0.31520223152022314,0.0,3.0,0.6959985232748445,True
MAC001731,2013-12-30,7.618831688450253,2.2219917012448134,4.829846582984659,0.0,2.5,0.6745896471864772,True
MAC001736,2013-12-01,0.052035287268819126,0.03884795713328868,0.15779927448609432,0.0,1.0,0.6936645201008224,True
MAC001760,2013-05-26,0.10890937019969278,0.07309941520467836,0.22895125553914325,0.0,0.5,0.684434298924518,True
MAC001760,2013-05-28,0.1064516129032258,0.07017543859649122,0.2311669128508124,0.0,0.5,0.684434298924518,True
MAC001760,2013-05-30,0.10207373271889401,0.04483430799220273,0.23190546528803543,0.0,1.0,0.6811760047917451,True
MAC001760,2013-05-31,0.10637480798771122,0.06432748538011696,0.25258493353028066,0.0,0.5,0.6870057305332989,True
MAC001760,2013-08-03,0.10253456221198157,0.036062378167641324,0.23264401772525847,0.0,1.0,0.680361772721726,True
MAC001760,2013-08-05,0.10806451612903227,0.06140350877192982,0.224519940915805,0.0,1.0,0.6746764968320856,True
MAC001760,2013-08-06,0.10499231950844855,0.06237816764132553,0.258493353028065,0.0,1.0,0.6739921288390542,True
MAC001760,2013-08-07,0.10583717357910907,0.06822612085769982,0.21048744460856722,0.0,1.0,0.6686819903519177,True
MAC001760,2013-08-08,0.10391705069124424,0.06237816764132553,0.21270310192023634,0.0,1.0,0.6749047738846197,True
MAC001760,2013-08-11,0.10414746543778802,0.06335282651072124,0.28212703101920233,0.0,1.0,0.6718883763965192,True
MAC001760,2013-08-12,0.1033794162826421,0.07602339181286549,0.2533234859675037,0.0,0.5,0.6817811766501249,True
MAC001760,2013-08-13,0.10215053763440861,0.05653021442495127,0.20827178729689808,0.0,0.5,0.6927675443725769,True
MAC001760,2013-08-14,0.10192012288786483,0.06627680311890839,0.20827178729689808,0.0,0.5,0.6855929757799399,True
MAC001760,2013-08-15,0.1033026113671275,0.0594541910331384,0.21270310192023634,0.0,0.5,0.6910804881022118,True
MAC001770,2013-01-13,0.8621853101479366,0.41566265060240964,1.4863731656184485,0.16666666666666666,3.5,0.6911506248519947,True
MAC001770,2013-01-27,0.7778354528938489,0.3900602409638554,1.2788259958071277,0.1875,3.5,0.6984291964741883,True
MAC001770,2013-02-08,0.7126914092914611,0.5828313253012049,0.9769392033542976,0.22916666666666666,5.5,0.7216020624693286,True
MAC001770,2013-02-15,0.6234103296132883,0.2816265060240964,0.7379454926624738,0.20833333333333334,3.5,0.6989751894519249,True
MAC001770,2013-02-16,1.02906825849987,1.2545180722891565,1.293501048218029,0.16666666666666666,3.0,0.6705202253873849,True
MAC001770,2013-02-17,0.43628341552037375,0.42168674698795183,0.7798742138364779,0.20833333333333334,3.5,0.6922847919237892,True
MAC001770,2013-02-18,0.6273033999480924,0.32379518072289154,0.7966457023060796,0.2708333333333333,6.0,0.750249295925527,True
MAC001770,2013-02-19,0.8056060212821178,0.3117469879518072,1.4696016771488467,0.2708333333333333,6.5,0.760920848173654,True
MAC001770,2013-02-20,0.6197767973008045,0.4593373493975903,0.7651991614255765,0.25,5.5,0.7386721909121283,True
MAC001770,2013-02-27,0.6976382039968856,0.19879518072289157,1.3962264150943393,0.16666666666666666,4.0,0.7207963415685297,True
MAC001770,2013-02-28,1.8043083311705164,3.0421686746987953,0.8469601677148847,0.1875,4.5,0.7287430720085819,True
MAC001770,2013-03-04,0.550999221385933,0.6265060240963854,0.7987421383647798,0.2916666666666667,3.0,0.6974801402667744,True
MAC001770,2013-03-05,0.7339735271217233,0.49096385542168675,0.7421383647798743,0.2916666666666667,6.5,0.7493781626706264,True
MAC001770,2013-03-06,0.679730080456787,0.5903614457831325,0.8469601677148846,0.22916666666666666,4.5,0.7206280134496259,True
MAC001770,2013-03-07,1.1489748248118348,2.251506024096386,0.8176100628930817,0.14583333333333334,3.5,0.6732773734089742,True
MAC001770,2013-03-12,0.9127952245003892,0.6099397590361446,1.2599580712788259,0.2708333333333333,3.5,0.710800328455761,True
MAC001770,2013-03-14,1.7542174928627043,0.5271084337349397,3.3039832285115303,0.16666666666666666,2.5,0.6781473963911765,True
MAC001770,2013-03-22,1.2564235660524266,0.3825301204819277,3.1572327044025155,0.16666666666666666,3.0,0.6993451308802934,True
MAC001770,2013-03-28,1.608616662341033,0.5737951807228916,3.2368972746331237,0.1875,3.5,0.7159425412167614,True
MAC001770,2013-03-29,1.566571502725149,0.4683734939759036,3.10062893081761,0.1875,3.0,0.706585656505907,True
MAC001770,2013-03-31,1.5491824552296911,0.6219879518072289,3.1551362683438153,0.1875,3.0,0.7042347044662759,True
MAC001770,2013-04-02,2.058396055022061,3.1355421686746983,3.20335429769392,0.2916666666666667,6.5,0.777910245483306,True
MAC001770,2013-04-06,0.6802491565014275,0.2876506024096385,1.8280922431865827,0.3333333333333333,5.5,0.7672041586581083,True
MAC001770,2013-04-07,0.8325979756034259,2.246987951807229,0.8050314465408804,0.375,5.0,0.757279527630816,True
MAC001770,2013-04-08,0.6314560083052166,0.32981927710843373,0.8721174004192872,0.2916666666666667,2.5,0.6892851428011875,True
MAC001770,2013-04-10,0.5816247080197249,0.322289156626506,0.8846960167714883,0.3125,4.0,0.739573381175275,True
MAC001770,2013-04-14,0.5473656890734492,0.28463855421686746,0.9329140461215932,0.2708333333333333,4.5,0.738491306677304,True
MAC001770,2013-04-15,0.5800674798858032,0.575301204819277,0.9622641509433962,0.3541666666666667,8.5,0.7597327628711361,True
MAC001770,2013-04-16,0.9623669867635607,1.3373493975903614,0.9643605870020964,0.2708333333333333,3.5,0.6950342304189445,True
MAC001770,2013-04-18,0.6426161432649883,0.4457831325301204,1.134171907756813,0.25,3.0,0.6912985478869556,True
MAC001770,2013-04-19,0.49000778614066953,0.38403614457831325,0.9811320754716981,0.3125,3.0,0.7096501568395817,True
MAC001770,2013-04-20,0.5102517518816506,0.2756024096385542,0.9454926624737945,0.3125,6.0,0.755908611404249,True
MAC001770,2013-04-21,0.6433947573319492,0.40813253012048195,1.5597484276729559,0.2708333333333333,2.5,0.6844116079669819,True
MAC001770,2013-04-22,0.9094212302102258,2.7590361445783134,0.890985324947589,0.1875,4.0,0.7104966608748602,True
MAC001770,2013-04-23,0.40410070075266025,0.23945783132530118,0.9056603773584905,0.4166666666666667,5.5,0.7579631997364642,True
MAC001770,2013-04-24,0.4323903451855696,0.3057228915662651,0.9098532494758909,0.3541666666666667,4.5,0.7475085219066271,True
MAC001770,2013-04-25,0.7928886581884246,2.447289156626506,0.9119496855345911,0.4166666666666667,9.5,0.7683333253651109,True
MAC001770,2013-04-28,0.5432130807163249,0.29066265060240964,0.9685534591194969,0.3333333333333333,3.5,0.7242880559935219,True
MAC001770,2013-04-30,0.9018946275629379,2.730421686746988,0.9664570230607966,0.4166666666666667,9.5,0.7604362418440849,True
MAC001770,2013-05-01,0.5234881910199843,0.358433734939759,0.9475890985324947,0.2916666666666667,5.0,0.7467064588339791,True
MAC001770,2013-05-02,0.4588632234622372,0.2560240963855422,0.9266247379454926,0.3958333333333333,9.0,0.7669910218956871,True
MAC001770,2013-05-03,0.7729042304697639,1.1762048192771084,0.9392033542976939,0.3125,7.5,0.7464524544692592,True
MAC001770,2013-05-04,0.42719958473916425,0.27710843373493976,0.989517819706499,0.375,6.0,0.7608423839948647,True
MAC001770,2013-05-05,0.3412924993511549,0.17620481927710843,0.9224318658280922,0.4583333333333333,10.0,0.7727267945326296,True
MAC001770,2013-05-06,0.5167402024396575,0.32981927710843373,0.8825995807127882,0.3125,4.0,0.7415924465892679,True
MAC001770,2013-05-07,0.4580846093952764,0.23042168674698793,0.9119496855345911,0.2708333333333333,4.0,0.7319362097432281,True
MAC001770,2013-05-09,0.5131066701271736,0.27861445783132527,0.9916142557651991,0.2916666666666667,3.0,0.711616930104727,True
MAC001770,2013-05-10,1.1175707241110822,1.766566265060241,0.9727463312368972,0.22916666666666666,3.0,0.6741861730610131,True
MAC001770,2013-05-13,0.3864521152348819,0.17319277108433734,0.9790356394129979,0.3958333333333333,5.0,0.7616210364471814,True
MAC001770,2013-05-14,0.758629639242149,0.7786144578313253,0.9245283018867924,0.2916666666666667,3.0,0.6926467409244236,True
MAC001770,2013-05-16,0.5372437062029587,0.35993975903614456,0.9454926624737945,0.2708333333333333,3.0,0.703748825464086,True
MAC001770,2013-05-19,0.41370360757851027,0.24246987951807228,0.930817610062893,0.3125,3.0,0.7154327930557003,True
MAC001770,2013-05-23,0.6693485595639761,2.1671686746987953,0.9077568134171907,0.3541666666666667,6.0,0.7632439751876304,True
MAC001770,2013-05-25,0.426940046716844,0.3042168674698795,0.9350104821802935,0.3541666666666667,3.0,0.7185879420952217,True
MAC001770,2013-05-26,0.56735011679211,0.9322289156626505,0.9685534591194969,0.3541666666666667,5.0,0.747516164965375,True
MAC001770,2013-05-27,0.4152608357124319,0.25301204819277107,0.9664570230607966,0.375,4.5,0.7495868667448113,True
MAC001770,2013-05-28,0.4653516740202439,0.17620481927710843,1.0,0.16666666666666666,2.5,0.6762453172038906,True
MAC001770,2013-05-31,0.42719958473916425,0.2560240963855422,0.9580712788259957,0.3541666666666667,8.0,0.7641957934627783,True
MAC001770,2013-06-01,0.4059174669089021,0.17319277108433734,1.0167714884696015,0.22916666666666666,2.5,0.6937314304398858,True
MAC001770,2013-06-02,0.4897482481183493,0.35240963855421686,1.0419287211740043,0.375,5.0,0.7574795314153951,True
MAC001770,2013-06-03,0.8240332208668569,1.9051204819277106,1.0377358490566038,0.3333333333333333,3.5,0.7236567699019157,True
MAC001770,2013-06-04,0.8780171295094731,1.6219879518072287,0.9685534591194969,0.3958333333333333,9.0,0.7574774027060157,True
MAC001770,2013-06-05,0.5411367765377627,0.3509036144578313,1.1048218029350105,0.3125,4.5,0.7453787790625429,True
MAC001770,2013-06-06,0.5380223202699195,0.6054216867469879,1.0649895178197064,0.3958333333333333,7.5,0.7629727390534056,True
MAC001770,2013-06-07,0.4523747729042304,0.19126506024096385,1.0482180293501047,0.375,3.5,0.7353076924784012,True
MAC001770,2013-06-09,0.42460420451596154,0.19578313253012047,1.039832285115304,0.2916666666666667,5.0,0.7518869340119847,True
MAC001770,2013-06-10,0.6568907344926032,0.5030120481927711,0.9958071278825996,0.3125,3.5,0.7119744645474589,True
MAC001770,2013-06-11,0.5006488450558007,0.3132530120481927,0.949685534591195,0.25,4.5,0.7350467094008091,True
MAC001770,2013-06-14,0.5102517518816506,0.2469879518072289,0.9182389937106917,0.25,3.0,0.7065336412155636,True
MAC001770,2013-06-19,0.47988580327017905,0.18674698795180722,1.0775681341719077,0.3958333333333333,9.5,0.7735656881883953,True
MAC001770,2013-06-21,1.085647547365689,1.528614457831325,1.2327044025157232,0.16666666666666666,3.5,0.6866161216457723,True
MAC001770,2013-06-23,0.8206592525304958,1.603915813253012,1.0314465408805031,0.3125,3.5,0.7119581601290226,True
MAC001770,2013-06-24,1.1188684142226835,1.5933734939759037,0.9979035639412998,0.3125,6.5,0.744334661659013,True
MAC001770,2013-06-25,0.744355048014534,1.6069277108433733,0.9874213836477987,0.375,6.5,0.7589678340214808,True
MAC001770,2013-06-26,0.8035297171035557,1.6174698795180722,0.9853249475890985,0.25,3.0,0.6822781364834799,True
MAC001770,2013-06-27,1.1040747469504284,1.5301204819277108,1.0083857442348008,0.2708333333333333,4.5,0.7216141602481619,True
MAC001770,2013-06-30,0.4817025694264209,0.35692771084337344,1.0922431865828093,0.3958333333333333,4.0,0.7474846822820935,True
MAC001770,2013-07-01,0.4168180638463535,0.31626506024096385,1.0880503144654088,0.3125,2.5,0.6989886691692987,True
MAC001770,2013-07-04,0.462496755774721,0.26054216867469876,1.069182389937107,0.2708333333333333,3.0,0.7096936526990324,True
MAC001770,2013-07-05,0.5172592784842979,0.483433734939759,1.0628930817610063,0.375,4.5,0.7496541356657025,True
MAC001770,2013-07-06,0.4113677653776278,0.30271084337349397,1.0859538784067087,0.375,7.0,0.7680834820782316,True
MAC001770,2013-07-07,0.45704645730599536,0.48042168674698793,1.0838574423480083,0.4166666666666667,8.0,0.7634891306394632,True
MAC001770,2013-07-08,0.7132104853361017,1.4352409638554215,1.0943396226415094,0.2708333333333333,4.5,0.7290251961994447,True
MAC001770,2013-07-09,0.45341292499351155,0.20933734939759036,1.0041928721174005,0.3125,6.5,0.7626462333638425,True
MAC001770,2013-07-10,0.39294056579288866,0.20783132530120482,1.0146750524109014,0.3125,3.0,0.7224800383949639,True
MAC001770,2013-07-11,0.5227095769530236,0.43524096385542166,1.020964360587002,0.3125,4.0,0.7359107321906005,True
MAC001770,2013-07-12,0.6794705424344666,1.125,1.0041928721174005,0.3125,4.0,0.7280673438588829,True
MAC001770,2013-07-13,0.4983130028549182,0.32981927710843373,1.0419287211740043,0.3958333333333333,9.0,0.7697046907928031,True
MAC001770,2013-07-14,0.616402803010641,0.4186746987951807,1.7295597484276728,0.375,7.5,0.7717229076801259,True
MAC001770,2013-07-15,0.5556709057876978,0.26054216867469876,1.1991614255765197,0.3125,4.0,0.7433225538205988,True
MAC001770,2013-07-16,0.6483259797560341,0.27861445783132527,1.2348008385744234,0.4166666666666667,6.5,0.7715252788256178,True
MAC001770,2013-07-17,0.6828445367246301,0.26807228915662645,1.6582809224318655,0.375,4.0,0.7551304646118804,True
MAC001770,2013-07-18,0.9275888917726447,1.4066265060240963,1.2641509433962264,0.3125,5.5,0.7487884903485137,True
MAC001770,2013-07-19,0.6496236698676356,0.3463855421686747,1.1027253668763102,0.375,9.0,0.7660702359543347,True
MAC001770,2013-07-20,0.6252270957695303,0.4924698795180723,1.2180293501048216,0.3333333333333333,3.0,0.7173010013384322,True
MAC001770,2013-07-21,0.7679730080456787,1.1325301204819276,1.0922431865828093,0.25,4.5,0.7154276035363746,True
MAC001770,2013-07-22,0.6234103296132883,0.286144578313253,1.211740041928721,0.375,6.0,0.7680858160987075,True
MAC001770,2013-07-23,0.8860628082014015,0.5828313253012049,1.4486373165618447,0.20833333333333334,3.0,0.6821025593306096,True
MAC001770,2013-07-24,0.6023877498053465,0.40813253012048195,1.463312368972746,0.3125,5.5,0.7561578719712699,True
MAC001770,2013-07-25,0.8014534129249935,0.983433734939759,1.4549266247379453,0.25,4.5,0.7224133950614551,True
MAC001770,2013-07-26,0.6587075006488451,0.8584337349397589,1.3333333333333333,0.3958333333333333,4.5,0.749845983592897,True
MAC001770,2013-07-27,0.5824033220866858,0.31024096385542166,1.251572327044025,0.375,6.5,0.7717321785228618,True
MAC001770,2013-07-28,0.8689332987282636,0.9608433734939759,1.2494758909853247,0.2708333333333333,5.5,0.7361693942536404,True
MAC001770,2013-07-29,0.5907085388009342,0.29518072289156627,1.1656184486373165,0.2916666666666667,5.0,0.7513806729161542,True
MAC001770,2013-08-01,0.6093952764079937,0.26656626506024095,1.1111111111111112,0.3333333333333333,3.5,0.728985210864613,True
MAC001770,2013-08-02,0.7191798598494679,0.35542168674698793,1.2851153039832284,0.20833333333333334,2.5,0.6788261633546995,True
MAC001770,2013-08-03,0.761484557487672,1.3403614457831325,1.1467505241090146,0.3541666666666667,6.5,0.7609756999105268,True
MAC001770,2013-08-04,0.6052426680508693,0.3087349397590361,1.1362683438155134,0.3125,3.5,0.7218921734377151,True
MAC001770,2013-08-05,0.5507396833636127,0.3870481927710843,1.1132075471698113,0.25,3.5,0.7049672585241882,True
MAC001770,2013-08-06,0.6810277705683883,0.8072289156626506,0.9916142557651991,0.375,4.0,0.7361125468419191,True
MAC001770,2013-08-07,0.5042823773682844,0.20481927710843373,1.113207547169811,0.3333333333333333,5.0,0.7611059083606081,True
MAC001770,2013-08-08,0.5777316376849208,0.4397590361445783,1.09853249475891,0.375,8.0,0.7616473788667261,True
MAC001770,2013-08-09,1.2312483778873604,1.4728915662650601,1.1048218029350105,0.25,4.0,0.7093121364833693,True
MAC001770,2013-08-10,0.5107708279262911,0.42620481927710835,1.1656184486373165,0.3125,3.0,0.7110796214636537,True
MAC001770,2013-08-11,0.9553594601609136,1.775602409638554,1.1362683438155137,0.25,3.5,0.698346408116292,True
MAC001770,2013-08-12,0.4842979496496237,0.18825301204819275,1.0754716981132075,0.3125,5.5,0.759813529171076,True
MAC001770,2013-08-13,0.5748767194393978,0.3207831325301205,1.0587002096436058,0.3333333333333333,3.5,0.7235762219159937,True
MAC001770,2013-08-14,1.2603166363872307,0.7605421686746988,1.0566037735849056,0.25,3.0,0.6805118235601448,True
MAC001770,2013-08-15,0.5608616662341033,0.3117469879518072,1.0314465408805031,0.22916666666666666,2.5,0.6718431083289029,True
MAC001770,2013-08-18,0.34103296132883465,0.12048192771084337,1.0461215932914045,0.3958333333333333,8.0,0.7767123746326121,True
MAC001770,2013-08-20,0.45445107708279264,0.30271084337349397,0.9748427672955975,0.3541666666666667,5.5,0.7582728549910992,True
MAC001770,2013-08-21,0.34544510770827924,0.12048192771084337,1.0,0.3125,6.0,0.7660137256316881,True
MAC001770,2013-08-23,0.5437321567609655,0.23795180722891565,1.0649895178197064,0.3333333333333333,4.5,0.7519102982771706,True
MAC001770,2013-08-25,1.2958733454451077,1.1762048192771084,0.9853249475890985,0.25,3.0,0.6754748366347594,True
MAC001770,2013-08-26,0.4770308850246561,0.2228915662650602,1.0146750524109014,0.2708333333333333,3.0,0.7123433390230574,True
MAC001770,2013-08-28,0.6304178562159357,0.661144578313253,0.9245283018867924,0.22916666666666666,3.5,0.689214866329828,True
MAC001770,2013-08-29,0.5227095769530237,0.29819277108433734,1.0083857442348008,0.3125,4.0,0.7410086046980363,True
MAC001770,2013-08-30,0.8032701790812354,1.9834337349397588,1.2138364779874211,0.3333333333333333,4.5,0.7511664019996434,True
MAC001770,2013-08-31,0.4438100181676615,0.161144578313253,1.4004192872117398,0.3958333333333333,9.5,0.7790807866175137,True
MAC001770,2013-09-01,0.44926031663638716,0.15662650602409636,1.3480083857442344,0.375,9.0,0.7790807866175137,True
MAC001770,2013-09-02,0.4399169478328575,0.16415662650602408,1.2243186582809222,0.4166666666666667,10.0,0.777238065413576,True
MAC001770,2013-09-03,0.45730599532831556,0.16265060240963855,1.2243186582809222,0.4583333333333333,10.5,0.783044199568175,True
MAC001770,2013-09-04,0.522190500908383,0.161144578313253,1.3773584905660374,0.4166666666666667,10.0,0.7817208266299095,True
MAC001770,2013-09-05,0.5805865559304438,0.1716867469879518,1.511530398322851,0.3541666666666667,8.5,0.7782044181395688,True
MAC001770,2013-09-07,0.4977939268102777,0.17018072289156627,1.3312368972746331,0.3125,7.5,0.7717298334220034,True
MAC001770,2013-09-08,0.4147417596677913,0.15963855421686746,1.2473794549266246,0.4375,9.0,0.77960808037583,True
MAC001770,2013-09-10,1.2411108227355307,1.766566265060241,1.0775681341719077,0.22916666666666666,5.0,0.7187903636299303,True
MAC001770,2013-09-12,1.600311419672982,1.694277108433735,1.1467505241090146,0.22916666666666666,4.0,0.7111882185576007,True
MAC001770,2013-09-15,1.068258499870231,1.7469879518072287,0.989517819706499,0.2708333333333333,3.0,0.6898920897067836,True
MAC001770,2013-09-16,1.650142719958474,2.718373343373494,0.6268343815513626,0.2916666666666667,6.0,0.7587877018293531,True
MAC001770,2013-09-18,0.5315338697119127,0.17018072289156627,1.0083857442348008,0.25,2.0,0.6775736133095609,True
MAC001770,2013-09-19,1.3088502465611211,2.1114457831325297,1.0062893081761006,0.16666666666666666,3.0,0.6689487541077621,True
MAC001770,2013-09-20,1.7126914092914611,1.7349397590361444,1.0524109014675052,0.2708333333333333,2.5,0.6772724997508421,True
MAC001770,2013-09-23,1.754736594861147,2.3222893072289157,1.129979035639413,0.1875,4.5,0.7168763131063274,True
MAC001770,2013-09-24,0.9898780171295094,1.3132530120481927,1.090146750524109,0.3125,7.5,0.7505924108835261,True
MAC001770,2013-09-25,1.2006228912535686,1.7409638554216866,1.1153039832285114,0.2708333333333333,3.5,0.707723149336374,True
MAC001770,2013-09-26,0.7176226317155463,0.4066265060240964,1.0943396226415094,0.2916666666666667,7.0,0.7476968468062597,True
MAC001770,2013-09-27,0.8349338178043083,0.8885542168674698,1.0775681341719077,0.3125,7.0,0.7490455750589746,True
MAC001770,2013-09-28,1.7160654035816247,1.8674698795180722,1.0587002096436058,0.1875,3.0,0.6798883530577755,True
MAC001770,2013-09-29,1.2172333506358681,1.7575302710843375,1.0880503144654088,0.2916666666666667,7.0,0.7475917503488207,True
MAC001770,2013-09-30,1.471321022579808,2.025602409638554,1.1069182389937107,0.25,5.5,0.7327606565565845,True
MAC001770,2013-10-02,1.2714767713470023,1.7409638554216866,1.0356394129979034,0.20833333333333334,4.0,0.7018028666614263,True
MAC001770,2013-10-04,1.0249156501427459,1.753012048192771,1.121593291404612,0.22916666666666666,3.0,0.6782101595692323,True
MAC001770,2013-10-07,1.1276927069815728,1.1280120481927711,1.1341719077568133,0.25,3.5,0.6906325680760091,True
MAC001770,2013-10-08,1.1253568647806904,0.9021084337349397,1.1635220125786163,0.22916666666666666,4.0,0.7062438484768466,True
MAC001770,2013-10-23,1.7389047495458083,2.3704819277108435,1.0880503144654088,0.20833333333333334,3.0,0.687156323917857,True
MAC001770,2013-10-25,2.040487957435764,3.490964006024096,0.9853249475890984,0.20833333333333334,3.5,0.7129340481780394,True
MAC001770,2013-10-27,1.334804048793148,1.7484939759036144,0.9853249475890985,0.1875,4.5,0.706521704541642,True
MAC001770,2013-10-30,1.8139112379963664,1.8584337349397588,1.0922431865828093,0.1875,4.0,0.7131435087791097,True
MAC001770,2013-11-03,2.364650921359979,2.5933734939759034,1.0775681341719077,0.16666666666666666,3.5,0.7000101222453918,True
MAC001770,2013-11-04,1.717363093693226,2.0828313253012047,1.0754716981132075,0.20833333333333334,4.5,0.7149647249476363,True
MAC001770,2013-11-14,1.7596678172852322,1.9804218373493976,0.9916142557651991,0.1875,3.5,0.6924031338213773,True
MAC001770,2013-11-15,2.0713729561380743,1.9789156626506024,0.8700209643605871,0.16666666666666666,4.0,0.7105120576074289,True
MAC001770,2013-11-22,3.1227614845574876,2.45933734939759,0.8218029350104822,0.16666666666666666,4.0,0.7287228377547399,True
MAC001770,2013-11-26,5.59979231767454,1.9307227409638552,5.555555555555556,0.125,3.0,0.7468770994201877,True
MAC001770,2013-12-08,2.5743576433947575,1.7876506024096386,0.8951781970649895,0.14583333333333334,3.5,0.6922198325915172,True
MAC001770,2013-12-19,3.059174669089021,2.225903614457831,0.9580712788259957,0.125,3.0,0.6948142074096788,True
MAC001770,2013-12-20,2.8092395535946015,3.484939608433735,0.8532494758909853,0.1875,4.5,0.7366543937473992,True
MAC001824,2013-05-24,0.1315136476426799,0.03215434083601286,0.25283630470016205,0.0,1.0,0.6743984091371438,True
MAC001824,2013-05-25,0.1303763440860215,0.03322615219721329,0.24878444084278767,0.0,2.0,0.7059395877369539,True
MAC001824,2013-05-26,0.13492555831265507,0.03215434083601286,0.23824959481361424,0.0,2.0,0.7059395877369539,True
MAC001824,2013-05-27,0.2768817204301075,0.4941050375133976,0.25040518638573744,0.0,3.0,0.6724315636321376,True
MAC001824,2013-06-01,0.1366832092638544,0.03215434083601286,0.24149108589951376,0.0,2.5,0.7232684048867563,True
MAC001824,2013-08-24,0.040632754342431764,0.009646302250803858,0.11912479740680715,0.0,4.5,0.7726747411852466,True
MAC001824,2013-08-25,0.04104631927212572,0.009646302250803858,0.11831442463533227,0.0,2.0,0.7269094775067078,True
MAC001824,2013-08-26,0.04094292803970223,0.009646302250803858,0.11750405186385739,0.0,3.0,0.7482374210317071,True
MAC001824,2013-08-27,0.040632754342431764,0.009646302250803858,0.11831442463533227,0.0,5.0,0.7745372700019891,True
MAC001824,2013-08-28,0.04094292803970223,0.009646302250803858,0.11912479740680715,0.0,3.5,0.7515352741806872,True
MAC001824,2013-08-29,0.04083953680727874,0.009646302250803858,0.11831442463533227,0.0,3.0,0.7482374210317071,True
MAC001824,2013-11-20,0.2633374689826303,0.5980707395498392,0.40275526742301465,0.22916666666666666,3.5,0.72244251459653,True
MAC001824,2013-11-22,0.249793217535153,0.5434083601286174,0.7390599675850891,0.375,6.0,0.7650648028855849,True
MAC001824,2013-11-23,0.12076095947063688,0.397642015005359,0.06482982171799027,0.8541666666666666,12.5,0.8178157246332043,True
MAC001824,2013-11-24,0.3028329197684036,0.707395498392283,0.6077795786061588,0.5,11.0,0.7777915765072149,True
MAC001824,2013-11-25,0.2108147229114971,0.8660235798499464,0.34683954619124796,0.3958333333333333,9.0,0.7935537147273601,True
MAC001824,2013-11-26,0.03939205955334987,0.09646302250803858,0.06482982171799027,0.8958333333333334,11.0,0.8305036595577762,True
MAC001824,2013-11-27,0.017369727047146403,0.10396570203644158,0.06482982171799027,0.9375,12.5,0.8296612259983361,True
MAC001824,2013-11-29,0.05614143920595534,0.30010718113612006,0.06482982171799027,0.9375,16.0,0.8291000784204722,True
MAC001824,2013-11-30,0.3418114143920595,0.6130760986066451,0.06482982171799027,0.8125,10.5,0.797596908037482,True
MAC001824,2013-12-02,0.0455955334987593,0.3118971061093247,0.06482982171799027,0.9375,12.0,0.8276988693859112,True
MAC001824,2013-12-03,0.27026468155500416,0.5991425509110396,0.06482982171799027,0.875,12.5,0.8054602423137409,True
MAC001824,2013-12-04,0.34057071960297763,0.3408360128617363,0.06482982171799027,0.6666666666666666,9.0,0.7958473512321766,True
MAC001824,2013-12-05,0.13099669148056242,0.38692390139335475,0.06482982171799027,0.8333333333333334,11.5,0.8167098271819594,True
MAC001824,2013-12-06,0.21763854425144746,0.45123258306538044,0.06482982171799027,0.8333333333333334,12.5,0.8106540683568345,True
MAC001824,2013-12-10,0.012303556658395366,0.127545551982851,0.06482982171799027,0.9791666666666666,14.5,0.8299419421936711,True
MAC001824,2013-12-11,0.052005789909015714,0.29689174705251875,0.06482982171799027,0.9583333333333334,13.0,0.8274189118784222,True
MAC001824,2013-12-12,0.005169561621174525,0.05359056806002144,0.06482982171799027,0.9791666666666666,18.0,0.840395484574714,True
MAC001824,2013-12-14,0.0016542597187758478,0.01714898177920686,0.06482982171799027,0.9791666666666666,12.0,0.8421030171805973,True
MAC001824,2013-12-16,0.5404259718775848,2.0042872454448015,0.06482982171799027,0.625,8.5,0.8017925007217059,True
MAC001824,2013-12-17,0.5444582402812241,1.4094320471596997,0.06482982171799027,0.7083333333333334,7.5,0.7998960606250983,True
MAC001824,2013-12-18,0.013234077750206782,0.13719185423365488,0.06482982171799027,0.9791666666666666,14.0,0.8288196469737242,True
MAC001824,2013-12-23,0.060173697270471456,0.21221864951768488,0.06482982171799027,0.8125,13.0,0.8263000284451543,True
MAC001824,2013-12-24,0.0024813895781637717,0.004287245444801715,0.06888168557536467,0.7708333333333334,3.0,0.8118914865193666,True
MAC001824,2013-12-25,0.002688172043010753,0.004287245444801715,0.06726094003241491,0.7708333333333334,3.0,0.8110679324904394,True
MAC001824,2013-12-26,0.0028949545078577337,0.004287245444801715,0.06726094003241491,0.7291666666666666,3.0,0.8110679324904394,True
MAC001824,2013-12-27,0.002377998345740281,0.003215434083601286,0.06726094003241491,0.8125,3.0,0.8121661903165055,True
MAC001824,2013-12-28,0.07144334160463192,0.37299035369774913,0.06726094003241491,0.6875,7.5,0.8160218171442218,True
MAC001858,2013-05-25,0.2717678100263852,0.1353658536585366,0.4792773645058449,0.0,3.0,0.6694450272915241,True
MAC001898,2013-01-05,5.437546746447269,6.999999999999999,4.085790884718499,0.0,0.5,0.6718847239592836,True
MAC001898,2013-12-13,0.3006731488406881,0.4117647058823529,0.707774798927614,0.3541666666666667,8.5,0.767138136701783,True
MAC001898,2013-12-17,0.0957367240089753,2.705882352941176,0.4289544235924933,0.9375,12.0,0.816850401321059,True
MAC001898,2013-12-18,0.0837696335078534,3.2941176470588234,0.4289544235924933,0.9791666666666666,14.5,0.8176798268378257,True
MAC001898,2013-12-31,0.23036649214659682,3.3529411764705883,0.4289544235924933,0.9166666666666666,12.0,0.8061376681479623,True
MAC001905,2013-11-01,0.3805418719211823,0.2193126022913257,0.7933333333333334,0.16666666666666666,3.5,0.6936327129008983,True
MAC001905,2013-11-02,1.0260673234811166,1.2602291325695583,0.17777777777777778,0.3333333333333333,8.0,0.7782204897170344,True
MAC002027,2013-05-15,1.2586192858897713,1.1455756422454806,0.38276836158192096,0.22916666666666666,5.5,0.7397744067605327,True
MAC002052,2013-04-10,0.23295733202550267,0.0764525993883792,0.9090909090909091,0.0,4.0,0.6987446721393621,True
MAC002052,2013-06-24,0.17067189798921037,0.03669724770642202,0.8484848484848485,0.125,1.0,0.6773928931652073,True
MAC002052,2013-06-25,0.16086316821971555,0.03669724770642202,0.8121212121212121,0.20833333333333334,1.0,0.7046235813996407,True
MAC002052,2013-06-27,0.17949975478175575,0.039755351681957186,0.8484848484848485,0.10416666666666667,1.0,0.6695127984083061,True
MAC002052,2013-08-25,0.1927415399705738,0.04281345565749235,0.903030303030303,0.14583333333333334,0.5,0.6855209673851167,True
MAC002052,2013-12-25,0.10102991662579695,0.08256880733944953,0.7212121212121212,0.6875,3.5,0.7776161979441797,True
MAC002052,2013-12-26,2.2040215792054925,1.654434250764526,0.6545454545454545,0.5625,4.0,0.7564706712517447,True
MAC002147,2013-03-07,3.5670600858369097,6.463414634146342,0.9418604651162792,0.16666666666666666,1.0,0.6833413277394877,True
MAC002147,2013-03-09,2.200107296137339,4.2682926829268295,0.7034883720930233,0.2916666666666667,1.0,0.6801586270786526,True
MAC002147,2013-03-10,2.8803648068669525,3.91219512195122,0.6627906976744187,0.20833333333333334,1.5,0.6888577774047032,True
MAC002196,2013-12-05,0.43973601945119833,0.3207236842105263,0.6182336182336182,0.0,8.5,0.6819812668009964,True
MAC002205,2013-07-28,0.7349378637722195,1.2690763052208835,1.170731707317073,0.2708333333333333,6.5,0.748453006223622,True
MAC002241,2013-11-18,0.13148420880379644,0.044227452945005574,0.34799235181644356,0.0,1.5,0.6834093538291665,True
MAC002241,2013-11-20,0.12019309441989856,0.04307868793344699,0.28585086042065005,0.0,1.5,0.6884603587247614,True
MAC002241,2013-11-21,0.11708394698085421,0.04365307043922628,0.3298279158699809,0.0,1.5,0.6907988471119046,True
MAC002241,2013-11-22,0.1101292750777287,0.04250430542766769,0.28011472275334603,0.0,2.0,0.7107377625757135,True
MAC002241,2013-11-23,0.11070201276386844,0.04307868793344699,0.28393881453154873,0.0,1.5,0.6931397296342556,True
MAC002241,2013-11-24,0.11626575028636885,0.04365307043922628,0.2782026768642447,0.0,1.5,0.6931397296342556,True
MAC002241,2013-12-22,0.12911143838978892,0.044227452945005574,0.35564053537284895,0.0,1.5,0.6808709599352781,True
MAC002241,2013-12-23,0.12510227458681067,0.04250430542766769,0.29636711281070743,0.0,1.0,0.6720659947712132,True
MAC002241,2013-12-24,0.12878415971199478,0.044801835450784866,0.3135755258126195,0.0,1.0,0.6704763903549791,True
MAC002241,2013-12-25,0.12060219276714122,0.044227452945005574,0.32791586998087957,0.0,1.5,0.6875293830378628,True
MAC002241,2013-12-26,0.11994763541155294,0.044227452945005574,0.3460803059273423,0.0,1.0,0.6700756656502941,True
MAC002241,2013-12-31,0.13197512682048765,0.044227452945005574,0.38718929254302104,0.0,1.5,0.676279829192181,True
MAC002244,2013-01-01,0.7430588235294119,0.19469026548672566,1.1115173674588665,0.0,7.0,0.6718388833945665,True
MAC002251,2013-06-23,0.2931228861330327,0.19742489270386265,0.8754863813229573,0.3333333333333333,1.0,0.6736234410236507,True
MAC002251,2013-06-24,0.2709507703870725,0.19742489270386265,0.8365758754863813,0.4166666666666667,1.0,0.6817891272477291,True
MAC002251,2013-06-26,0.2934986847049981,0.19742489270386265,0.8638132295719844,0.3541666666666667,1.0,0.6745829135159467,True
MAC002251,2013-06-28,0.2893649004133784,0.2017167381974249,0.8793774319066147,0.375,1.0,0.6779528585710153,True
MAC002251,2013-09-08,0.30627583615182263,0.19742489270386265,0.7431906614785992,0.3125,1.0,0.6698205323837374,True
MAC002251,2013-09-09,0.2777151446824502,0.19742489270386265,0.8015564202334631,0.3333333333333333,1.0,0.6800418503543753,True
MAC002251,2013-09-10,0.2732055618188651,0.19742489270386265,0.7665369649805448,0.3333333333333333,1.0,0.6812137769940576,True
MAC002251,2013-09-11,0.2750845546786922,0.2017167381974249,0.7237354085603113,0.3333333333333333,1.0,0.6816748328676694,True
MAC002251,2013-09-12,0.27846674182638104,0.18884120171673818,0.8015564202334631,0.3333333333333333,1.0,0.6802719427763398,True
MAC002251,2013-12-10,0.33483652762119503,0.3733905579399141,0.7626459143968872,0.4375,1.5,0.6801025715739517,True
MAC002251,2013-12-11,0.3246899661781285,0.3690987124463519,0.7782101167315175,0.4583333333333333,1.5,0.6813167106506044,True
MAC002251,2013-12-12,0.32243517474633593,0.3690987124463519,0.7315175097276264,0.4583333333333333,2.0,0.6932592103975934,True
MAC002251,2013-12-14,0.3461104847801578,0.3562231759656652,0.7198443579766537,0.3958333333333333,1.5,0.6804415562894878,True
MAC002280,2013-02-16,0.293595330099482,0.14226519337016574,0.2745901639344262,0.0,3.0,0.6883401404264663,True
MAC002280,2013-02-17,0.2570911781632821,0.15331491712707182,0.13114754098360654,0.0,7.0,0.7356654328168856,True
MAC002280,2013-02-18,0.276000986598701,0.1892265193370166,0.16885245901639342,0.0,2.5,0.673226029690168,True
MAC002280,2013-03-30,0.0762969662089945,0.08425414364640885,0.10573770491803278,0.0,5.5,0.7628356344659799,True
MAC002280,2013-03-31,0.07193948861300666,0.08011049723756906,0.10573770491803278,0.0,7.0,0.7698352286900627,True
MAC002280,2013-04-01,0.9773904382142564,1.9502761049723758,0.10573770491803278,0.0,4.0,0.6797136718192087,True
MAC002280,2013-04-07,1.1293266463865823,0.9820441988950276,3.7770491803278685,0.22916666666666666,5.5,0.7407321588722935,True
MAC002280,2013-05-26,0.12488695223217955,0.08701657458563536,0.26885245901639343,0.0,3.0,0.7227867401549125,True
MAC002280,2013-05-27,0.12883334703609306,0.08425414364640885,0.390983606557377,0.0,4.5,0.7392173308953622,True
MAC002280,2013-05-28,0.17068157526925923,0.3328729281767956,0.39344262295081966,0.0,3.5,0.6961036667298794,True
MAC002280,2013-06-22,0.21548959960536052,0.07872928176795581,0.43442622950819665,0.0,4.0,0.722845016438141,True
MAC002280,2013-06-23,0.25388473238510234,0.2458563535911602,0.41393442622950816,0.0,5.5,0.7138460689426424,True
MAC002280,2013-08-10,0.1940310778590808,0.07044198895027624,0.3950819672131147,0.0,4.0,0.7315056012516639,True
MAC002280,2013-08-11,0.18885143467894436,0.06767955801104973,0.3827868852459016,0.0,2.5,0.7040749772400966,True
MAC002280,2013-08-12,0.1854805557839349,0.06629834254143646,0.37786885245901636,0.0,6.5,0.7533468464119897,True
MAC002280,2013-08-13,0.18087642851270247,0.0649171270718232,0.36967213114754094,0.0,3.5,0.7230312953268029,True
MAC002280,2013-08-14,0.4211954287593521,0.5027624309392266,0.36393442622950817,0.0,7.5,0.6945492509419214,True
MAC002280,2013-08-17,0.19995067006495107,0.0718232044198895,0.40081967213114744,0.0,3.5,0.713107849774029,True
MAC002280,2013-08-18,0.22428677135575106,0.22237569060773482,0.3950819672131147,0.0,4.5,0.71651502376022,True
MAC002280,2013-08-26,0.2089944914905862,0.07458563535911603,0.4155737704918032,0.0,9.0,0.7480139180679773,True
MAC002324,2013-08-02,0.11009573542210617,0.04806687565308255,0.44358407079646023,0.0,1.5,0.6761261363225708,True
MAC002324,2013-08-03,0.10961705831157528,0.05015673981191223,0.43584070796460184,0.0,0.5,0.6723904036046903,True
MAC002324,2013-08-07,0.11266318537859007,0.05067920585161965,0.45464601769911506,0.0,0.5,0.6697353345069857,True
MAC002324,2013-08-10,0.10726718885987814,0.04911180773249739,0.45243362831858414,0.0,1.5,0.675897446161361,True
MAC002336,2013-01-02,0.11099544567338972,0.04766839378238342,0.4007561436672968,0.041666666666666664,1.0,0.6856278274536085,True
MAC002336,2013-01-03,0.10878334417696812,0.046632124352331605,0.4480151228733459,0.08333333333333333,1.0,0.6973257022044766,True
MAC002336,2013-01-04,0.1059206245933637,0.04559585492227979,0.4253308128544423,0.0625,0.5,0.7037667962340213,True
MAC002336,2013-01-05,0.10566037735849057,0.04559585492227979,0.389413988657845,0.08333333333333333,0.5,0.7153579220669355,True
MAC002336,2013-01-06,0.10618087182823682,0.04559585492227979,0.3856332703213611,0.10416666666666667,1.0,0.7099799750976955,True
MAC002336,2013-01-07,0.11151594014313598,0.04248704663212435,0.3950850661625709,0.08333333333333333,0.5,0.7148740843839214,True
MAC002336,2013-01-08,0.11281717631750163,0.04766839378238342,0.40264650283553877,0.08333333333333333,1.0,0.7014135479079165,True
MAC002336,2013-01-09,0.11112556929082629,0.04766839378238342,0.3950850661625709,0.08333333333333333,1.0,0.7014135479079165,True
MAC002336,2013-01-10,0.11620039037085232,0.04870466321243524,0.440453686200378,0.08333333333333333,1.0,0.6973257022044766,True
MAC002336,2013-01-11,0.11060507482108003,0.04870466321243524,0.39697542533081287,0.125,1.0,0.7133786977835259,True
MAC002380,2013-12-26,0.18529140135128566,0.08996328579946669,0.5404040404040403,0.0,3.5,0.695773599877112,True
MAC002380,2013-12-27,0.19909590239634473,0.08873929551648074,0.584175084175084,0.0,2.5,0.671837518177614,True
MAC002380,2013-12-29,0.03752491129149857,0.020195839669268034,0.13552188552188552,0.0,6.0,0.7803232286387107,True
MAC002380,2013-12-30,0.0742721042142614,0.020195839669268034,0.28787878787878785,0.0,8.0,0.779268030696551,True
MAC002392,2013-01-01,0.11480652382475216,0.06873977086743045,0.43769968051118213,0.4166666666666667,1.0,0.7409755374948342,True
MAC002392,2013-01-02,0.10873041253597697,0.07201309328968904,0.45367412140575086,0.4375,1.0,0.7438202939758976,True
MAC002392,2013-01-03,0.11096897985289417,0.06873977086743045,0.4568690095846646,0.4166666666666667,1.0,0.7394730611176917,True
MAC002392,2013-01-04,0.11352734250079949,0.06873977086743045,0.4281150159744409,0.4166666666666667,1.0,0.7412262468533095,True
MAC002392,2013-01-05,0.11288775183882317,0.06873977086743045,0.42172523961661346,0.4583333333333333,1.0,0.7465933728755441,True
MAC002392,2013-01-06,0.11288775183882316,0.06873977086743045,0.44728434504792336,0.3541666666666667,1.0,0.7392229447496468,True
MAC002392,2013-01-07,0.11384713783178765,0.06873977086743045,0.4568690095846646,0.4166666666666667,1.0,0.7394730611176917,True
MAC002392,2013-01-08,0.11576590981771667,0.06873977086743045,0.45367412140575086,0.375,1.0,0.7394730611176917,True
MAC002392,2013-01-09,0.11480652382475216,0.06873977086743045,0.4504792332268371,0.375,1.0,0.7394730611176917,True
MAC002392,2013-01-10,0.10681164055004798,0.07201309328968904,0.44089456869009586,0.375,1.0,0.7397232621127062,True
MAC002392,2013-01-11,0.10713143588103614,0.08183306055646482,0.402555910543131,0.4791666666666667,1.0,0.7494472920928046,True
MAC002392,2013-01-12,0.09753757595139112,0.0851063829787234,0.4664536741214058,0.5416666666666666,1.5,0.7505212417008882,True
MAC002392,2013-01-13,0.10041573393028462,0.0916530278232406,0.42172523961661346,0.5625,1.5,0.7535741886624936,True
MAC002392,2013-01-14,0.9587464023025264,1.5679214402618658,0.4345047923322684,0.2916666666666667,1.5,0.6763905876489881,True
MAC002392,2013-12-22,0.12663895107131437,0.058919803600654665,0.4728434504792333,0.22916666666666666,0.5,0.7295788320547892,True
MAC002392,2013-12-23,0.12216181643748002,0.062193126022913256,0.4888178913738019,0.2916666666666667,0.5,0.7369917347381574,True
MAC002392,2013-12-24,0.11992324912056285,0.062193126022913256,0.4568690095846646,0.3125,0.5,0.7437984598662085,True
MAC002392,2013-12-25,0.11736488647265751,0.06546644844517185,0.43769968051118213,0.3333333333333333,0.5,0.7476198987102096,True
MAC002392,2013-12-26,0.10937000319795333,0.06873977086743045,0.45367412140575086,0.4166666666666667,1.0,0.7394730611176917,True
MAC002392,2013-12-27,0.10905020786696516,0.07201309328968904,0.3929712460063898,0.5208333333333334,1.0,0.7499545294500797,True
MAC002392,2013-12-28,0.10841061720498882,0.07201309328968904,0.38658146964856227,0.5208333333333334,1.0,0.7499545294500797,True
MAC002392,2013-12-29,0.10713143588103614,0.07201309328968904,0.4504792332268371,0.4583333333333333,1.0,0.7440719658588238,True
MAC002392,2013-12-30,0.10521266389510714,0.07201309328968904,0.4664536741214058,0.4375,1.0,0.7425632108527185,True
MAC002392,2013-12-31,0.10841061720498882,0.06873977086743045,0.4281150159744409,0.3541666666666667,1.0,0.7407249129352752,True
MAC002413,2013-12-30,0.26050166213357506,0.32270168855534703,0.8667413213885778,0.5,12.0,0.7822436448866625,True
MAC002472,2013-05-13,0.3407364114552893,0.6235294117647058,0.43548387096774194,0.5,2.5,0.7168201869299675,True
MAC002472,2013-05-14,0.7895967270601988,0.5176470588235293,0.44086021505376344,0.4166666666666667,2.5,0.7064380572777929,True
MAC002472,2013-05-15,0.42022209234365876,0.47058823529411764,0.446236559139785,0.4791666666666667,2.5,0.7145593041808905,True
MAC002472,2013-05-16,1.173582700175336,1.776470588235294,0.43548387096774194,0.3541666666666667,3.0,0.7303978846863929,True
MAC002472,2013-05-17,0.7855055523085915,1.0117647058823527,0.43548387096774194,0.4166666666666667,2.5,0.6988084893077628,True
MAC002472,2013-05-18,0.3313851548801871,0.6882352941176471,0.44086021505376344,0.4791666666666667,2.5,0.7162792641696335,True
MAC002472,2013-05-19,0.3138515488018703,0.44705882352941173,0.47311827956989244,0.4791666666666667,2.5,0.7177675232109885,True
MAC002472,2013-05-20,0.37638807714786676,0.6705882352941176,0.43548387096774194,0.375,3.0,0.7273551127714569,True
MAC002472,2013-05-21,0.42372881355932207,0.5529411764705882,0.44086021505376344,0.4583333333333333,2.5,0.7124706883568569,True
MAC002472,2013-05-22,0.6691992986557569,1.6235294117647059,0.43548387096774194,0.3541666666666667,2.5,0.7109849581865275,True
MAC002472,2013-05-23,0.6908240794856809,0.5999999999999999,0.43548387096774194,0.22916666666666666,2.5,0.6743953221213481,True
MAC002472,2013-05-24,0.6247808299240211,0.8470588235294116,0.43548387096774194,0.3541666666666667,3.0,0.72193582553957,True
MAC002472,2013-05-25,0.30859146697837525,0.5647058823529412,0.44086021505376344,0.5208333333333334,3.0,0.7347695973421179,True
MAC002472,2013-05-26,0.5230859146697838,1.8411764705882352,0.43548387096774194,0.375,2.5,0.7215918452719072,True
MAC002472,2013-05-27,0.29222676797194624,0.5941176470588235,0.44086021505376344,0.4375,2.5,0.7177908249599543,True
MAC002472,2013-05-28,0.36002337814143776,0.5,0.43548387096774194,0.375,3.0,0.7293214108192604,True
MAC002472,2013-05-29,0.8883693746347167,2.0,0.44086021505376344,0.3333333333333333,3.0,0.7319290913971889,True
MAC002472,2013-05-30,0.35885447106955,0.38235294117647056,0.43010752688172044,0.4375,6.0,0.7718945081468405,True
MAC002472,2013-05-31,0.39742840444184685,0.6588235294117647,0.43010752688172044,0.4791666666666667,6.5,0.769298538818567,True
MAC002472,2013-06-01,0.36294564582115724,0.7058823529411764,0.43010752688172044,0.5208333333333334,6.5,0.7720243896229899,True
MAC002472,2013-06-02,0.38749269433080075,0.49411764705882355,0.5268817204301075,0.4583333333333333,6.0,0.7618970150257162,True
MAC002472,2013-06-03,0.36294564582115724,0.5647058823529412,0.43010752688172044,0.4791666666666667,7.5,0.7715626460507266,True
MAC002472,2013-06-04,0.32963179427235534,0.47058823529411764,0.43010752688172044,0.4791666666666667,6.0,0.7692170892748462,True
MAC002472,2013-06-05,0.4360023378141438,0.5176470588235293,0.43010752688172044,0.3958333333333333,6.0,0.7653996185054279,True
MAC002609,2013-02-18,0.28943089430894314,0.16962025316455698,1.0644391408114557,0.3125,1.0,0.6755404742096701,True
MAC002609,2013-02-19,0.20447154471544715,0.08354430379746836,0.539379474940334,0.3958333333333333,1.0,0.7172444446547375,True
MAC002609,2013-03-21,0.18516260162601628,0.08227848101265822,0.5513126491646777,0.4583333333333333,1.0,0.7277094218446004,True
MAC002609,2013-03-22,0.18414634146341463,0.08607594936708861,0.5536992840095465,0.4166666666666667,1.0,0.7198306649670266,True
MAC002609,2013-03-23,0.183130081300813,0.08354430379746836,0.5489260143198091,0.3958333333333333,1.0,0.7215229825773505,True
MAC002609,2013-03-24,0.18536585365853658,0.08481012658227849,0.5369928400954654,0.4583333333333333,1.0,0.7269568526507728,True
MAC002609,2013-03-31,0.17317073170731706,0.08354430379746836,0.558472553699284,0.4166666666666667,1.0,0.7203178573393733,True
MAC002609,2013-04-01,0.24186991869918698,0.2708860759493671,0.532219570405728,0.4583333333333333,1.0,0.6972158225095949,True
MAC002609,2013-04-17,0.2457317073170732,0.07594936708860758,0.7684964200477327,0.375,1.5,0.7185033253467872,True
MAC002609,2013-04-18,0.37398373983739835,0.07594936708860758,0.8305489260143198,0.20833333333333334,3.5,0.7229784741550688,True
MAC002609,2013-04-20,0.36829268292682926,0.07594936708860758,1.1933174224343674,0.2916666666666667,7.0,0.777238065413576,True
MAC002609,2013-04-21,0.5140243902439025,0.06835443037974683,1.1980906921241048,0.0,5.0,0.70014734261201,True
MAC002609,2013-04-22,0.5119918699186993,0.0670886075949367,1.1909307875894988,0.0,4.0,0.6854927815959683,True
MAC002609,2013-04-25,0.5111788617886178,0.0670886075949367,1.1957040572792361,0.0,4.0,0.685260923298663,True
MAC002609,2013-04-27,0.508739837398374,0.0670886075949367,1.1861575178997612,0.0,5.5,0.7050791081321907,True
MAC002609,2013-04-28,0.508739837398374,0.0670886075949367,1.1885441527446299,0.0,4.0,0.6850291434241675,True
MAC002609,2013-05-03,0.6495934959349593,0.16329113924050634,1.3627684964200475,0.0,5.5,0.6877737178913563,True
MAC002609,2013-05-11,0.606910569105691,0.1582278481012658,1.7756563245823387,0.0,6.0,0.7000951079791327,True
MAC002609,2013-05-13,0.49329268292682926,0.06455696202531645,1.1646778042959425,0.0,4.5,0.6987914055767385,True
MAC002609,2013-05-20,0.4943089430894309,0.06455696202531645,1.1551312649164678,0.0,4.0,0.6884250347374408,True
MAC002609,2013-05-21,0.4963414634146341,0.06582278481012657,1.1599045346062051,0.0,5.0,0.6997709030610686,True
MAC002609,2013-07-23,0.24451219512195124,0.07215189873417721,0.6778042959427207,0.1875,1.0,0.6775225575462892,True
MAC002609,2013-07-24,0.23760162601626017,0.06962025316455696,0.6109785202863961,0.16666666666666666,1.0,0.675415942928927,True
MAC002609,2013-07-25,0.2380081300813008,0.07088607594936709,0.6563245823389021,0.16666666666666666,0.5,0.6845392736587623,True
MAC002609,2013-07-26,0.24227642276422764,0.07088607594936709,0.7183770883054892,0.20833333333333334,0.5,0.6916134831433046,True
MAC002609,2013-07-27,0.2434959349593496,0.07215189873417721,0.6968973747016706,0.22916666666666666,0.5,0.6935911004102326,True
MAC002609,2013-07-28,0.23739837398373984,0.07215189873417721,0.5966587112171837,0.1875,1.0,0.6802308364590619,True
MAC002609,2013-07-29,0.23414634146341462,0.07088607594936709,0.58472553699284,0.2708333333333333,0.5,0.7110483935707467,True
MAC002609,2013-08-16,0.19593495934959348,0.04177215189873418,0.5751789976133651,0.0625,0.5,0.6739767052135507,True
MAC002609,2013-08-17,0.18800813008130082,0.04050632911392405,0.5608591885441526,0.08333333333333333,0.5,0.6846347885180347,True
MAC002609,2013-08-18,0.19146341463414634,0.04177215189873418,0.5560859188544152,0.041666666666666664,0.5,0.6691287155790144,True
MAC002609,2013-08-19,0.18678861788617887,0.04050632911392405,0.5608591885441526,0.0625,0.5,0.6765368600084724,True
MAC002609,2013-08-20,0.19004065040650409,0.04177215189873418,0.539379474940334,0.08333333333333333,0.5,0.6857938047817127,True
MAC002609,2013-12-02,0.1741869918699187,0.04430379746835443,0.5536992840095465,0.1875,1.0,0.7029074768462584,True
MAC002609,2013-12-03,0.16829268292682925,0.043037974683544304,0.513126491646778,0.1875,0.5,0.7149824547994931,True
MAC002609,2013-12-04,0.17032520325203254,0.04430379746835443,0.5274463007159905,0.22916666666666666,0.5,0.7218034218887468,True
MAC002609,2013-12-05,0.17154471544715447,0.043037974683544304,0.5513126491646777,0.16666666666666666,1.0,0.6997739125504012,True
MAC002609,2013-12-23,0.17764227642276423,0.046835443037974676,0.5656324582338902,0.14583333333333334,1.0,0.6892765606441417,True
MAC002609,2013-12-24,0.167479674796748,0.043037974683544304,0.5083532219570406,0.22916666666666666,0.5,0.7249328636436215,True
MAC002609,2013-12-25,0.1709349593495935,0.046835443037974676,0.5107398568019094,0.2708333333333333,0.5,0.7325176239141834,True
MAC002609,2013-12-26,0.16422764227642278,0.04430379746835443,0.5059665871121718,0.22916666666666666,0.5,0.7261601004027356,True
MAC002624,2013-05-11,5.520912547528517,7.628571428571428,7.806451612903226,0.0,1.0,0.6921835945090213,True
MAC002624,2013-10-05,0.8022813688212928,4.942857142857142,0.9637096774193548,0.5,4.0,0.7600266247003495,True
MAC002624,2013-10-06,0.04277566539923954,0.2571428571428571,0.35887096774193544,0.8541666666666666,4.0,0.7990846743322392,True
MAC002624,2013-10-07,0.05133079847908745,0.2571428571428571,0.35887096774193544,0.8333333333333334,4.0,0.7990846743322392,True
MAC002624,2013-10-08,0.04182509505703422,0.2571428571428571,0.35887096774193544,0.875,4.0,0.7990846743322392,True
MAC002624,2013-10-09,0.0494296577946768,0.2571428571428571,0.3548387096774193,0.8541666666666666,4.0,0.8004374424783214,True
MAC002624,2013-10-10,0.058935361216730035,0.2571428571428571,0.3629032258064516,0.8125,3.0,0.7835479287115178,True
MAC002624,2013-10-11,0.07034220532319391,0.7142857142857143,0.35887096774193544,0.8541666666666666,3.0,0.7716602376962933,True
MAC002624,2013-10-12,0.060836501901140684,0.2571428571428571,0.35887096774193544,0.7916666666666666,3.0,0.7835479287115178,True
MAC002624,2013-10-13,0.05988593155893536,0.2571428571428571,0.35887096774193544,0.8541666666666666,3.0,0.7835479287115178,True
MAC002624,2013-10-14,0.05988593155893536,0.2571428571428571,0.35887096774193544,0.7916666666666666,3.0,0.7835479287115178,True
MAC002624,2013-10-15,0.05988593155893536,0.2571428571428571,0.3951612903225807,0.7916666666666666,3.0,0.7788302693953177,True
MAC002624,2013-10-16,0.05988593155893536,0.2571428571428571,0.35887096774193544,0.8333333333333334,3.0,0.7835479287115178,True
MAC002624,2013-10-17,0.058935361216730035,0.2571428571428571,0.35887096774193544,0.8125,3.0,0.7835479287115178,True
MAC002624,2013-10-18,0.05988593155893536,0.2571428571428571,0.35887096774193544,0.7916666666666666,3.0,0.7835479287115178,True
MAC002624,2013-10-19,0.05513307984790874,0.2571428571428571,0.35887096774193544,0.8333333333333334,3.0,0.7838130424549568,True
MAC002624,2013-10-20,0.05608365019011406,0.2571428571428571,0.35887096774193544,0.8333333333333334,3.0,0.7835479287115178,True
MAC002624,2013-10-21,0.058935361216730035,0.2571428571428571,0.36693548387096775,0.8125,3.0,0.7835479287115178,True
MAC002624,2013-10-22,0.06273764258555133,0.2571428571428571,0.35887096774193544,0.75,3.0,0.7832829046390759,True
MAC002624,2013-10-23,0.06749049429657794,0.3714285714285714,0.35887096774193544,0.8125,3.0,0.7786796256929701,True
MAC002624,2013-10-24,0.09600760456273763,0.3428571428571428,0.4153225806451613,0.7291666666666666,2.5,0.7660265078847563,True
MAC002624,2013-10-25,0.09315589353612168,0.3142857142857142,0.4112903225806452,0.75,2.5,0.7660265078847563,True
MAC002624,2013-10-26,0.094106463878327,0.3142857142857142,0.3709677419354839,0.6875,2.0,0.7599077578789898,True
MAC002624,2013-10-27,0.09220532319391635,0.3428571428571428,0.4112903225806452,0.8125,2.0,0.7549060576096568,True
MAC002624,2013-10-28,0.10456273764258554,0.3142857142857142,0.36693548387096775,0.6666666666666666,2.0,0.7599077578789898,True
MAC002624,2013-10-29,0.10646387832699618,0.3142857142857142,0.4112903225806452,0.6666666666666666,2.0,0.7531205156950912,True
MAC002624,2013-10-30,0.10551330798479086,0.3428571428571428,0.4153225806451613,0.7083333333333334,2.0,0.7536302391461215,True
MAC002624,2013-10-31,0.09695817490494296,0.3428571428571428,0.4153225806451613,0.8125,2.0,0.7549060576096568,True
MAC002624,2013-11-01,0.1026615969581749,0.3142857142857142,0.36693548387096775,0.6875,2.0,0.7599077578789898,True
MAC002624,2013-11-02,0.094106463878327,0.3428571428571428,0.4112903225806452,0.7083333333333334,2.0,0.7536302391461215,True
MAC002624,2013-11-03,0.11692015209125474,0.3428571428571428,0.40322580645161293,0.6666666666666666,2.0,0.75108506711268,True
MAC002624,2013-11-04,0.09790874524714828,0.3428571428571428,0.4153225806451613,0.75,2.0,0.7549060576096568,True
MAC002624,2013-11-05,0.10741444866920151,0.3428571428571428,0.3709677419354839,0.75,2.0,0.7617093913820211,True
MAC002624,2013-11-06,0.10741444866920151,0.3428571428571428,0.3991935483870968,0.7291666666666666,2.0,0.7554169895426865,True
MAC002624,2013-11-07,0.10076045627376425,0.3428571428571428,0.4112903225806452,0.6875,2.0,0.7531205156950912,True
MAC002624,2013-11-08,0.10551330798479087,0.3428571428571428,0.40725806451612906,0.625,1.5,0.7417201925702466,True
MAC002624,2013-11-09,0.11026615969581748,0.3428571428571428,0.3709677419354839,0.7083333333333334,2.0,0.7604220750390438,True
MAC002624,2013-11-10,0.10931558935361216,0.3428571428571428,0.3709677419354839,0.6458333333333334,2.0,0.7599077578789898,True
MAC002624,2013-11-11,0.11026615969581748,0.3428571428571428,0.3709677419354839,0.7291666666666666,2.0,0.7617093913820211,True
MAC002624,2013-11-12,0.11026615969581748,0.3142857142857142,0.3709677419354839,0.625,2.0,0.7588801669103806,True
MAC002624,2013-11-13,0.11026615969581748,0.3428571428571428,0.41935483870967744,0.6875,2.0,0.7523565768618027,True
MAC002624,2013-11-14,0.10836501901140683,0.3428571428571428,0.4153225806451613,0.7291666666666666,2.0,0.7549060576096568,True
MAC002624,2013-11-15,0.12357414448669202,0.39999999999999997,0.41935483870967744,0.6041666666666666,2.5,0.7481512534128942,True
MAC002624,2013-11-16,0.11216730038022812,0.3142857142857142,0.3951612903225807,0.6875,2.0,0.7536302391461215,True
MAC002624,2013-11-17,0.0903041825095057,0.3142857142857142,0.40725806451612906,0.7708333333333334,2.0,0.7549060576096568,True
MAC002624,2013-11-18,0.10076045627376425,0.3142857142857142,0.375,0.6041666666666666,1.5,0.7478985041102426,True
MAC002624,2013-11-19,0.10076045627376425,0.3142857142857142,0.3629032258064516,0.7083333333333334,2.0,0.7604220750390438,True
MAC002624,2013-11-20,0.1150190114068441,0.3142857142857142,0.3709677419354839,0.6666666666666666,2.0,0.7586234863616097,True
MAC002624,2013-11-21,0.10171102661596958,0.3142857142857142,0.4112903225806452,0.7291666666666666,2.0,0.7549060576096568,True
MAC002624,2013-11-22,0.11216730038022812,0.3142857142857142,0.40725806451612906,0.7083333333333334,2.0,0.7536302391461215,True
MAC002624,2013-11-23,0.1026615969581749,0.3142857142857142,0.4112903225806452,0.6875,2.0,0.7531205156950912,True
MAC002624,2013-11-24,0.09980988593155893,0.3142857142857142,0.36693548387096775,0.6875,2.0,0.7599077578789898,True
MAC002624,2013-11-25,0.1112167300380228,0.3142857142857142,0.40725806451612906,0.6666666666666666,2.0,0.7531205156950912,True
MAC002624,2013-11-26,0.10361216730038023,0.3142857142857142,0.40725806451612906,0.7291666666666666,2.0,0.7549060576096568,True
MAC002624,2013-11-27,0.10171102661596958,0.3142857142857142,0.36693548387096775,0.7083333333333334,2.0,0.7604220750390438,True
MAC002624,2013-11-28,0.10076045627376425,0.3142857142857142,0.3991935483870968,0.7083333333333334,2.0,0.7541403075857572,True
MAC002624,2013-11-29,0.10361216730038023,0.3142857142857142,0.36693548387096775,0.7083333333333334,2.0,0.7604220750390438,True
MAC002624,2013-11-30,0.1112167300380228,0.3142857142857142,0.36693548387096775,0.6666666666666666,2.0,0.7599077578789898,True
MAC002624,2013-12-01,0.10361216730038023,0.3142857142857142,0.4112903225806452,0.7083333333333334,2.0,0.7536302391461215,True
MAC002624,2013-12-02,0.10456273764258553,0.3142857142857142,0.4112903225806452,0.7083333333333334,2.0,0.7536302391461215,True
MAC002624,2013-12-03,0.10361216730038023,0.3142857142857142,0.40322580645161293,0.6666666666666666,2.0,0.7536302391461215,True
MAC002624,2013-12-04,0.11311787072243346,0.3142857142857142,0.3790322580645161,0.6458333333333334,2.0,0.7593937885811951,True
MAC002624,2013-12-05,0.11406844106463877,0.3142857142857142,0.4112903225806452,0.6875,1.5,0.7422222001087171,True
MAC002624,2013-12-06,0.11216730038022812,0.3142857142857142,0.4112903225806452,0.6875,2.0,0.7531205156950912,True
MAC002624,2013-12-07,0.10646387832699618,0.3142857142857142,0.4112903225806452,0.6875,2.0,0.7531205156950912,True
MAC002624,2013-12-08,0.11406844106463877,0.3142857142857142,0.36693548387096775,0.7083333333333334,2.0,0.7604220750390438,True
MAC002624,2013-12-09,0.10171102661596958,0.3142857142857142,0.40725806451612906,0.7083333333333334,2.0,0.7536302391461215,True
MAC002624,2013-12-10,0.10171102661596958,0.3142857142857142,0.40725806451612906,0.7083333333333334,2.0,0.7536302391461215,True
MAC002624,2013-12-11,0.10361216730038023,0.3142857142857142,0.4112903225806452,0.7083333333333334,2.0,0.7536302391461215,True
MAC002624,2013-12-12,0.11216730038022812,0.3142857142857142,0.4112903225806452,0.7291666666666666,2.0,0.7549060576096568,True
MAC002624,2013-12-13,0.10361216730038023,0.3142857142857142,0.3951612903225807,0.7083333333333334,2.0,0.7541403075857572,True
MAC002624,2013-12-14,0.11311787072243346,0.3142857142857142,0.3991935483870968,0.6875,2.0,0.7536302391461215,True
MAC002624,2013-12-15,0.10931558935361217,0.3142857142857142,0.39112903225806456,0.6875,2.0,0.7536302391461215,True
MAC002624,2013-12-16,0.10361216730038023,0.2857142857142857,0.40725806451612906,0.6458333333333334,1.5,0.7429758485502007,True
MAC002624,2013-12-17,0.1026615969581749,0.3142857142857142,0.4112903225806452,0.7083333333333334,2.0,0.7536302391461215,True
MAC002624,2013-12-18,0.10456273764258553,0.3142857142857142,0.4112903225806452,0.7083333333333334,2.0,0.7536302391461215,True
MAC002624,2013-12-19,0.11311787072243346,0.3142857142857142,0.3870967741935484,0.6875,2.0,0.7546507212474922,True
MAC002624,2013-12-20,0.10361216730038023,0.3142857142857142,0.4112903225806452,0.6875,2.0,0.7531205156950912,True
MAC002624,2013-12-21,0.11977186311787072,0.3142857142857142,0.4112903225806452,0.7083333333333334,2.0,0.7495620916385143,True
MAC002624,2013-12-22,0.11216730038022812,0.3142857142857142,0.4112903225806452,0.7083333333333334,2.0,0.7536302391461215,True
MAC002624,2013-12-23,0.11311787072243346,0.3142857142857142,0.40725806451612906,0.7291666666666666,1.5,0.7444854419619564,True
MAC002624,2013-12-24,0.11311787072243346,0.3142857142857142,0.4112903225806452,0.6666666666666666,1.5,0.7422222001087171,True
MAC002624,2013-12-25,0.1150190114068441,0.3142857142857142,0.4112903225806452,0.6458333333333334,1.5,0.7409678178218099,True
MAC002624,2013-12-26,0.12167300380228137,0.3142857142857142,0.4112903225806452,0.6666666666666666,1.5,0.736220468613907,True
MAC002624,2013-12-27,0.11882129277566539,0.3142857142857142,0.4153225806451613,0.6041666666666666,1.5,0.7379659429140699,True
MAC002624,2013-12-28,0.1150190114068441,0.3142857142857142,0.4112903225806452,0.6666666666666666,1.5,0.7409678178218099,True
MAC002624,2013-12-29,0.12262357414448669,0.3142857142857142,0.4112903225806452,0.6458333333333334,1.5,0.736220468613907,True
MAC002624,2013-12-30,0.11692015209125474,0.3142857142857142,0.4112903225806452,0.6875,1.5,0.7394653570978513,True
MAC002624,2013-12-31,0.11406844106463877,0.3142857142857142,0.375,0.6666666666666666,1.5,0.7491646193360268,True
MAC002675,2013-01-01,0.12596899224806202,0.06349206349206349,0.36122448979591837,0.20833333333333334,2.0,0.7443286250518238,True
MAC002675,2013-01-02,0.14219961240310075,0.21587301587301588,0.49795918367346936,0.375,0.5,0.7250789065053009,True
MAC002675,2013-01-03,0.12112403100775193,0.06349206349206349,0.326530612244898,0.2708333333333333,0.5,0.7491309563044076,True
MAC002675,2013-01-04,0.15188953488372092,0.21269841269841272,0.3653061224489796,0.22916666666666666,0.5,0.7159440614459065,True
MAC002675,2013-01-05,0.1312984496124031,0.06666666666666667,0.3346938775510204,0.20833333333333334,0.5,0.7375636020147233,True
MAC002675,2013-03-16,0.14098837209302326,0.06666666666666667,0.37142857142857144,0.20833333333333334,0.5,0.732838063472313,True
MAC002792,2013-01-18,0.28525641025641024,0.9171374764595103,0.5122950819672131,0.4166666666666667,1.0,0.6712798564572908,True
MAC002792,2013-01-29,0.09544159544159546,0.02448210922787194,0.5245901639344263,0.4375,1.5,0.7617609021139249,True
MAC002792,2013-01-30,0.10113960113960113,0.02448210922787194,0.5327868852459017,0.3541666666666667,0.5,0.7526666609727635,True
MAC002792,2013-01-31,0.1014957264957265,0.02448210922787194,0.5409836065573771,0.375,1.0,0.7443692669064657,True
MAC002792,2013-02-01,0.10505698005698005,0.02448210922787194,0.5327868852459017,0.2916666666666667,1.0,0.7368530209480049,True
MAC002792,2013-02-02,0.10363247863247863,0.02448210922787194,0.5327868852459017,0.25,1.0,0.728179936334624,True
MAC002792,2013-02-03,0.10007122507122507,0.02448210922787194,0.5409836065573771,0.3958333333333333,0.5,0.7531760772479957,True
MAC002792,2013-02-04,0.09579772079772081,0.02448210922787194,0.5081967213114754,0.4375,0.5,0.7616912462364652,True
MAC002792,2013-02-05,0.09686609686609687,0.02448210922787194,0.48770491803278687,0.4166666666666667,0.5,0.7556742303284409,True
MAC002792,2013-02-06,0.0925925925925926,0.02448210922787194,0.5204918032786885,0.4166666666666667,0.5,0.7531760772479957,True
MAC002792,2013-02-07,0.09152421652421654,0.02448210922787194,0.48770491803278687,0.4583333333333333,1.0,0.7527173272652742,True
MAC002792,2013-02-08,0.08796296296296297,0.02448210922787194,0.5163934426229508,0.4375,1.0,0.7516467226657277,True
MAC002792,2013-02-09,0.08725071225071225,0.02448210922787194,0.48770491803278687,0.5416666666666666,1.0,0.7553390865691256,True
MAC002792,2013-02-10,0.09081196581196582,0.02448210922787194,0.48360655737704916,0.4375,1.0,0.7527173272652742,True
MAC002792,2013-02-13,0.3543447293447294,0.583804143126177,0.5245901639344263,0.375,0.5,0.6704910374942051,True
MAC002792,2013-06-12,0.5220797720797721,0.3559322033898305,0.7090163934426229,0.3541666666666667,1.5,0.6733010190973497,True
MAC002792,2013-06-13,0.21794871794871795,0.09981167608286251,0.7295081967213115,0.3958333333333333,1.5,0.7170599953567476,True
MAC002792,2013-06-17,0.3304843304843305,0.2071563088512241,0.7172131147540983,0.3125,1.5,0.6821058954013848,True
MAC002792,2013-06-25,0.6157407407407408,0.35216572504708094,1.2991803278688525,0.25,2.0,0.6718161442368553,True
MAC002792,2013-07-10,0.8279914529914532,1.3935969868173257,1.0327868852459017,0.10416666666666667,4.5,0.6811235904227835,True
MAC002792,2013-07-12,1.5972222222222225,1.2919020715630884,1.44672131147541,0.125,3.5,0.6777142340349883,True
MAC002792,2013-08-03,0.31695156695156695,0.064030131826742,0.8401639344262296,0.2708333333333333,1.0,0.6863092530438983,True
MAC002792,2013-08-04,0.3055555555555556,0.06591337099811677,0.8401639344262296,0.22916666666666666,1.0,0.6715083757891994,True
MAC002792,2013-08-05,0.3141025641025641,0.1111111111111111,0.9713114754098361,0.25,1.0,0.6735624689285291,True
MAC002792,2013-08-06,0.2777777777777778,0.06779661016949151,0.8975409836065575,0.2916666666666667,1.0,0.6934665542759427,True
MAC002792,2013-08-07,0.25997150997151,0.06779661016949151,0.8893442622950821,0.3333333333333333,1.0,0.7003032900640672,True
MAC002792,2013-08-08,0.2571225071225071,0.06591337099811677,0.819672131147541,0.25,0.5,0.6963363822793303,True
MAC002792,2013-08-09,0.25142450142450146,0.06779661016949151,0.8524590163934427,0.3333333333333333,1.0,0.7027896344020044,True
MAC002792,2013-08-10,0.24821937321937326,0.06591337099811677,0.8237704918032788,0.2708333333333333,1.0,0.6956042918528401,True
MAC002792,2013-08-11,0.26851851851851855,0.06591337099811677,0.848360655737705,0.3125,1.0,0.6978284285725773,True
MAC002792,2013-08-12,0.29843304843304846,0.07909604519774012,0.8237704918032788,0.25,1.0,0.6791363113159002,True
MAC002792,2013-08-14,0.2674501424501425,0.08286252354048963,0.7868852459016393,0.2916666666666667,1.0,0.6950597439977515,True
MAC002792,2013-08-15,0.27920227920227925,0.08097928436911486,0.7991803278688525,0.2916666666666667,1.0,0.6960888819226608,True
MAC002792,2013-09-09,0.7086894586894588,1.015065913370998,1.4262295081967216,0.375,3.0,0.7125501260775196,True
MAC002792,2013-09-28,4.035968660968662,3.167608286252354,4.504098360655739,0.0,2.5,0.6694722522481448,True
MAC002792,2013-12-06,0.5067663817663818,0.9774011299435028,0.5819672131147542,0.3125,2.0,0.6756611145338066,True
MAC002792,2013-12-13,1.3860398860398861,0.3973634651600753,6.631147540983607,0.14583333333333334,2.0,0.6828233909562572,True
MAC002792,2013-12-14,0.18304843304843307,0.06214689265536723,0.6721311475409837,0.5208333333333334,2.0,0.750007734278893,True
MAC002792,2013-12-15,0.17307692307692307,0.060263653483992465,0.6598360655737705,0.5416666666666666,2.0,0.7538232440670923,True
MAC002792,2013-12-16,0.19800569800569803,0.060263653483992465,0.7213114754098361,0.5,2.0,0.747474796226521,True
MAC002792,2013-12-17,0.19551282051282054,0.07344632768361581,0.6639344262295083,0.4583333333333333,2.0,0.7443943315642069,True
MAC002792,2013-12-18,0.19052706552706555,0.060263653483992465,0.6762295081967213,0.4791666666666667,2.0,0.7507692881100196,True
MAC002792,2013-12-19,0.1876780626780627,0.05649717514124293,0.7213114754098361,0.5,2.5,0.7593881323411182,True
MAC002792,2013-12-20,0.16061253561253563,0.0583804143126177,0.6639344262295083,0.5833333333333334,2.0,0.756377694851653,True
MAC002792,2013-12-21,0.1858974358974359,0.0583804143126177,0.7008196721311475,0.5,2.0,0.7517858962302606,True
MAC002792,2013-12-22,0.172008547008547,0.0583804143126177,0.6557377049180328,0.5208333333333334,2.0,0.7545886721463955,True
MAC002792,2013-12-23,0.19943019943019946,0.1374764595103578,0.6516393442622951,0.5208333333333334,2.0,0.7349062224009381,True
MAC002792,2013-12-24,0.20049857549857553,0.0583804143126177,0.7295081967213115,0.4375,2.0,0.7472219733840569,True
MAC002792,2013-12-25,0.18554131054131057,0.060263653483992465,0.75,0.5208333333333334,2.5,0.7596450716081509,True
MAC002792,2013-12-26,0.1965811965811966,0.05649717514124293,0.6639344262295083,0.5,2.5,0.7609310725642555,True
MAC002792,2013-12-27,0.1940883190883191,0.0583804143126177,0.7254098360655737,0.5,2.5,0.7583612440400425,True
MAC002792,2013-12-28,0.1894586894586895,0.060263653483992465,0.6967213114754098,0.5208333333333334,2.5,0.7601592109781306,True
MAC002792,2013-12-29,0.1712962962962963,0.060263653483992465,0.6762295081967213,0.5416666666666666,2.0,0.7528038809279489,True
MAC002792,2013-12-30,0.3408119658119659,0.295668549905838,0.6598360655737705,0.3958333333333333,2.0,0.6944374566550854,True
MAC002792,2013-12-31,0.18233618233618235,0.060263653483992465,0.6844262295081968,0.6041666666666666,2.5,0.7635096093639715,True
MAC002879,2013-06-08,0.46550356859635206,0.13829787234042554,0.6260296540362439,0.0,4.0,0.6702006581918618,True
MAC002879,2013-06-09,0.45757335448057096,0.1347517730496454,0.6194398682042834,0.0,4.5,0.6788721394652881,True
MAC002879,2013-06-10,0.44885011895321175,0.13120567375886524,0.6062602965403624,0.0,7.5,0.6993547544231908,True
MAC002879,2013-06-11,0.44514935236584724,0.13120567375886524,0.6062602965403624,0.0,5.5,0.690883747338904,True
MAC002879,2013-06-12,0.4469997356595295,0.13120567375886524,0.6046128500823723,0.0,7.0,0.6984090467079479,True
MAC002879,2013-06-14,0.4448850118953212,0.13120567375886524,0.599670510708402,0.0,4.5,0.6795614625949381,True
MAC002879,2013-09-09,0.15411049431667986,0.06382978723404255,0.30642504118616143,0.0,0.5,0.6751591448489309,True
MAC002928,2013-01-01,0.41231533695604305,0.6293785310734463,2.56697247706422,0.16666666666666666,4.0,0.7193910752609626,True
MAC002928,2013-01-10,1.1260786730133294,1.4519774011299433,0.9064220183486238,0.20833333333333334,4.0,0.7005636808228688,True
MAC002928,2013-01-26,1.4522451155149172,1.4813559322033898,2.328440366972477,0.20833333333333334,2.5,0.6799713250862085,True
MAC002928,2013-01-30,1.1518209572645757,0.8836158192090395,0.9871559633027521,0.1875,3.5,0.669887644105476,True
MAC002928,2013-02-02,2.221734661083302,1.690395593220339,0.891743119266055,0.125,3.0,0.6767444489768256,True
MAC002928,2013-02-04,1.8449612279514227,1.6926553672316385,0.8697247706422019,0.25,6.0,0.739996368635107,True
MAC002928,2013-02-09,1.2343132772515244,1.0632768361581921,4.444036697247706,0.16666666666666666,3.5,0.7048384809383046,True
MAC002928,2013-02-14,1.6539417777688783,1.9932204519774013,0.963302752293578,0.20833333333333334,4.0,0.7104994236133472,True
MAC002928,2013-02-17,0.9678221300596441,0.607909604519774,1.3724770642201831,0.22916666666666666,3.5,0.6951434493007779,True
MAC002928,2013-02-18,1.1232996764180243,1.326553672316384,0.9009174311926605,0.2708333333333333,3.0,0.6828643076955525,True
MAC002928,2013-02-19,1.3179756864417773,1.454237175141243,0.8990825688073395,0.2708333333333333,4.5,0.7247361492725762,True
MAC002928,2013-02-20,1.941641042245999,1.5683615819209038,4.7376146788990825,0.20833333333333334,4.0,0.7349623567786455,True
MAC002928,2013-02-21,1.8227292405626847,0.7016949152542373,7.014678899082568,0.25,3.5,0.7458311401223771,True
MAC002928,2013-02-22,2.839403205508217,2.2192090395480224,0.911926605504587,0.1875,3.5,0.7121228539111139,True
MAC002928,2013-02-23,1.2661986066081818,0.9175141242937853,1.2532110091743118,0.20833333333333334,5.0,0.7145668173464996,True
MAC002928,2013-02-28,1.1197893649292179,1.5570621468926553,0.9541284403669724,0.2708333333333333,5.5,0.7328691747151137,True
MAC002928,2013-03-01,1.943835001552801,1.8757062146892653,1.1816513761467888,0.1875,4.0,0.7153613202215987,True
MAC002928,2013-03-03,1.3004241436240436,1.3570621468926554,0.9724770642201834,0.2708333333333333,4.5,0.7208017971087911,True
MAC002928,2013-03-04,1.6692993612798104,1.8338983050847457,0.9981651376146788,0.3333333333333333,4.5,0.7428178267895817,True
MAC002928,2013-03-05,1.2227585019342035,1.7016949152542373,0.9761467889908256,0.2916666666666667,5.0,0.7327500165778364,True
MAC002928,2013-03-06,1.3337721027677036,1.2903954802259885,2.710091743119266,0.14583333333333334,3.5,0.6860883792204525,True
MAC002928,2013-03-07,1.2160304049139914,0.9050847457627119,0.9999999999999998,0.1875,3.5,0.6694451805289167,True
MAC002928,2013-03-11,1.207985941085477,1.529943502824859,1.0458715596330272,0.2708333333333333,3.0,0.6884024937328167,True
MAC002928,2013-03-12,0.7927453445554287,0.8395480225988701,0.8990825688073394,0.3333333333333333,4.0,0.7332290127603814,True
MAC002928,2013-03-13,1.495977746146296,1.7536723163841808,2.9577981651376146,0.25,5.5,0.747996351201257,True
MAC002928,2013-03-14,1.2727804406496936,1.167231638418079,0.8935779816513761,0.3125,3.0,0.6926662395551716,True
MAC002928,2013-03-15,1.190873172577546,1.5333333333333332,0.9761467889908256,0.20833333333333334,3.0,0.669095503964068,True
MAC002928,2013-03-18,1.8926429297551128,2.0485875706214687,1.6660550458715595,0.1875,2.5,0.6874597056046222,True
MAC002928,2013-03-19,1.2714640738413914,1.4429378531073445,0.8972477064220182,0.20833333333333334,3.5,0.6793585628244894,True
MAC002928,2013-03-21,1.2822875342652107,0.8779661016949153,1.2422018348623851,0.22916666666666666,3.5,0.691160217624876,True
MAC002928,2013-03-22,2.2903319834674276,1.2723163841807907,4.7816513761467885,0.125,3.0,0.7053930501677955,True
MAC002928,2013-03-25,0.9112183573026422,0.6564971751412428,0.9669724770642202,0.20833333333333334,3.5,0.6753247107631023,True
MAC002928,2013-03-27,0.7472575581796467,0.9774011299435028,0.9871559633027522,0.3125,5.0,0.7358602238208873,True
MAC002928,2013-03-28,0.8389644458247119,0.7141242937853107,0.9871559633027522,0.3333333333333333,3.5,0.714990595557016,True
MAC002928,2013-03-29,1.5382477469906721,1.3638418079096046,0.9944954128440365,0.3333333333333333,8.0,0.7615497166466559,True
MAC002928,2013-03-30,0.5500950628916914,1.2621468926553672,1.2477064220183485,0.3125,3.5,0.7250870581152011,True
MAC002928,2013-03-31,0.21837062719949354,0.08700564971751412,1.0348623853211008,0.4375,10.5,0.7950400718070305,True
MAC002928,2013-04-01,0.5202574152368376,0.8022598870056497,1.0330275229357797,0.375,9.0,0.764900641167955,True
MAC002928,2013-04-02,1.0,1.542372881355932,0.9321100917431192,0.3125,3.0,0.693988932893738,True
MAC002928,2013-04-05,1.1655696772624005,1.384180790960452,0.9614678899082568,0.3125,5.0,0.7380593242153438,True
MAC002928,2013-04-06,0.6366827462822473,0.6429378531073445,0.9541284403669724,0.3125,5.0,0.741155251877971,True
MAC002928,2013-04-07,0.9960508849487949,1.3344632768361582,1.2311926605504584,0.375,3.5,0.725816135918844,True
MAC002928,2013-04-08,0.5103115326852197,1.0519774011299436,0.9944954128440366,0.3541666666666667,3.5,0.7254233678002343,True
MAC002928,2013-04-10,1.0516308168548951,1.198870056497175,0.9688073394495412,0.3958333333333333,7.0,0.7549275894388668,True
MAC002928,2013-04-11,0.7253181113746072,0.9525423728813559,0.9706422018348624,0.2916666666666667,6.0,0.7377637847828405,True
MAC002928,2013-04-13,0.5063624322603125,0.288135593220339,1.5339449541284402,0.2708333333333333,3.0,0.7205334358755253,True
MAC002928,2013-04-14,0.74360098371214,1.2937853107344632,1.0091743119266052,0.3125,4.5,0.7331240853280478,True
MAC002928,2013-04-15,0.6488225735143692,1.559322033898305,0.9743119266055046,0.4166666666666667,8.0,0.7617468104169086,True
MAC002928,2013-04-16,0.6839256884024325,1.0350282485875706,0.9522935779816514,0.3541666666666667,6.5,0.75906674800652,True
MAC002928,2013-04-17,0.8948369036882127,0.9570621468926553,0.9743119266055046,0.3333333333333333,6.0,0.7431532835110017,True
MAC002928,2013-04-18,1.2378235887403306,0.8779661016949153,2.8697247706422018,0.1875,3.0,0.6908257474810221,True
MAC002928,2013-04-19,1.2458680379425473,1.192090282485876,2.8605504587155965,0.2708333333333333,3.0,0.7067656685986563,True
MAC002928,2013-04-20,1.0103846568614208,0.9525423728813559,2.8807339449541285,0.3333333333333333,2.5,0.7037184898822723,True
MAC002928,2013-04-21,1.0478279794086882,1.0429378531073448,0.9614678899082568,0.3125,3.0,0.6927796612585162,True
MAC002928,2013-04-22,0.8288723002943937,1.2508474576271187,1.0532110091743119,0.3125,5.5,0.7420988370887722,True
MAC002928,2013-04-23,0.5133830552379253,0.6858757062146893,1.0018348623853208,0.3541666666666667,2.5,0.6909863392212517,True
MAC002928,2013-04-24,1.0770806044013368,1.551412429378531,1.056880733944954,0.4583333333333333,7.5,0.7629993412285948,True
MAC002928,2013-04-25,0.30261810293084535,0.25536723163841807,0.98348623853211,0.4166666666666667,4.5,0.7564648934990129,True
MAC002928,2013-04-26,0.8177563139131737,1.0926553672316384,1.0091743119266052,0.2708333333333333,3.0,0.6795090823147628,True
MAC002928,2013-04-27,0.568231672250524,0.7107344632768362,0.9926605504587154,0.2916666666666667,3.5,0.7063118144313472,True
MAC002928,2013-04-28,0.6189849258595155,0.4813559322033898,0.963302752293578,0.3541666666666667,4.0,0.7402660799421661,True
MAC002928,2013-04-29,0.6888986296782414,0.8531073446327684,1.277064220183486,0.4583333333333333,8.5,0.7702881680370288,True
MAC002928,2013-04-30,0.7808980432807073,0.807909604519774,0.9614678899082568,0.2708333333333333,4.5,0.7226457077998983,True
MAC002928,2013-05-01,0.33757495484020833,0.5672316384180791,1.0128440366972475,0.375,6.0,0.759624696537615,True
MAC002928,2013-05-02,0.27863097442400214,0.2350282485875706,0.9688073394495412,0.375,2.5,0.7171708927484584,True
MAC002928,2013-05-03,0.6714933352129101,0.6734463276836158,2.1247706422018346,0.4375,3.5,0.7381324487923594,True
MAC002928,2013-05-05,1.3608307538272524,1.9050847457627118,1.075229357798165,0.4166666666666667,4.5,0.745127083461473,True
MAC002928,2013-05-06,0.8108819539142614,0.6372881355932203,1.0623853211009173,0.22916666666666666,3.0,0.6744869903025498,True
MAC002928,2013-05-07,0.38043000759938556,0.33220338983050846,1.075229357798165,0.3333333333333333,5.0,0.7562830256276305,True
MAC002928,2013-05-08,0.7909901888110256,0.6135593220338983,1.0477064220183485,0.3125,6.0,0.7445227436840138,True
MAC002928,2013-05-09,0.9093169385795388,0.8632768361581921,1.0275229357798163,0.375,3.5,0.7124436573236351,True
MAC002928,2013-05-10,0.9512944134665144,1.1163841807909605,1.0880733944954126,0.3541666666666667,3.0,0.7007238579171762,True
MAC002928,2013-05-11,0.7788503615789036,0.7028248587570621,1.001834862385321,0.4375,4.0,0.7394957709967955,True
MAC002928,2013-05-13,0.7858709845565163,0.768361581920904,1.0073394495412842,0.25,4.5,0.7183207843541835,True
MAC002928,2013-05-14,0.5749597692707361,0.8610169491525423,1.0110091743119267,0.3958333333333333,3.0,0.7085474583351792,True
MAC002928,2013-05-16,0.8083954832763568,0.6101694915254238,4.444036697247706,0.3125,4.0,0.7518111011957955,True
MAC002928,2013-05-18,0.8860611249661968,0.6564971751412428,0.9944954128440366,0.3333333333333333,3.5,0.7149116936748557,True
MAC002928,2013-05-19,0.6861196330829364,0.6994350282485876,1.0293577981651374,0.375,3.5,0.7217607357466902,True
MAC002928,2013-05-21,0.6723709130851117,0.7186440677966102,1.0495412844036696,0.2708333333333333,3.0,0.6891838423083051,True
MAC002928,2013-05-22,0.956121091763623,1.0813559322033899,2.8752293577981654,0.2708333333333333,4.5,0.7375229429161047,True
MAC002928,2013-05-23,0.6382916390479503,0.9096045197740114,0.9541284403669724,0.375,2.5,0.6846707867306018,True
MAC002928,2013-05-25,0.4510750263116129,0.6338983050847459,0.9688073394495412,0.3125,2.5,0.685546068316904,True
MAC002928,2013-05-26,0.26546730634097837,0.25875706214689265,0.9981651376146787,0.4583333333333333,5.0,0.7654894983228175,True
MAC002928,2013-05-27,0.807371642425455,1.0429378531073448,0.9688073394495412,0.3541666666666667,3.5,0.7120294329013918,True
MAC002928,2013-05-28,0.21851689017819378,0.1096045197740113,0.9669724770642202,0.3333333333333333,3.5,0.751348007283188,True
MAC002928,2013-05-29,0.4231387973798626,0.9141242937853108,0.946788990825688,0.3333333333333333,3.0,0.7161283150610768,True
MAC002928,2013-05-30,1.1234459393967247,1.0112994350282487,0.965137614678899,0.25,3.0,0.672686751708523,True
MAC002928,2013-05-31,0.5227438858747421,0.9480225988700565,0.9724770642201834,0.375,7.0,0.7631758840045654,True
MAC002928,2013-06-01,0.5010969650271031,1.0146892655367232,0.9504587155963302,0.4583333333333333,4.5,0.7516989187557447,True
MAC002928,2013-06-02,0.5130905292805247,0.7649717514124295,0.9504587155963302,0.4375,4.0,0.7449571530167463,True
MAC002928,2013-06-03,0.46219101269283297,0.6056497175141243,0.9431192660550458,0.375,4.0,0.7424762204751576,True
MAC002928,2013-06-04,0.7124469692489839,1.1367231638418078,1.0146788990825686,0.3958333333333333,5.0,0.743634395645333,True
MAC002928,2013-06-05,0.5394178654465721,0.7457627118644068,0.9302752293577982,0.375,5.5,0.7577170530601616,True
MAC002928,2013-06-06,0.23314318804822018,0.20112994350282484,0.9394495412844036,0.4166666666666667,3.0,0.7382323275177994,True
MAC002928,2013-06-07,0.7740236832817948,0.807909604519774,0.911926605504587,0.375,4.5,0.7420851937168532,True
MAC002928,2013-06-08,0.6020184203302849,0.815819209039548,0.928440366972477,0.4583333333333333,6.5,0.7617342240418801,True
MAC002928,2013-06-09,0.8268246185925899,0.7785310734463277,0.9944954128440365,0.375,4.0,0.7353534350901834,True
MAC002928,2013-06-10,0.5999707386284813,1.23954802259887,1.075229357798165,0.3958333333333333,5.0,0.7493818257026056,True
MAC002928,2013-06-11,0.7161035437164905,1.0994350282485876,1.0146788990825686,0.3125,3.0,0.6937582773091787,True
MAC002928,2013-06-12,0.9850811615462753,1.2124293785310734,0.9926605504587156,0.2708333333333333,6.5,0.7313013827200769,True
MAC002928,2013-06-13,0.4450782441849021,0.5898305084745763,1.1027522935779814,0.3333333333333333,3.5,0.7253074157389747,True
MAC002928,2013-06-14,0.7327775232883206,0.8361581920903954,0.9412844036697248,0.3958333333333333,6.5,0.7594060850817125,True
MAC002928,2013-06-15,0.794646763278532,1.07909604519774,0.981651376146789,0.3958333333333333,3.0,0.6993251979579742,True
MAC002928,2013-06-16,0.4759397326906577,0.24745762711864405,3.1339449541284403,0.4583333333333333,9.0,0.7864954634407781,True
MAC002928,2013-06-17,0.5699868279949272,0.7717514124293786,0.9853211009174312,0.3541666666666667,4.5,0.7438111503255818,True
MAC002928,2013-06-18,0.5587245786350069,0.7751412429378531,0.9614678899082568,0.375,4.5,0.7442559709911202,True
MAC002928,2013-06-19,0.6738335428721144,0.7966101694915254,1.023853211009174,0.3958333333333333,9.0,0.7600330221673345,True
MAC002928,2013-06-21,0.89893226709182,1.0090395480225989,2.3045871559633024,0.22916666666666666,3.0,0.692126633685501,True
MAC002928,2013-06-22,0.755155759029461,1.1288135593220339,0.9926605504587154,0.375,5.5,0.7496638719945671,True
MAC002928,2013-06-23,0.6255667599010274,0.6576271186440678,0.9688073394495412,0.3125,3.0,0.6978144507080938,True
MAC002928,2013-06-24,0.20272048847856536,0.11412429378531073,0.9853211009174312,0.4583333333333333,5.5,0.7832936199440851,True
MAC002928,2013-06-25,0.6712008092555095,1.1468926553672316,0.965137614678899,0.4375,4.5,0.7404511230189122,True
MAC002928,2013-06-26,0.5186485224711347,0.8576271186440678,0.9761467889908256,0.375,3.5,0.7198755692254213,True
MAC002928,2013-06-27,0.3141728782481662,0.744632768361582,0.9963302752293576,0.4583333333333333,7.5,0.7676733017151173,True
MAC002928,2013-06-28,1.2375310627829301,1.4824858757062147,0.9431192660550458,0.3541666666666667,5.5,0.749056295373094,True
MAC002928,2013-06-29,0.3441567888817202,0.2689265536723164,0.9706422018348624,0.4166666666666667,7.0,0.7680834820782316,True
MAC002928,2013-06-30,0.5075325360899146,0.4621468926553672,2.042201834862385,0.4375,9.0,0.7765856334772401,True
MAC002928,2013-07-01,0.7155184918016895,0.8621468926553673,0.965137614678899,0.3958333333333333,3.0,0.7034139248309991,True
MAC002928,2013-07-02,0.5106040586426202,0.7242937853107345,1.003669724770642,0.4375,3.5,0.7258005737978523,True
MAC002928,2013-07-03,0.24250401868503701,0.1344632768361582,1.022018348623853,0.4166666666666667,4.0,0.7641721634732015,True
MAC002928,2013-07-04,0.5827117071418502,0.7966101694915254,0.9999999999999998,0.3333333333333333,3.0,0.7059366528181817,True
MAC002928,2013-07-05,0.39315488674630855,0.4836158192090395,0.9614678899082568,0.375,4.5,0.7478221330005198,True
MAC002928,2013-07-06,0.5198186263007367,0.8790960451977401,0.9577981651376146,0.4583333333333333,6.0,0.7609691445972336,True
MAC002928,2013-07-07,0.6908000484013449,1.1050847457627118,1.0385321100917428,0.3333333333333333,3.5,0.7179143927213718,True
MAC002928,2013-07-08,0.3349422212236036,0.5774011299435028,0.9981651376146787,0.4166666666666667,7.0,0.7640058717272218,True
MAC002928,2013-07-09,0.215299104646788,0.1344632768361582,1.0366972477064218,0.4166666666666667,3.5,0.7526583838770531,True
MAC002928,2013-07-10,0.43381599482498184,1.0112994350282487,0.9889908256880734,0.3333333333333333,4.0,0.7417432972399148,True
MAC002928,2013-07-11,0.6166447182003113,0.9107344632768362,1.023853211009174,0.3958333333333333,5.5,0.7523208566576884,True
MAC002928,2013-07-12,0.524937830555246,0.8542372881355932,1.0311926605504584,0.3541666666666667,7.5,0.763091459559838,True
MAC002928,2013-07-13,0.22158841273089933,0.1401129943502825,1.0715596330275228,0.4375,4.5,0.775631865562798,True
MAC002928,2013-07-14,0.3685827063246642,0.7435028248587571,1.0403669724770641,0.5208333333333334,4.5,0.7502468419841624,True
MAC002928,2013-07-15,0.3374286918615081,0.22598870056497175,1.0513761467889906,0.3333333333333333,2.0,0.700070664419577,True
MAC002928,2013-07-16,0.5916337488425661,0.7774011299435027,1.0,0.4583333333333333,5.5,0.754453766077249,True
MAC002928,2013-07-17,0.49232118630508725,0.7389830508474576,1.0513761467889906,0.4166666666666667,5.5,0.7592348946999429,True
MAC002928,2013-07-18,0.25815415740596526,0.3220338983050847,0.9779816513761468,0.4166666666666667,6.0,0.7658087963575269,True
MAC002928,2013-07-19,0.5768611879938396,0.9740112994350282,0.9706422018348624,0.3958333333333333,4.5,0.7437183660691699,True
MAC002928,2013-07-20,0.24776948591824652,0.21129943502824858,1.0807339449541282,0.4791666666666667,7.5,0.77960808037583,True
MAC002928,2013-07-21,0.34459557781782096,0.43163841807909603,1.2110091743119265,0.4375,8.0,0.7699735913158322,True
MAC002928,2013-07-22,0.5280093531079515,0.6621468926553672,2.023853211009174,0.4791666666666667,11.5,0.7802112444463997,True
MAC002928,2013-07-23,0.7920140296619274,0.7333333333333334,2.9614678899082567,0.4791666666666667,6.5,0.777793415370616,True
MAC002928,2013-07-24,0.43922772503689156,0.67909604519774,1.0733944954128438,0.4583333333333333,5.0,0.7542261114440454,True
MAC002928,2013-07-25,0.8089805351911579,0.7559322033898306,2.9504587155963304,0.3958333333333333,7.0,0.7756912836775711,True
MAC002928,2013-07-26,0.4965628126873949,0.7966101694915254,1.0623853211009173,0.3958333333333333,4.0,0.7434196173282775,True
MAC002928,2013-07-27,0.949978046658212,0.9005649717514125,1.0348623853211008,0.3333333333333333,3.5,0.7119709672053489,True
MAC002928,2013-07-28,0.47199063226575055,0.7548022598870057,1.1834862385321099,0.25,2.5,0.6741537863186546,True
MAC002928,2013-07-29,0.47330699907405294,0.22824858757062147,2.8862385321100916,0.22916666666666666,1.5,0.6880806252311591,True
MAC002928,2013-07-30,0.3696065471755661,0.3333333333333333,1.0275229357798163,0.3541666666666667,3.0,0.7228400552335069,True
MAC002928,2013-07-31,0.4876407709866788,0.5672316384180791,1.0256880733944953,0.4166666666666667,9.0,0.7652992550693013,True
MAC002928,2013-08-01,0.8889863845402021,0.9717514124293785,4.772477064220183,0.5,7.0,0.7751067749864181,True
MAC002928,2013-08-02,0.2521573752792544,0.1096045197740113,1.1082568807339448,0.375,8.5,0.7817208266299095,True
MAC002928,2013-08-03,0.5546292152313995,0.67909604519774,1.0293577981651374,0.3125,4.5,0.7367069471267641,True
MAC002928,2013-08-04,1.1180342091848148,1.5943502824858757,1.0330275229357797,0.2708333333333333,4.5,0.7211370522967033,True
MAC002928,2013-08-07,0.667544234788003,0.8847457627118644,0.9724770642201834,0.375,5.0,0.7454809715892509,True
MAC002928,2013-08-08,0.6938715709540504,1.0045197740112994,1.0440366972477062,0.3125,3.0,0.6971403387949475,True
MAC002928,2013-08-10,1.0007313002672034,0.7898305084745763,0.9908256880733943,0.22916666666666666,3.5,0.6795206627379741,True
MAC002928,2013-08-11,0.489980978645883,0.5367231638418078,0.9357798165137614,0.3958333333333333,3.0,0.7132997689848771,True
MAC002928,2013-08-12,0.8626590483741545,1.1864406779661016,0.9688073394495412,0.2916666666666667,4.0,0.7143785494799741,True
MAC002928,2013-08-13,0.9764516458029597,1.143502824858757,0.9229357798165136,0.3125,3.0,0.6864640794013867,True
MAC002928,2013-08-14,0.8903027513485045,1.0101694915254238,2.0348623853211008,0.375,3.5,0.7282385521150098,True
MAC002928,2013-08-15,0.7976451543418874,1.0689265536723163,0.9174311926605504,0.25,3.0,0.6739999019115741,True
MAC002928,2013-08-17,1.1360245555649473,1.447457627118644,0.98348623853211,0.2916666666666667,3.0,0.6912483480596827,True
MAC002928,2013-08-18,0.8726049309257726,1.0192090395480227,1.001834862385321,0.3541666666666667,3.0,0.6983602082003544,True
MAC002928,2013-08-19,0.31885329356657466,0.39209039548022595,0.9926605504587154,0.4791666666666667,10.5,0.7748219425238076,True
MAC002928,2013-08-20,0.3843791080242927,0.28135593220338984,1.0256880733944953,0.4166666666666667,4.5,0.7539101482257932,True
MAC002928,2013-08-21,0.32953049101169385,0.5514124293785311,1.0678899082568807,0.4166666666666667,3.5,0.7262796107282574,True
MAC002928,2013-08-22,0.9786455904834637,0.6677966101694914,4.757798165137614,0.20833333333333334,2.5,0.6897725495177739,True
MAC002928,2013-08-23,0.2265613540067083,0.09152542372881356,1.0091743119266052,0.4166666666666667,8.5,0.7848851318222239,True
MAC002928,2013-08-24,0.24250401868503701,0.08813559322033898,1.1045871559633027,0.2708333333333333,2.5,0.7288611368349496,True
MAC002928,2013-08-25,0.23548339570742438,0.08700564971751412,1.0642201834862384,0.3541666666666667,8.0,0.7854163540498982,True
MAC002928,2013-08-26,0.2373848144305278,0.10734463276836158,1.0605504587155963,0.4166666666666667,9.5,0.7856820999757699,True
MAC002928,2013-08-27,0.4009068246174225,0.5864406779661017,1.056880733944954,0.3958333333333333,5.0,0.7532273908000517,True
MAC002928,2013-08-28,1.0244259028166462,0.5209039548022599,5.8752293577981645,0.4583333333333333,10.5,0.7891410380158482,True
MAC002928,2013-08-29,0.43206083908057863,0.7242937853107345,0.9724770642201834,0.3958333333333333,5.5,0.7542870587376317,True
MAC002928,2013-08-30,1.0683047964267252,0.7367231638418079,2.0477064220183485,0.5,12.0,0.7782272353652897,True
MAC002928,2013-08-31,0.48924966375238166,0.696045197740113,2.5724770642201835,0.4583333333333333,11.0,0.7844457361114776,True
MAC002928,2013-09-01,0.484422985455273,0.3694915254237288,1.0513761467889906,0.4166666666666667,5.5,0.7606102491040952,True
MAC002928,2013-09-02,1.0432938270689802,0.38757062146892657,4.842201834862386,0.2708333333333333,5.5,0.7621272661101534,True
MAC002928,2013-09-03,0.5356150280003652,0.7265536723163842,1.022018348623853,0.3958333333333333,7.5,0.7638721907177021,True
MAC002928,2013-09-04,0.7352639939262251,0.4790960451977401,1.0036697247706423,0.3333333333333333,6.5,0.7567172552906308,True
MAC002928,2013-09-05,0.9831797428231718,1.127683615819209,1.0477064220183485,0.2916666666666667,3.0,0.6828088504620478,True
MAC002928,2013-09-06,0.6034810501172876,0.7129943502824859,0.9926605504587154,0.25,5.0,0.7251122072271352,True
MAC002928,2013-09-07,0.2533274791088565,0.27005649717514124,0.9871559633027521,0.3541666666666667,8.5,0.7740830522534238,True
MAC002928,2013-09-08,0.2735117701694929,0.46892655367231634,0.963302752293578,0.3958333333333333,8.0,0.7678321357233369,True
MAC002928,2013-09-10,0.9052215751759314,0.7310734463276837,0.9669724770642202,0.2708333333333333,6.0,0.7283995765447367,True
MAC002928,2013-09-14,0.7930378705128293,1.2112994350282487,0.9853211009174312,0.20833333333333334,5.0,0.708572889167063,True
MAC002928,2013-09-16,0.9198478730459576,1.1107344632768361,0.9743119266055046,0.375,9.0,0.7499647149701378,True
MAC002928,2013-09-17,1.173175352154814,1.2598870056497176,0.911926605504587,0.1875,3.5,0.6744735442418756,True
MAC002928,2013-09-18,0.7667105197204838,1.134463163841808,0.9064220183486238,0.3125,6.0,0.7410216136202474,True
MAC002928,2013-09-20,0.652625410960576,0.7028248587570621,1.0366972477064218,0.2708333333333333,4.0,0.7222406633734919,True
MAC002928,2013-09-21,1.0557261802585025,0.7977401129943502,1.0311926605504584,0.2916666666666667,3.5,0.7039882555343109,True
MAC002928,2013-09-22,1.6126955885228085,1.9242936723163842,1.0605504587155963,0.14583333333333334,3.5,0.6731382361189828,True
MAC002928,2013-09-24,0.4898347156671828,0.7254237288135593,1.0256880733944953,0.3958333333333333,9.5,0.766201449411803,True
MAC002928,2013-09-25,0.7659792194532804,1.0361581920903955,1.0165137614678896,0.3958333333333333,9.5,0.756851680220886,True
MAC002928,2013-09-26,0.6442884211746611,0.7751412429378531,0.9559633027522936,0.22916666666666666,5.0,0.7206993814578234,True
MAC002928,2013-09-27,0.8709960381600697,1.4158192090395478,0.9431192660550458,0.2916666666666667,6.0,0.7428716719299217,True
MAC002928,2013-09-28,1.7242942558974073,1.224858757062147,4.801834862385321,0.2708333333333333,2.5,0.7137030233913577,True
MAC002928,2013-09-29,1.090829295146566,1.265536723163842,1.0091743119266052,0.2708333333333333,6.0,0.7363471620329042,True
MAC002928,2013-10-02,0.7418458279677369,1.032768361581921,1.0403669724770641,0.2708333333333333,6.0,0.7336660729559267,True
MAC002928,2013-10-06,0.6862658960616368,0.8519774011299435,0.9724770642201834,0.2916666666666667,3.5,0.7032814301557024,True
MAC002928,2013-10-07,0.9997074594163016,1.230508474576271,0.9944954128440365,0.2916666666666667,6.5,0.7360170123283256,True
MAC002928,2013-10-08,0.8663156228416612,1.3141242937853108,0.9981651376146788,0.25,4.5,0.7163058044420664,True
MAC002928,2013-10-10,0.8535907436947383,0.815819209039548,0.946788990825688,0.22916666666666666,3.0,0.6702315629398964,True
MAC002928,2013-10-12,1.3488371895738307,1.3887005649717514,3.3522935779816514,0.25,4.5,0.7375374495146018,True
MAC002928,2013-10-15,1.228462758103514,1.6305084745762712,0.928440366972477,0.25,5.5,0.7260531310151895,True
MAC002928,2013-10-18,1.01550386111593,0.8372881355932204,0.9779816513761468,0.25,4.5,0.7143493288512024,True
MAC002928,2013-10-24,1.0320315777090598,1.071186440677966,0.9779816513761468,0.16666666666666666,4.0,0.6873396638424641,True
MAC002928,2013-10-25,1.5971917127805806,1.5005648587570621,0.9743119266055046,0.20833333333333334,4.0,0.706854688357291,True
MAC002928,2013-10-27,1.5534590967754995,1.0689265536723163,4.9302752293577985,0.2708333333333333,5.0,0.7544524174141611,True
MAC002928,2013-10-30,1.2164691792237943,1.4802258757062148,1.003669724770642,0.20833333333333334,5.0,0.710871929984266,True
MAC002928,2013-10-31,1.9861050023971771,1.862146892655367,1.0110091743119265,0.20833333333333334,5.0,0.7233259234039346,True
MAC002928,2013-11-12,1.588708460015965,2.372881242937853,1.0128440366972475,0.16666666666666666,3.0,0.6749604278643943,True
MAC002928,2013-11-13,1.079274519829245,0.8338983050847457,1.0128440366972478,0.20833333333333334,3.5,0.6751683301299886,True
MAC002928,2013-11-14,1.6634488421317999,1.8135593220338984,0.9761467889908256,0.22916666666666666,4.0,0.7100747782778781,True
MAC002928,2013-11-15,1.337721203192611,1.0361581920903955,3.313761467889908,0.16666666666666666,3.0,0.692010374484011,True
MAC002928,2013-11-26,1.3111013410691628,0.8271186440677966,0.9871559633027522,0.20833333333333334,3.5,0.6749174618507516,True
MAC002928,2013-12-09,1.4114377444575437,1.1480225988700565,1.4642201834862383,0.20833333333333334,5.0,0.71850842622593,True
MAC002931,2013-05-09,0.3375658840440824,0.06927175843694494,0.993485342019544,0.0,4.0,0.6884852802598154,True
MAC002951,2013-01-01,0.29032258064516125,0.2038834951456311,0.6463878326996196,0.4583333333333333,1.0,0.6870033705122108,True
MAC002951,2013-01-02,0.29939516129032256,0.2038834951456311,0.6273764258555132,0.4791666666666667,1.5,0.7023111894934945,True
MAC002951,2013-01-03,1.5564516129032258,3.2524271844660197,0.7338403041825095,0.375,1.5,0.6934371943303671,True
MAC002951,2013-01-28,0.3482862903225807,0.2038834951456311,0.7186311787072243,0.3541666666666667,1.0,0.6714890468511142,True
MAC002951,2013-02-11,0.35836693548387094,0.2087378640776699,0.8136882129277567,0.375,1.0,0.6695820726247745,True
MAC002951,2013-12-27,0.3084677419354839,0.2184466019417476,0.7034220532319391,0.25,1.5,0.6692220060115375,True
MAC002951,2013-12-29,0.3069556451612903,0.2087378640776699,0.7414448669201521,0.2916666666666667,1.5,0.681257497001613,True
MAC002951,2013-12-30,0.29485887096774194,0.21359223300970873,0.6920152091254752,0.2916666666666667,1.5,0.6805163682484279,True
MAC002963,2013-08-29,0.3420958512160229,1.9434954007884364,0.5000000000000001,0.5625,13.5,0.7875777448950932,True
MAC002963,2013-08-30,0.0019670958512160224,0.010512483574244415,0.2156398104265403,0.9583333333333334,20.5,0.8446708234156346,True
MAC002963,2013-08-31,0.0019670958512160224,0.010512483574244415,0.2156398104265403,0.9583333333333334,20.5,0.8446708234156346,True
MAC002963,2013-09-01,0.007510729613733904,0.01576872536136662,0.2156398104265403,0.8958333333333334,13.0,0.837557287574029,True
MAC002963,2013-09-02,0.0017882689556509297,0.009198423127463863,0.2132701421800948,0.9583333333333334,20.5,0.8446708234156346,True
MAC002963,2013-09-03,0.0019670958512160224,0.010512483574244415,0.2156398104265403,0.9583333333333334,20.5,0.8446708234156346,True
MAC002963,2013-09-04,0.0019670958512160224,0.010512483574244415,0.2156398104265403,0.9583333333333334,20.5,0.8446708234156346,True
MAC002963,2013-09-05,0.0019670958512160224,0.011826544021024966,0.2156398104265403,0.9583333333333334,20.5,0.8446708234156346,True
MAC002963,2013-09-06,0.0019670958512160224,0.010512483574244415,0.2156398104265403,0.9583333333333334,20.5,0.8446708234156346,True
MAC002963,2013-09-07,0.0019670958512160224,0.010512483574244415,0.2156398104265403,0.9583333333333334,20.5,0.8446708234156346,True
MAC002963,2013-09-08,0.007153075822603719,0.01576872536136662,0.2132701421800948,0.8958333333333334,13.0,0.8386914143333405,True
MAC002963,2013-09-09,0.0019670958512160224,0.010512483574244415,0.2156398104265403,0.9583333333333334,20.5,0.8446708234156346,True
MAC002963,2013-09-10,0.0019670958512160224,0.010512483574244415,0.2156398104265403,0.9583333333333334,20.5,0.8446708234156346,True
MAC002963,2013-09-11,0.0019670958512160224,0.010512483574244415,0.2156398104265403,0.9583333333333334,20.5,0.8446708234156346,True
MAC002963,2013-09-12,0.0019670958512160224,0.010512483574244415,0.2156398104265403,0.9583333333333334,20.5,0.8446708234156346,True
MAC002963,2013-09-13,0.0019670958512160224,0.010512483574244415,0.2156398104265403,0.9583333333333334,20.5,0.8446708234156346,True
MAC002963,2013-09-14,0.0017882689556509297,0.010512483574244415,0.2132701421800948,0.9583333333333334,20.5,0.8446708234156346,True
MAC002963,2013-09-15,0.007331902718168812,0.01576872536136662,0.2156398104265403,0.8958333333333334,13.0,0.837557287574029,True
MAC002963,2013-09-16,0.0019670958512160224,0.010512483574244415,0.2156398104265403,0.9583333333333334,20.5,0.8446708234156346,True
MAC002963,2013-09-17,0.0019670958512160224,0.010512483574244415,0.2156398104265403,0.9583333333333334,20.5,0.8446708234156346,True
MAC002963,2013-09-18,0.0019670958512160224,0.010512483574244415,0.2156398104265403,0.9583333333333334,20.5,0.8446708234156346,True
MAC002963,2013-09-19,0.0019670958512160224,0.010512483574244415,0.2156398104265403,0.9583333333333334,20.5,0.8446708234156346,True
MAC002963,2013-09-20,0.0019670958512160224,0.010512483574244415,0.2156398104265403,0.9583333333333334,20.5,0.8446708234156346,True
MAC002963,2013-09-21,0.0019670958512160224,0.010512483574244415,0.2156398104265403,0.9583333333333334,20.5,0.8446708234156346,True
MAC002963,2013-09-22,0.007331902718168812,0.01576872536136662,0.2156398104265403,0.8958333333333334,13.0,0.837557287574029,True
MAC002963,2013-09-23,0.0019670958512160224,0.010512483574244415,0.2156398104265403,0.9583333333333334,20.5,0.8446708234156346,True
MAC002963,2013-09-24,0.0017882689556509297,0.010512483574244415,0.2132701421800948,0.9583333333333334,20.5,0.8446708234156346,True
MAC002963,2013-09-25,0.0019670958512160224,0.010512483574244415,0.2156398104265403,0.9583333333333334,20.5,0.8446708234156346,True
MAC002963,2013-09-26,0.0017882689556509297,0.009198423127463863,0.2132701421800948,0.9583333333333334,20.5,0.8446708234156346,True
MAC002963,2013-09-27,0.0019670958512160224,0.010512483574244415,0.2156398104265403,0.9583333333333334,20.5,0.8446708234156346,True
MAC002963,2013-09-28,0.0017882689556509297,0.009198423127463863,0.2132701421800948,0.9583333333333334,20.5,0.8446708234156346,True
MAC002963,2013-09-29,0.0019670958512160224,0.010512483574244415,0.2156398104265403,0.9583333333333334,20.5,0.8446708234156346,True
MAC002963,2013-09-30,0.0017882689556509297,0.009198423127463863,0.2132701421800948,0.9583333333333334,20.5,0.8446708234156346,True
MAC002963,2013-10-01,0.0019670958512160224,0.010512483574244415,0.2156398104265403,0.9583333333333334,20.5,0.8446708234156346,True
MAC002963,2013-10-02,0.0019670958512160224,0.010512483574244415,0.2156398104265403,0.9583333333333334,20.5,0.8446708234156346,True
MAC002963,2013-10-03,0.0017882689556509297,0.010512483574244415,0.2132701421800948,0.9583333333333334,20.5,0.8446708234156346,True
MAC002963,2013-10-04,0.0019670958512160224,0.010512483574244415,0.2156398104265403,0.9583333333333334,20.5,0.8446708234156346,True
MAC002963,2013-10-05,0.0017882689556509297,0.009198423127463863,0.2132701421800948,0.9583333333333334,20.5,0.8446708234156346,True
MAC002963,2013-10-06,0.0019670958512160224,0.010512483574244415,0.2156398104265403,0.9583333333333334,20.5,0.8446708234156346,True
MAC002963,2013-10-07,0.0017882689556509297,0.009198423127463863,0.2132701421800948,0.9583333333333334,20.5,0.8446708234156346,True
MAC002963,2013-10-08,0.0019670958512160224,0.010512483574244415,0.2156398104265403,0.9583333333333334,20.5,0.8446708234156346,True
MAC002963,2013-10-09,0.0017882689556509297,0.010512483574244415,0.2132701421800948,0.9583333333333334,20.5,0.8446708234156346,True
MAC002963,2013-10-10,0.0019670958512160224,0.010512483574244415,0.2156398104265403,0.9583333333333334,20.5,0.8446708234156346,True
MAC002963,2013-10-11,0.0017882689556509297,0.009198423127463863,0.2132701421800948,0.9583333333333334,20.5,0.8446708234156346,True
MAC002963,2013-10-12,0.0019670958512160224,0.010512483574244415,0.2156398104265403,0.9583333333333334,20.5,0.8446708234156346,True
MAC002963,2013-10-13,0.0019670958512160224,0.010512483574244415,0.2156398104265403,0.9583333333333334,20.5,0.8446708234156346,True
MAC002963,2013-10-14,0.0019670958512160224,0.010512483574244415,0.2156398104265403,0.9583333333333334,20.5,0.8446708234156346,True
MAC002963,2013-10-15,0.9000357653791129,1.002628120893561,0.2156398104265403,0.6666666666666666,13.5,0.7886808935310792,True
MAC003010,2013-01-01,3.75809758097581,16.530303030303028,2.1780538302277432,0.0,2.5,0.6770147592209468,True
MAC003010,2013-08-06,2.904879048790488,13.515151515151516,1.9254658385093164,0.0,3.0,0.6787362044206926,True
MAC003037,2013-04-14,1.3002610966057442,2.7695167286245352,0.8658536585365855,0.2916666666666667,2.0,0.6701772564973177,True
MAC003037,2013-04-18,1.2989556135770235,2.137546468401487,1.2865853658536586,0.2916666666666667,2.0,0.6741991173856625,True
MAC003037,2013-04-28,1.1370757180156659,1.9107806691449813,0.8841463414634148,0.2916666666666667,2.5,0.6804486262057435,True
MAC003037,2013-05-06,2.140557006092254,3.4349442379182156,0.8963414634146343,0.3333333333333333,1.5,0.6944367583584548,True
MAC003037,2013-05-11,0.5143603133159269,0.8884758364312266,1.0792682926829267,0.375,2.5,0.6946669770613646,True
MAC003037,2013-05-12,0.586597040905135,0.6505576208178437,0.8719512195121952,0.3333333333333333,2.5,0.6851343050397041,True
MAC003037,2013-05-16,1.4530026109660574,3.6505576208178434,0.9268292682926831,0.2916666666666667,2.5,0.7043466034071778,True
MAC003037,2013-05-21,0.8011314186248912,1.2899628252788102,1.1646341463414633,0.3958333333333333,2.0,0.6690480471202205,True
MAC003037,2013-05-23,1.2845953002610966,2.490706319702602,0.8902439024390245,0.3541666666666667,2.5,0.6971096449798,True
MAC003037,2013-05-24,0.7480417754569191,1.1338289962825279,0.9024390243902438,0.3958333333333333,2.5,0.681999682360307,True
MAC003037,2013-06-05,0.6279373368146214,0.8587360594795539,0.9329268292682926,0.4375,2.0,0.668893220855378,True
MAC003037,2013-06-09,0.7354221061792863,0.6394052044609665,0.9268292682926829,0.375,2.5,0.684893411214548,True
MAC003037,2013-07-03,0.5469973890339426,0.7434944237918215,0.9512195121951219,0.375,2.0,0.6706890026663447,True
MAC003037,2013-07-04,0.21888598781549173,0.14869888475836432,0.9573170731707317,0.5416666666666666,2.0,0.7257428149758286,True
MAC003037,2013-07-05,0.2206266318537859,0.14869888475836432,1.1280487804878048,0.5416666666666666,2.0,0.7332881928307747,True
MAC003037,2013-07-06,0.24281984334203652,0.1449814126394052,0.8597560975609757,0.4791666666666667,1.5,0.7079330782862362,True
MAC003037,2013-07-07,0.24673629242819842,0.1524163568773234,1.097560975609756,0.5208333333333334,1.5,0.7134923010613958,True
MAC003037,2013-07-26,0.7315056570931244,0.7657992565055761,0.7073170731707317,0.22916666666666666,3.0,0.6785927216759331,True
MAC003037,2013-07-27,1.4708442123585725,2.479553903345725,0.6707317073170731,0.25,2.5,0.6840245226731577,True
MAC003037,2013-07-29,1.1527415143603132,1.9516728624535316,1.2134146341463414,0.3125,2.0,0.6700831135197447,True
MAC003037,2013-08-12,1.2145343777197564,2.323420074349442,0.9512195121951219,0.2916666666666667,2.5,0.6811990475968281,True
MAC003037,2013-09-09,0.8463881636205396,0.762081784386617,0.8841463414634148,0.375,3.5,0.7199510359127573,True
MAC003037,2013-09-11,1.226283724978242,2.940520446096654,0.9207317073170733,0.3541666666666667,2.0,0.6824979686830777,True
MAC003037,2013-09-15,1.263272410791993,3.0185873605947955,0.9085365853658538,0.3125,2.0,0.677972433672683,True
MAC003037,2013-09-16,0.7306353350739774,0.6542750929368029,1.1829268292682926,0.3333333333333333,3.0,0.7150031579191066,True
MAC003037,2013-09-23,1.393385552654482,3.022304832713754,1.1646341463414633,0.3125,1.5,0.6726656471328855,True
MAC003037,2013-09-28,1.001740644038294,0.7918215613382898,0.9146341463414636,0.3125,2.5,0.670114858030747,True
MAC003037,2013-11-03,0.8733681462140993,0.7509293680297398,1.0487804878048779,0.25,3.5,0.6911357527779123,True
MAC003037,2013-11-04,1.2380330722367274,1.9553903345724906,0.6341463414634146,0.22916666666666666,3.0,0.6884897021824223,True
MAC003037,2013-11-05,1.3446475195822454,2.2713754646840147,0.9390243902439026,0.20833333333333334,3.0,0.6771727858823186,True
MAC003037,2013-11-19,0.5983463881636205,0.7695167286245352,1.7804878048780486,0.3333333333333333,4.0,0.7436731194312289,True
MAC003037,2013-11-20,0.15361183637946038,0.16356877323420072,1.1829268292682926,0.7291666666666666,5.5,0.7950400718070305,True
MAC003037,2013-11-21,0.15187119234116622,0.14869888475836432,0.853658536585366,0.75,6.0,0.7912280677191109,True
MAC003037,2013-11-22,0.39338555265448216,0.3494423791821561,0.8170731707317074,0.5625,6.5,0.7666467232675769,True
MAC003037,2013-11-23,1.0147954743255003,0.795539033457249,0.5548780487804877,0.1875,3.0,0.6756818681119034,True
MAC003037,2013-11-27,1.066579634464752,1.0594795539033455,1.2926829268292683,0.1875,3.0,0.6725342025239001,True
MAC003037,2013-12-03,1.3381201044386424,2.033457249070632,1.3109756097560976,0.25,2.5,0.6770789412520405,True
MAC003037,2013-12-10,1.4952132288946909,2.479553903345725,0.7926829268292683,0.20833333333333334,2.5,0.6700487371332606,True
MAC003037,2013-12-17,1.1984334203655351,2.8550185873605947,1.3902439024390243,0.14583333333333334,3.0,0.6717257847436878,True
MAC003037,2013-12-21,1.6322889469103568,2.7397769516728623,0.8353658536585367,0.25,2.5,0.6828679148842475,True
MAC003037,2013-12-22,0.3189730200174064,0.4535315985130111,1.3597560975609755,0.5625,4.5,0.7603216172151034,True
MAC003037,2013-12-23,0.17841601392515233,0.1449814126394052,0.6280487804878049,0.6875,4.5,0.7822194568325889,True
MAC003037,2013-12-24,0.20496083550913838,0.15613382899628253,1.3902439024390243,0.625,5.0,0.7848851318222239,True
MAC003037,2013-12-25,0.15491731940818101,0.14869888475836432,0.5975609756097561,0.7291666666666666,6.0,0.7926231434641818,True
MAC003037,2013-12-26,0.17449956483899043,0.15613382899628253,1.0,0.6875,7.0,0.7936964254120425,True
MAC003037,2013-12-27,0.4521322889469103,0.449814126394052,1.3170731707317074,0.5625,5.5,0.7652390008188313,True
MAC003037,2013-12-28,1.4521322889469104,2.5836431226765795,1.3841463414634148,0.25,4.5,0.7321639483749076,True
MAC003097,2013-02-25,0.27515458122540754,0.27292110874200426,1.0199203187250996,0.3541666666666667,1.5,0.6886213335674114,True
MAC003097,2013-02-26,0.14305789769533447,0.10447761194029852,0.8486055776892432,0.6041666666666666,2.0,0.7437628365678336,True
MAC003097,2013-02-27,0.1225407532321529,0.10021321961620469,0.5338645418326694,0.6458333333333334,2.0,0.7552201285908222,True
MAC003097,2013-02-28,0.12029229904440697,0.10447761194029852,0.7250996015936255,0.625,2.0,0.7474223556713392,True
MAC003097,2013-03-01,1.08150646430579,1.0682302771855012,0.5338645418326694,0.3333333333333333,2.0,0.6784681184965339,True
MAC003145,2013-01-10,4.868747747428166,13.704640928270043,18.521041883767534,0.020833333333333332,0.5,0.7294760678101901,True
MAC003145,2013-01-11,1.5523235189783613,1.1223628691983123,1.2825651302605208,0.16666666666666666,4.0,0.699287342856903,True
MAC003145,2013-01-16,1.5129478538488825,1.1898734177215189,1.2364729458917836,0.16666666666666666,4.0,0.6978471411196803,True
MAC003145,2013-01-25,4.580702305782192,8.776370886075949,1.2945891783567132,0.08333333333333333,2.0,0.701589383330781,True
MAC003145,2013-02-02,1.7247250798155376,1.4514767932489452,1.2685370741482964,0.20833333333333334,4.0,0.7154260501188833,True
MAC003145,2013-02-05,5.504434231997163,11.772151898734178,1.346693386773547,0.0625,1.0,0.6813614794265829,True
MAC003145,2013-02-07,3.9318907413976585,4.586497890295359,1.2745490981963927,0.14583333333333334,3.5,0.7275382718152519,True
MAC003145,2013-02-09,2.0205746718694573,3.168776371308017,1.2424849699398797,0.16666666666666666,4.0,0.7236223804433428,True
MAC003145,2013-02-16,1.2007804185881519,0.759493670886076,1.1422845691382764,0.20833333333333334,5.0,0.7103148980143004,True
MAC003145,2013-02-18,1.162468960624335,0.8438818565400845,0.9478957915831664,0.1875,3.5,0.6709029390173162,True
MAC003145,2013-02-19,1.45512593118127,0.9620253164556963,1.1743486973947894,0.22916666666666666,4.5,0.7173980751624602,True
MAC003145,2013-02-20,1.69279886484569,5.248945147679325,1.2084168336673347,0.25,6.0,0.7599834814679423,True
MAC003145,2013-02-22,1.3607662291592764,1.0,1.3667334669338675,0.1875,3.0,0.6760283189326161,True
MAC003145,2013-02-28,5.739269208939341,13.025316033755274,1.2404809619238477,0.041666666666666664,1.0,0.6699728605684611,True
MAC003145,2013-03-02,2.0464703795672223,3.7215189873417724,3.1342685370741483,0.22916666666666666,5.5,0.757404313053633,True
MAC003145,2013-03-05,0.6658389499822632,1.9409282700421944,1.034068136272545,0.375,9.0,0.7664304650730913,True
MAC003145,2013-03-06,0.09329549485633204,0.06751054852320676,0.2985971943887775,0.375,9.0,0.8116168756369256,True
MAC003145,2013-03-07,0.08797445902802413,0.05063291139240507,0.30260521042084165,0.4166666666666667,10.0,0.818510094548814,True
MAC003145,2013-03-08,0.09258602341255764,0.07172995780590719,0.2985971943887775,0.375,9.0,0.8113423576377554,True
MAC003145,2013-03-09,0.08797445902802413,0.05063291139240507,0.3006012024048096,0.3958333333333333,9.5,0.8176798268378257,True
MAC003145,2013-03-10,0.09400496630010642,0.09282700421940929,0.3006012024048096,0.3958333333333333,9.5,0.8099711597917609,True
MAC003145,2013-03-11,0.11635331677899965,0.0759493670886076,0.30861723446893785,0.3958333333333333,9.5,0.8116168756369256,True
MAC003145,2013-03-12,0.131606952820149,0.08860759493670887,0.3807615230460922,0.4166666666666667,10.0,0.8031498529392921,True
MAC003145,2013-03-13,0.12912380276693863,0.08860759493670887,0.374749498997996,0.4166666666666667,10.0,0.8034215990013426,True
MAC003145,2013-03-14,0.12841433132316424,0.08438818565400845,0.37675350701402804,0.4375,10.5,0.8096971984328412,True
MAC003145,2013-03-15,0.13550904576090814,0.08438818565400845,0.3787575150300601,0.3958333333333333,9.5,0.8028781987915271,True
MAC003145,2013-03-16,0.11493437389145088,0.07172995780590719,0.3787575150300601,0.4375,10.5,0.8140917211501261,True
MAC003145,2013-03-17,0.0826534231997162,0.06329113924050633,0.3066132264529058,0.4375,8.5,0.8154698946825886,True
MAC003145,2013-03-18,0.09329549485633204,0.07172995780590719,0.3046092184368737,0.3958333333333333,7.0,0.8107936001635718,True
MAC003145,2013-03-19,0.07875133025895709,0.06329113924050633,0.29458917835671344,0.4375,10.5,0.8215616287577133,True
MAC003145,2013-03-20,0.08513657325292656,0.06329113924050633,0.29458917835671344,0.4166666666666667,10.0,0.8143671693974996,True
MAC003145,2013-03-21,0.07839659453706989,0.06329113924050633,0.29458917835671344,0.4375,10.5,0.8215616287577133,True
MAC003145,2013-03-22,0.08620078041858815,0.06329113924050633,0.29458917835671344,0.4166666666666667,10.0,0.8143671693974996,True
MAC003145,2013-03-23,0.1138701667257893,0.09704641350210971,0.2965931863727455,0.3541666666666667,7.5,0.8086022793195793,True
MAC003145,2013-03-24,0.1447321745299752,0.09282700421940929,0.37074148296593185,0.1875,2.5,0.7459758183943338,True
MAC003145,2013-03-25,0.1308974813763746,0.11814345991561183,0.3727454909819639,0.3958333333333333,9.5,0.8012502023647012,True
MAC003145,2013-03-26,2.5094004966300107,5.265822784810127,0.37074148296593185,0.4166666666666667,10.0,0.7923550498279215,True
MAC003145,2013-03-27,8.150762681802057,4.974683544303798,7.098196392785571,0.0,1.0,0.6767540571181292,True
MAC003145,2013-03-28,5.2536359702021995,4.472573417721519,3.623246492985972,0.08333333333333333,2.0,0.7181378341744327,True
MAC003145,2013-03-29,4.9787158921603405,9.016878059071729,1.19438877755511,0.0625,1.5,0.6797791880501994,True
MAC003145,2013-03-30,3.0124157502660514,3.3291139240506333,1.975951903807615,0.16666666666666666,3.5,0.7262042244058543,True
MAC003145,2013-04-07,1.0333451578573962,1.7848101265822784,1.0581162324649298,0.2916666666666667,3.0,0.694671006680655,True
MAC003145,2013-04-08,1.138701667257893,2.19831223628692,1.0641282565130261,0.1875,3.5,0.6848975534018689,True
MAC003145,2013-04-09,1.0521461511174177,0.9451476793248946,1.0861723446893785,0.20833333333333334,4.5,0.7079174958656168,True
MAC003145,2013-04-15,0.7591344448385953,0.7046413502109705,1.0541082164328657,0.3125,2.5,0.6727057376026802,True
MAC003145,2013-04-16,2.4615111741752393,4.206751054852321,1.0581162324649298,0.1875,2.0,0.6789346984232709,True
MAC003145,2013-04-17,0.9198297268534942,0.759493670886076,1.0501002004008015,0.20833333333333334,4.0,0.6996426160373721,True
MAC003145,2013-04-18,0.7899964526427811,0.8016877637130803,1.0160320641282565,0.2916666666666667,5.5,0.7348326933850723,True
MAC003145,2013-04-19,0.8566867683575736,0.7890295358649789,1.0260521042084167,0.25,4.5,0.7184539646986805,True
MAC003145,2013-04-20,0.7829017382050372,1.0,1.0501002004008015,0.3958333333333333,5.5,0.7497164698187407,True
MAC003145,2013-04-21,1.4600922312876905,2.919831223628692,1.0941883767535068,0.2916666666666667,3.5,0.7263394971538475,True
MAC003145,2013-04-22,0.8893224547711955,0.7890295358649789,1.0400801603206413,0.2708333333333333,4.0,0.7169108747778088,True
MAC003145,2013-04-23,0.8925150762681803,1.4135021097046414,1.0521042084168337,0.2916666666666667,2.5,0.6693417400683094,True
MAC003145,2013-04-24,0.7821922667612629,0.8270042194092828,1.0360721442885772,0.3125,2.5,0.6713202799716635,True
MAC003145,2013-04-25,0.7211777225966655,0.7679324894514769,1.0000000000000002,0.3958333333333333,6.5,0.7588307471007479,True
MAC003145,2013-04-27,2.217807733238737,6.383966244725738,1.0160320641282565,0.25,4.5,0.7501055227516412,True
MAC003145,2013-04-28,0.7562965590634978,0.6582278481012659,1.0420841683366733,0.3541666666666667,4.0,0.7389585228280449,True
MAC003145,2013-04-29,1.0315714792479602,2.6962025316455698,1.0220440881763526,0.3541666666666667,5.0,0.7484581263366217,True
MAC003145,2013-04-30,0.7360766229159277,0.6666666666666667,1.062124248496994,0.3333333333333333,4.5,0.7432578033380794,True
MAC003145,2013-05-01,0.6417169208939341,0.5949367088607594,1.0300601202404809,0.2916666666666667,3.0,0.6948184826122125,True
MAC003145,2013-05-02,1.0227030862007804,1.0970464135021099,1.0801603206412824,0.3333333333333333,3.5,0.713287372629764,True
MAC003145,2013-05-03,0.6122738559772969,0.8438818565400845,1.2104208416833666,0.3958333333333333,4.5,0.7479553227162474,True
MAC003145,2013-05-04,0.8400141894288755,0.7848101265822786,1.0521042084168337,0.3541666666666667,7.0,0.7561149070372989,True
MAC003145,2013-05-05,0.7662291592763392,0.7130801687763714,1.0420841683366733,0.375,5.0,0.7483179346682012,True
MAC003145,2013-05-06,0.6012770485987939,0.7046413502109705,1.0120240480961924,0.4583333333333333,11.0,0.7672769572725396,True
MAC003145,2013-05-07,0.6722241929762327,0.8227848101265823,0.9979959919839679,0.4166666666666667,6.5,0.7566141717529091,True
MAC003145,2013-05-08,0.6406527137282725,0.7341772151898734,1.0460921843687374,0.3125,6.5,0.7520018511575502,True
MAC003145,2013-05-11,0.7616175948918057,0.8860759493670887,1.0220440881763526,0.375,6.5,0.7568577535955963,True
MAC003145,2013-05-13,0.5689960979070593,0.5189873417721519,1.066132264529058,0.3541666666666667,4.5,0.7458245652487608,True
MAC003145,2013-05-14,1.0588861298332741,1.8565400843881859,1.0821643286573144,0.2916666666666667,4.5,0.7353691769040146,True
MAC003145,2013-05-16,0.6431358637814828,0.6582278481012659,1.0380761523046091,0.3333333333333333,5.5,0.7521976788080251,True
MAC003145,2013-05-18,0.7335934728627173,0.6708860759493671,1.0681362725450902,0.3958333333333333,5.5,0.7541754889876248,True
MAC003145,2013-05-24,1.48421426037602,2.8438818565400847,1.0480961923847696,0.1875,4.0,0.7143358081239335,True
MAC003145,2013-05-25,0.6392337708407236,0.7679324894514769,1.0741482965931863,0.375,7.0,0.7620603542677828,True
MAC003145,2013-05-26,0.6374600922312876,0.8987341772151899,1.0561122244488979,0.4583333333333333,9.5,0.7638611991285921,True
MAC003145,2013-05-27,0.9191202554097199,1.3628691983122363,1.0781563126252505,0.25,3.5,0.6904299770658562,True
MAC003145,2013-05-29,2.6899609790705927,4.9831223628691985,1.0901803607214426,0.2708333333333333,4.0,0.7572298793430629,True
MAC003145,2013-05-30,1.1209648811635333,1.3924050632911393,1.0841683366733468,0.20833333333333334,4.5,0.7041385721301816,True
MAC003145,2013-05-31,0.5480666903157148,0.6413502109704642,1.006012024048096,0.3958333333333333,4.5,0.7465062262770612,True
MAC003145,2013-06-01,0.6729336644200071,0.679324894514768,0.9719438877755512,0.4166666666666667,5.0,0.7471481597645403,True
MAC003145,2013-06-02,0.6147570060305073,0.7172995780590719,0.9458917835671343,0.4375,8.0,0.7646645756562864,True
MAC003145,2013-06-03,0.36892515076268184,0.5232067510548524,1.0260521042084167,0.6041666666666666,14.5,0.7769775031657888,True
MAC003145,2013-06-04,0.502660517914154,0.6751054852320676,0.9839679358717436,0.4583333333333333,9.0,0.7650188837944223,True
MAC003145,2013-06-05,0.4008513657325292,1.0843881856540085,0.40681362725450904,0.3958333333333333,5.0,0.760784662880279,True
MAC003145,2013-06-06,0.45441645973749556,0.5780590717299579,0.41082164328657317,0.3333333333333333,4.5,0.7595699878932307,True
MAC003145,2013-06-07,0.213905640297978,0.3586497890295359,0.40480961923847697,0.4583333333333333,6.5,0.7872232317567807,True
MAC003145,2013-06-08,0.4221355090457609,0.8481012658227849,0.42885771543086176,0.5416666666666666,12.0,0.7780005750239125,True
MAC003145,2013-06-09,1.1954593827598439,1.8185654008438819,0.4488977955911824,0.2708333333333333,2.0,0.6845792203433252,True
MAC003145,2013-06-10,0.41291238027669386,0.759493670886076,0.4629258517034068,0.3958333333333333,4.0,0.7516937074558547,True
MAC003145,2013-06-11,0.2493792124866974,1.139240506329114,0.40681362725450904,0.5416666666666666,13.0,0.7872001779428747,True
MAC003145,2013-06-12,0.0659808442710181,0.07172995780590719,0.3106212424849699,0.5625,12.0,0.8226740959780708,True
MAC003145,2013-06-13,0.06456190138346932,0.06751054852320676,0.3106212424849699,0.6041666666666666,14.5,0.8271390490626248,True
MAC003145,2013-06-14,0.05924086555516141,0.07172995780590719,0.2925851703406814,0.6458333333333334,15.5,0.8279789216171307,True
MAC003145,2013-06-15,0.061014544164597374,0.06329113924050633,0.31462925851703405,0.625,15.0,0.829380604751308,True
MAC003145,2013-06-16,0.05746718694572544,0.059071729957805914,0.30260521042084165,0.6458333333333334,15.5,0.8313469485197347,True
MAC003145,2013-06-17,0.06491663710535651,0.06329113924050633,0.31462925851703405,0.6041666666666666,14.5,0.8291000784204722,True
MAC003145,2013-06-18,0.05640297978006385,0.059071729957805914,0.30861723446893785,0.6458333333333334,15.5,0.8313469485197347,True
MAC003145,2013-06-19,0.06669031571479248,0.06329113924050633,0.312625250501002,0.5625,13.5,0.82350943484316,True
MAC003145,2013-06-20,0.0659808442710181,0.06329113924050633,0.3106212424849699,0.5833333333333334,14.0,0.8268592809064906,True
MAC003145,2013-06-21,0.061369279886484565,0.06751054852320676,0.3106212424849699,0.6041666666666666,13.5,0.8260205440759497,True
MAC003145,2013-06-22,0.06314295849592054,0.06751054852320676,0.30861723446893785,0.5833333333333334,7.5,0.818510094548814,True
MAC003145,2013-06-23,0.06314295849592054,0.06751054852320676,0.30861723446893785,0.6041666666666666,14.5,0.8271390490626248,True
MAC003145,2013-06-24,0.062078751330258954,0.06751054852320676,0.3106212424849699,0.6041666666666666,14.5,0.8274189118784222,True
MAC003145,2013-06-25,0.21745299751684996,0.4514767932489452,0.2965931863727455,0.5833333333333334,14.0,0.802740029169018,True
MAC003145,2013-06-26,0.535650940049663,1.1054852320675106,0.3006012024048096,0.2916666666666667,2.5,0.717156532052445,True
MAC003145,2013-06-27,1.0759134444838596,4.177215189873418,3.396793587174349,0.3541666666666667,3.0,0.7484418395001254,True
MAC003145,2013-06-28,0.6175948918056048,0.8945147679324895,0.4849699398797595,0.3333333333333333,2.0,0.6860062305377563,True
MAC003145,2013-06-29,0.4874068818730047,1.4219409282700424,0.4569138276553106,0.3958333333333333,8.5,0.7799226594428482,True
MAC003145,2013-06-30,0.4852784675416814,0.8227848101265823,0.4028056112224449,0.4583333333333333,5.5,0.767284181997942,True
MAC003145,2013-07-01,0.4253281305427457,0.5485232067510549,0.5851703406813626,0.3541666666666667,3.0,0.7144743382039778,True
MAC003145,2013-07-02,0.3855977296913799,1.0759493670886076,0.48697394789579157,0.4583333333333333,10.0,0.7719706418886916,True
MAC003145,2013-07-03,0.1319616885420362,0.14345991561181437,0.4909819639278557,0.5625,8.5,0.794502340505845,True
MAC003145,2013-07-04,0.12557644554806668,0.16033755274261605,0.48897795591182364,0.6041666666666666,14.5,0.8036934370087777,True
MAC003145,2013-07-05,0.4586732884001419,0.620253164556962,0.4669338677354709,0.4583333333333333,10.5,0.7728264252724392,True
MAC003145,2013-07-06,0.42000709471443776,0.8987341772151899,0.4509018036072144,0.4583333333333333,5.5,0.7644342510282417,True
MAC003145,2013-07-07,0.358283079106066,0.489451476793249,0.4909819639278557,0.4583333333333333,4.5,0.7577090429720206,True
MAC003145,2013-07-08,0.4466122738559773,0.7552742616033755,0.3967935871743487,0.5,4.5,0.7636652005557439,True
MAC003145,2013-07-09,0.3671514721532458,0.7257383966244726,0.47695390781563124,0.5208333333333334,5.5,0.7641925063095529,True
MAC003145,2013-07-10,0.33664420007094714,0.5949367088607594,0.39879759519038077,0.4791666666666667,4.5,0.7643271040591781,True
MAC003145,2013-07-11,0.3781482795317489,0.6413502109704642,0.45290581162324645,0.375,4.0,0.7511532725512444,True
MAC003145,2013-07-13,0.3554451933309684,0.5949367088607594,0.4388777555110221,0.5208333333333334,9.5,0.7741772096398091,True
MAC003145,2013-07-14,0.42745654487406887,0.5274261603375527,0.45290581162324645,0.4583333333333333,5.0,0.7597997157305078,True
MAC003145,2013-07-15,0.14650585313941114,0.3206751054852321,0.503006012024048,0.6041666666666666,14.5,0.7996255070268447,True
MAC003145,2013-07-16,0.29123802766938633,0.43037974683544306,0.46492985971943884,0.5208333333333334,11.5,0.7804883676960465,True
MAC003145,2013-07-17,0.391273501241575,0.5316455696202532,0.49899799599198397,0.4583333333333333,7.5,0.7654755816929013,True
MAC003145,2013-07-18,0.4494501596310748,0.759493670886076,0.4909819639278557,0.3958333333333333,4.0,0.74991576355403,True
MAC003145,2013-07-19,0.2263213905640298,0.43037974683544306,0.41683366733466937,0.5,10.0,0.7840170499455724,True
MAC003145,2013-07-20,0.5757360766229159,1.0379746835443038,0.5050100200400801,0.4375,5.0,0.7564349598233214,True
MAC003145,2013-07-21,0.4831500532103583,0.5274261603375527,0.5470941883767535,0.375,4.5,0.7552629429033471,True
MAC003145,2013-07-22,1.0720113515431005,3.147679324894515,0.4629258517034068,0.2708333333333333,2.5,0.7076309047157581,True
MAC003145,2013-07-23,0.3781482795317489,0.37130801687763715,0.4669338677354709,0.375,4.0,0.7532001531509149,True
MAC003145,2013-07-24,0.3980134799574317,0.5991561181434599,0.47094188376753504,0.4375,4.0,0.7524838246069425,True
MAC003145,2013-07-25,1.0,3.5654008438818567,0.501002004008016,0.2708333333333333,3.5,0.7313785046254891,True
MAC003145,2013-07-26,0.5473572188719404,0.978902953586498,0.5050100200400801,0.375,3.5,0.7321621655245333,True
MAC003145,2013-07-27,0.46505853139411135,0.7763713080168777,0.5270541082164328,0.5,11.0,0.7764515925189752,True
MAC003145,2013-07-28,0.6821567931890742,1.5274261603375527,0.42284569138276556,0.3333333333333333,3.5,0.7396193028313004,True
MAC003145,2013-07-29,0.46151117417523946,0.6919831223628693,0.4749498997995992,0.25,2.0,0.669323489784314,True
MAC003145,2013-07-31,0.667257892869812,3.4008438818565403,0.4428857715430862,0.4791666666666667,10.0,0.7833766758395805,True
MAC003145,2013-08-02,0.5846044696700958,1.0801687763713081,0.4749498997995992,0.3125,2.0,0.6815899963132678,True
MAC003145,2013-08-03,0.4054629301170628,0.6413502109704642,0.4328657314629259,0.4375,8.0,0.7698192118023819,True
MAC003145,2013-08-04,0.5015963107484923,1.0379746835443038,0.3967935871743487,0.3541666666666667,3.5,0.7415741878809854,True
MAC003145,2013-08-05,0.15076268180205746,0.16033755274261605,0.41883767535070143,0.5416666666666666,10.5,0.7985442074338733,True
MAC003145,2013-08-06,0.34267470734302946,0.5063291139240507,0.49498997995991983,0.5208333333333334,12.5,0.7755647764153432,True
MAC003145,2013-08-07,0.4757006030507272,0.9957805907172996,0.4729458917835671,0.4375,4.5,0.760565505265621,True
MAC003145,2013-08-08,0.5310393756651295,1.3037974683544304,0.4789579158316633,0.4583333333333333,9.0,0.778604562019975,True
MAC003145,2013-08-09,0.5509045760908123,0.9915611814345991,0.48697394789579157,0.25,3.5,0.7143184768647869,True
MAC003145,2013-08-11,0.42355445193330965,0.6582278481012659,0.4749498997995992,0.375,4.0,0.7493766069133369,True
MAC003145,2013-08-12,0.4100744945015963,0.4556962025316456,0.4849699398797595,0.375,6.5,0.765216670337793,True
MAC003145,2013-08-13,0.5501951046470379,1.0253164556962024,0.42885771543086176,0.375,4.5,0.7572941695503268,True
MAC003145,2013-08-14,0.38027669386307206,0.510548523206751,0.40480961923847697,0.4791666666666667,5.5,0.7656585917611193,True
MAC003145,2013-08-15,0.4717985101099681,0.6075949367088608,0.45891783567134264,0.4375,9.0,0.7702164235738123,True
MAC003145,2013-08-16,1.3699893579283435,2.2320675105485233,0.468937875751503,0.20833333333333334,2.5,0.6854922099798908,True
MAC003145,2013-08-17,0.5959560127704859,0.8860759493670887,0.6492985971943888,0.4166666666666667,9.0,0.763983947986575,True
MAC003145,2013-08-18,0.7917701312522172,0.9746835443037976,0.42484969939879763,0.25,4.0,0.7265750611355227,True
MAC003145,2013-08-19,0.4253281305427457,0.8481012658227849,0.4969939879759519,0.5416666666666666,12.5,0.7738233788603575,True
MAC003145,2013-08-20,0.3958850656261086,0.6751054852320676,0.4268537074148297,0.4791666666666667,10.5,0.7754929606221143,True
MAC003145,2013-08-21,0.7743880808797445,1.109704641350211,0.438877755511022,0.3333333333333333,4.5,0.7516151133812777,True
MAC003145,2013-08-22,0.6438453352252572,0.7257383966244726,0.4549098196392785,0.3333333333333333,8.0,0.7656268267188995,True
MAC003145,2013-08-23,0.5370698829372118,0.8776371308016878,0.46492985971943884,0.4583333333333333,10.5,0.7727456973323152,True
MAC003145,2013-08-25,1.1585668676835759,3.50210970464135,0.4148296593186373,0.3125,6.5,0.7710023701488965,True
MAC003145,2013-08-26,0.4430649166371054,0.6877637130801688,0.4088176352705411,0.3541666666666667,6.0,0.7668837544645689,True
MAC003145,2013-08-27,0.477119545938276,0.5864978902953587,0.4028056112224449,0.4166666666666667,6.0,0.7667604963989919,True
MAC003145,2013-08-28,1.3189074139765875,3.590717299578059,0.40681362725450904,0.3125,6.5,0.7719124069185713,True
MAC003145,2013-08-29,0.6246896062433487,1.1940928270042193,0.48296593186372744,0.375,3.5,0.7304345558239034,True
MAC003145,2013-08-30,0.40475345867328844,0.8945147679324895,0.45891783567134264,0.4791666666666667,11.0,0.7787905526354071,True
MAC003145,2013-08-31,0.36892515076268184,0.5274261603375527,0.41082164328657317,0.4375,8.5,0.7726840887546653,True
MAC003145,2013-09-01,0.5047889322454772,0.7974683544303798,0.45290581162324645,0.4166666666666667,9.0,0.7688344107075452,True
MAC003145,2013-09-02,1.3586378148279532,2.9873417721518987,0.41282565130260523,0.22916666666666666,5.0,0.7490119848090077,True
MAC003145,2013-09-04,0.52465413267116,0.5654008438818566,0.5210420841683366,0.3541666666666667,8.5,0.7650228340257366,True
MAC003145,2013-09-05,0.5973749556580348,0.5611814345991561,0.40681362725450904,0.3125,5.5,0.7560397806196479,True
MAC003145,2013-09-06,0.6222064561901384,0.7130801687763714,0.41082164328657317,0.22916666666666666,2.5,0.6804128004243158,True
MAC003145,2013-09-07,0.6112096488116354,0.8987341772151899,0.5070140280561122,0.2708333333333333,4.0,0.7307764308256642,True
MAC003145,2013-09-08,0.9950336998935794,2.7130801687763717,0.4629258517034068,0.3333333333333333,3.0,0.7284596199753214,True
MAC003145,2013-09-09,0.7140830081589216,1.2573839662447257,0.40480961923847697,0.1875,3.0,0.6952786894336872,True
MAC003145,2013-09-10,0.6090812344803123,0.620253164556962,0.42484969939879763,0.2916666666666667,5.5,0.7494843434868921,True
MAC003145,2013-09-11,0.5196878325647393,0.6160337552742616,0.45891783567134264,0.3541666666666667,8.5,0.7668365946487519,True
MAC003145,2013-09-12,0.751330258957077,0.7890295358649789,0.42885771543086176,0.2708333333333333,4.5,0.7425983973819323,True
MAC003145,2013-09-14,0.9347286271727564,1.2658227848101267,0.42284569138276556,0.2708333333333333,5.5,0.7462693303343529,True
MAC003145,2013-09-16,0.8623625399077688,0.8607594936708861,0.7635270541082164,0.2708333333333333,3.0,0.685022373743517,True
MAC003145,2013-09-17,1.9059950336998936,5.729957805907174,0.48096192384769537,0.16666666666666666,1.0,0.6767838673395632,True
MAC003145,2013-09-18,0.8222774033345158,1.1434599156118144,0.5270541082164328,0.2916666666666667,3.0,0.6998030935369255,True
MAC003145,2013-09-20,1.299396949272792,2.1814345991561184,0.3807615230460922,0.1875,2.0,0.670366319493462,True
MAC003145,2013-09-21,0.9028024122029088,1.489451476793249,0.4669338677354709,0.22916666666666666,4.5,0.7303022117054131,True
MAC003145,2013-09-22,0.37069882937211773,1.5232067510548524,0.3967935871743487,0.4375,10.5,0.787278464816124,True
MAC003145,2013-09-23,0.1610500177367861,0.13924050632911394,0.3967935871743487,0.4375,10.5,0.7996255070268447,True
MAC003145,2013-09-24,0.14544164597374956,0.13924050632911394,0.4448897795591183,0.4375,10.5,0.7998960606250983,True
MAC003145,2013-09-25,0.15785739623980136,0.13924050632911394,0.3967935871743487,0.4166666666666667,10.0,0.794502340505845,True
MAC003145,2013-09-26,0.16459737495565804,0.13924050632911394,0.4569138276553106,0.4166666666666667,10.0,0.7918191345614413,True
MAC003145,2013-09-27,0.7577155019510465,1.869198312236287,0.45891783567134264,0.4375,10.5,0.7818510826154518,True
MAC003145,2013-09-28,1.319971621142249,3.320675105485232,0.38276553106212424,0.2708333333333333,6.0,0.7625686424960705,True
MAC003145,2013-10-02,0.7332387371408302,0.7130801687763714,0.5110220440881763,0.22916666666666666,4.5,0.7285830062270374,True
MAC003145,2013-10-05,0.7456544874068819,0.8818565400843882,0.5791583166332664,0.2916666666666667,7.0,0.7492062154910657,True
MAC003145,2013-10-06,1.1337353671514723,3.759493670886076,0.41082164328657317,0.2916666666666667,5.0,0.7593952408864716,True
MAC003145,2013-10-08,0.8102163887903512,1.0759493670886076,0.39879759519038077,0.20833333333333334,2.5,0.6724183167375583,True
MAC003145,2013-10-09,0.7985101099680738,0.7679324894514769,0.4629258517034068,0.2916666666666667,7.0,0.7552543864305516,True
MAC003145,2013-10-10,1.3657325292656972,2.4345991561181433,0.39478957915831664,0.16666666666666666,3.0,0.7064455244649479,True
MAC003145,2013-10-12,0.8148279531748848,0.7721518987341772,0.4328657314629259,0.2916666666666667,6.5,0.7567889276248313,True
MAC003145,2013-10-13,4.518268925150762,11.156118565400844,0.44088176352705416,0.0625,1.5,0.6994406759662278,True
MAC003145,2013-10-15,0.932245477119546,1.708860759493671,0.46492985971943884,0.25,6.0,0.7435250474033113,True
MAC003145,2013-10-19,0.8637814827953175,0.7932489451476794,0.41683366733466937,0.25,6.0,0.7425348539160763,True
MAC003145,2013-10-21,1.4061724015608372,2.628691983122363,0.49498997995991983,0.16666666666666666,2.5,0.6777822257604816,True
MAC003145,2013-10-23,1.2202908832919475,2.1729957805907176,0.4969939879759519,0.16666666666666666,3.0,0.6891719385572813,True
MAC003145,2013-10-25,1.0063852429939695,0.869198312236287,0.47695390781563124,0.25,5.5,0.7355753464882886,True
MAC003145,2013-10-26,0.9503369989357928,1.4556962025316456,0.44689378757515025,0.25,6.0,0.7446288462039482,True
MAC003145,2013-10-28,1.0056757715501952,0.818565400843882,0.5070140280561122,0.25,6.0,0.7340323189954099,True
MAC003145,2013-11-02,1.0883291947499114,1.687763713080169,0.4088176352705411,0.2708333333333333,6.0,0.7530758340496734,True
MAC003145,2013-11-03,4.8151826179496275,10.831223206751055,0.41883767535070143,0.0625,1.5,0.7008618137305481,True
MAC003145,2013-11-04,1.010642071656616,0.9113924050632912,0.6112224448897795,0.1875,3.5,0.682621475217079,True
MAC003145,2013-11-08,1.4746363958850657,3.4852320675105486,0.4148296593186373,0.14583333333333334,3.0,0.7049169766825969,True
MAC003145,2013-11-10,1.1926214969847464,0.708860759493671,1.0100200400801602,0.2708333333333333,6.5,0.7380121617873338,True
MAC003145,2013-11-14,1.0351188364668322,0.9113924050632912,1.0,0.25,6.0,0.7234770813896901,True
MAC003145,2013-11-16,1.4678964171692088,1.7637130801687764,1.028056112224449,0.20833333333333334,5.0,0.7190833881769451,True
MAC003145,2013-11-23,1.6250443419652358,3.7510548523206753,1.098196392785571,0.20833333333333334,5.0,0.733331175804905,True
MAC003145,2013-11-30,1.6097907059240866,1.7637130801687764,2.2945891783567136,0.16666666666666666,4.0,0.7169987365593453,True
MAC003315,2013-06-14,0.14333519241494702,0.04434250764525994,0.518,0.0,4.5,0.7406695424738072,True
MAC003315,2013-06-15,0.14445064138315672,0.041284403669724766,0.518,0.0,3.5,0.7142067542353147,True
MAC003315,2013-06-16,0.1418014500836587,0.03669724770642202,0.504,0.0,3.0,0.7100054265679443,True
MAC003315,2013-06-17,0.14361405465699945,0.0382262996941896,0.506,0.0,3.0,0.7081422586637951,True
MAC003315,2013-06-18,0.14361405465699945,0.03363914373088685,0.51,0.0,3.5,0.7139651838404005,True
MAC003315,2013-06-19,0.1450083658672616,0.035168195718654434,0.514,0.0,3.5,0.7139651838404005,True
MAC003315,2013-06-20,0.14472950362520914,0.039755351681957186,0.522,0.0,3.0,0.7078530751990555,True
MAC003315,2013-06-21,0.14514779698828778,0.0382262996941896,0.518,0.0,2.5,0.6973176345553935,True
MAC003315,2013-06-22,0.14486893474623536,0.0382262996941896,0.508,0.0,2.5,0.6976025139133423,True
MAC003315,2013-06-23,0.1420803123257111,0.03363914373088685,0.508,0.0,4.5,0.7404190214127626,True
MAC003315,2013-06-24,0.14347462353597323,0.039755351681957186,0.516,0.0,6.0,0.748872309593118,True
MAC003315,2013-08-12,0.04433909648633575,0.0382262996941896,0.32,0.0,3.0,0.7439466696824427,True
MAC003315,2013-08-13,0.04294478527607362,0.047400611620795105,0.32,0.0625,2.0,0.7340836255532774,True
MAC003315,2013-08-14,0.040853318460680424,0.06269113149847094,0.27,0.0,3.0,0.7396063965616979,True
MAC003315,2013-08-15,0.045315114333519244,0.047400611620795105,0.316,0.0,3.5,0.7482374210317071,True
MAC003315,2013-08-16,0.044060234244283326,0.047400611620795105,0.29600000000000004,0.0625,3.5,0.7563874326857268,True
MAC003315,2013-08-17,0.028304517568321252,0.019877675840978593,0.266,0.14583333333333334,2.5,0.761810182944474,True
MAC003315,2013-08-18,0.040016731734523144,0.0382262996941896,0.264,0.020833333333333332,4.0,0.768503790154798,True
MAC003315,2013-08-19,0.06455660903513664,0.06269113149847094,0.398,0.041666666666666664,5.0,0.7615464147315721,True
MAC003315,2013-08-20,0.03778583379810374,0.03211009174311927,0.272,0.041666666666666664,3.0,0.75255291951392,True
MAC003315,2013-08-21,0.03694924707194646,0.02599388379204893,0.312,0.08333333333333333,3.5,0.7638444917159628,True
MAC003315,2013-08-22,0.032905744562186284,0.01834862385321101,0.256,0.020833333333333332,2.5,0.7439466696824427,True
MAC003315,2013-08-23,0.03332403792526492,0.027522935779816512,0.254,0.041666666666666664,6.0,0.7808513633007358,True
MAC003315,2013-08-24,0.03485778025655326,0.016819571865443424,0.252,0.0,4.0,0.768503790154798,True
MAC003315,2013-08-25,0.03918014500836587,0.03363914373088685,0.244,0.020833333333333332,5.0,0.7761109905505585,True
MAC003315,2013-08-26,0.037506971556051316,0.024464831804281346,0.276,0.041666666666666664,4.5,0.7760803017155414,True
MAC003568,2013-11-25,0.02813409522547211,0.016030956329463792,0.1343612334801762,0.0,2.0,0.7256371119180651,True
MAC003568,2013-11-26,0.025223671581457753,0.016030956329463792,0.11306901615271658,0.0,2.0,0.729372726683137,True
MAC003568,2013-11-27,0.026193812796129205,0.015478164731896076,0.11527165932452275,0.0,1.5,0.7156377378034379,True
MAC003568,2013-11-28,0.02560094872049665,0.014925373134328358,0.11013215859030838,0.0,1.5,0.7156377378034379,True
MAC003568,2013-11-29,0.024684704239973612,0.015478164731896076,0.11086637298091044,0.0,1.5,0.7156377378034379,True
MAC003568,2013-11-30,0.026355502998574445,0.016030956329463792,0.12261380323054331,0.0,1.0,0.7069830587183058,True
MAC003568,2013-12-01,0.02490029117656727,0.015478164731896076,0.11086637298091044,0.0,1.5,0.7156377378034379,True
MAC003704,2013-02-19,0.09419102822580645,0.047655068078668684,0.21678321678321677,0.0,1.0,0.6820983774417078,True
MAC003704,2013-02-20,0.09173387096774194,0.055975794251134636,0.2937062937062937,0.0,1.0,0.680347920977938,True
MAC003704,2013-02-21,0.07497479838709677,0.047655068078668684,0.1811824539097266,0.0,1.5,0.6999812140613527,True
MAC003704,2013-02-22,0.07472278225806452,0.047655068078668684,0.2129688493324857,0.0,1.0,0.6878779959445182,True
MAC003704,2013-02-23,0.06798135080645161,0.0453857791225416,0.15384615384615383,0.0,2.0,0.7170960434941647,True
MAC003704,2013-02-24,0.06930443548387097,0.0416036308623298,0.1951684678957406,0.0,1.5,0.699744455255432,True
MAC003739,2013-01-24,0.18046525068631702,0.0518783542039356,0.5449438202247191,0.0,2.0,0.6706135126279582,True
MAC003854,2013-08-11,0.23853449395868517,0.06771343790839668,0.3640167364016737,0.0,2.5,0.6929552881971747,True
MAC003854,2013-08-24,0.23190853579316614,0.047105000284102035,0.44142259414225943,0.0,4.5,0.734468737361397,True
MAC003854,2013-12-25,0.17110562556840325,0.043179583593760194,0.3064853556485356,0.0,0.5,0.6730013267040603,True
MAC003854,2013-12-26,0.16772768611147199,0.04219822942117474,0.3075313807531381,0.0,0.5,0.6759254389092305,True
MAC003854,2013-12-27,0.16707808236975447,0.04219822942117474,0.3054393305439331,0.0,0.5,0.6772987979375309,True
MAC003869,2013-08-06,0.09879107023659421,0.07083716651333946,0.27122835943940643,0.0,0.5,0.6817811766501249,True
MAC003869,2013-08-07,0.09070681599050656,0.03955841766329347,0.22423742786479803,0.0,1.0,0.6850912032580525,True
MAC003869,2013-08-08,0.09975524734851293,0.07451701931922723,0.21846661170651277,0.0,0.5,0.6846658775331479,True
MAC003869,2013-08-09,0.08870429429652153,0.03863845446182153,0.22835943940643033,0.0,0.5,0.6972209381826872,True
MAC003869,2013-08-11,0.08714677742342208,0.03955841766329347,0.22341302555647155,0.0,0.5,0.6972209381826872,True
MAC003869,2013-08-12,0.09997774975895572,0.0735970561177553,0.236603462489695,0.0,0.5,0.6817811766501249,True
MAC003869,2013-08-13,0.08099087740117185,0.03679852805887765,0.20774938169826873,0.0,0.5,0.6993469586763057,True
MAC003869,2013-08-14,0.08269672921456649,0.03679852805887765,0.23000824402308326,0.0,0.5,0.6981650370937427,True
MAC003869,2013-08-16,0.08544092561002743,0.03771849126034959,0.23825226710634786,0.0,0.5,0.6945182501318802,True
MAC003869,2013-08-18,0.08291923162500926,0.03679852805887765,0.2225886232481451,0.0,0.5,0.6981650370937427,True
MAC003869,2013-08-20,0.08484758584884669,0.03863845446182153,0.21929101401483925,0.0,1.0,0.6853230041305166,True
MAC003869,2013-08-22,0.08655343766224134,0.03771849126034959,0.24072547403132727,0.0,1.0,0.6843962709549135,True
MAC003869,2013-08-23,0.09404435214714826,0.05243790248390065,0.2423742786479802,0.0,0.5,0.690082119334937,True
MAC003869,2013-08-24,0.09092931840094934,0.07267709291628335,0.23577906018136846,0.0,1.0,0.6710562491047806,True
MAC003869,2013-08-25,0.0837350737966328,0.03679852805887765,0.23000824402308326,0.0,1.0,0.684859480788975,True
MAC004000,2013-05-26,0.0862647554729174,0.034348671419313026,0.22636688809402145,0.0,1.0,0.684859480788975,True
MAC004000,2013-05-27,0.08614631416105525,0.03758911211924822,0.23709759836484415,0.0,1.0,0.6843962709549135,True
MAC004000,2013-05-28,0.0891073469576085,0.0524951393389501,0.228921819110884,0.0,1.0,0.6827090778837565,True
MAC004000,2013-05-29,0.08713332509323966,0.03564484769928711,0.23096576392437404,0.0,1.0,0.6846278366967652,True
MAC004000,2013-05-30,0.08733072727967654,0.03564484769928711,0.23198773633111905,0.0,1.0,0.6846278366967652,True
MAC004233,2013-01-21,0.12589994461879267,0.0837118754055808,0.8724832214765099,0.4791666666666667,1.5,0.7330216346132105,True
MAC004233,2013-01-22,0.049658482554919704,0.016872160934458143,0.9060402684563758,0.6041666666666666,1.5,0.7614811598480384,True
MAC004233,2013-01-23,0.05390437511537751,0.015574302401038288,0.7919463087248321,0.5416666666666666,1.5,0.762792393853179,True
MAC004233,2013-01-24,0.051135314749861556,0.016223231667748216,0.8859060402684563,0.5625,1.5,0.7585090825734174,True
MAC004233,2013-01-25,0.05205833487170021,0.016223231667748216,0.8791946308724832,0.5416666666666666,1.5,0.7585090825734174,True
MAC004233,2013-01-26,0.05076610670112609,0.016223231667748216,0.8657718120805368,0.5833333333333334,1.5,0.7600502367253915,True
MAC004233,2013-01-27,0.05298135499353886,0.018170019467878003,0.7718120805369126,0.6041666666666666,1.5,0.7648595694165424,True
MAC004233,2013-01-28,0.05298135499353886,0.017521090201168075,0.8926174496644295,0.5416666666666666,1.5,0.7577396777683377,True
MAC004233,2013-01-29,0.054088979139745245,0.016872160934458143,0.8590604026845636,0.5,1.5,0.7587657244136226,True
MAC004233,2013-01-30,0.05445818718848071,0.016223231667748216,0.8724832214765099,0.5416666666666666,1.5,0.7590224530886931,True
MAC004233,2013-01-31,0.05150452279859702,0.015574302401038288,0.8590604026845636,0.5416666666666666,1.5,0.7590224530886931,True
MAC004233,2013-02-01,0.05371977109100978,0.015574302401038288,0.9261744966442953,0.5416666666666666,1.5,0.7565203070754939,True
MAC004233,2013-02-02,0.05445818718848071,0.016872160934458143,0.8456375838926173,0.5208333333333334,1.5,0.7595422515951741,True
MAC004233,2013-02-03,0.05205833487170021,0.015574302401038288,0.8791946308724832,0.5208333333333334,1.5,0.7582525275387071,True
MAC004233,2013-02-04,0.056673435480893486,0.016223231667748216,0.8590604026845636,0.5625,1.5,0.7587657244136226,True
MAC004233,2013-02-05,0.05298135499353886,0.015574302401038288,0.8590604026845636,0.5625,1.5,0.7590224530886931,True
MAC004233,2013-02-06,0.05353516706664205,0.015574302401038288,0.8523489932885905,0.5208333333333334,1.0,0.749686891854825,True
MAC004233,2013-02-07,0.056673435480893486,0.016223231667748216,0.919463087248322,0.5,1.0,0.745325568888623,True
MAC004233,2013-02-08,0.05335056304227432,0.014925373134328358,0.8859060402684563,0.5416666666666666,1.0,0.7492600988153905,True
MAC004233,2013-02-09,0.05445818718848071,0.016872160934458143,0.8523489932885905,0.5208333333333334,1.5,0.7595422515951741,True
MAC004233,2013-02-10,0.05593501938342256,0.016872160934458143,0.8859060402684563,0.5208333333333334,1.5,0.7579960592801308,True
MAC004233,2013-02-11,0.0550119992615839,0.016223231667748216,0.8456375838926173,0.5208333333333334,1.5,0.7595422515951741,True
MAC004233,2013-02-12,0.05611962340779029,0.018170019467878003,0.9060402684563758,0.5208333333333334,1.5,0.7567762760127434,True
MAC004233,2013-02-13,0.05427358316411297,0.016223231667748216,0.8859060402684563,0.5416666666666666,1.5,0.7585090825734174,True
MAC004233,2013-02-14,0.05298135499353886,0.016223231667748216,0.8724832214765099,0.5208333333333334,1.5,0.7587657244136226,True
MAC004233,2013-02-15,0.055196603285951634,0.016223231667748216,0.8724832214765099,0.5208333333333334,1.5,0.7585090825734174,True
MAC004233,2013-02-16,0.05445818718848071,0.013627514600908502,0.8590604026845636,0.5,1.0,0.7494333208021103,True
MAC004233,2013-02-17,0.05298135499353886,0.014925373134328358,0.8657718120805368,0.5208333333333334,1.5,0.7587657244136226,True
MAC004233,2013-02-18,0.054642791212848436,0.016223231667748216,0.8859060402684563,0.5208333333333334,1.5,0.7582525275387071,True
MAC004233,2013-02-19,0.057781059627099875,0.015574302401038288,0.8523489932885905,0.4791666666666667,1.0,0.7470847511492201,True
MAC004233,2013-02-20,0.08473324718478864,0.08436080467229072,0.8657718120805368,0.5625,1.5,0.7405280804586899,True
MAC004263,2013-01-01,0.30186915887850463,0.17782909930715934,0.43121387283237,0.0,4.5,0.7035390472281423,True
MAC004263,2013-01-06,0.37819314641744545,0.17782909930715934,0.40924855491329487,0.0,4.0,0.6929246504033847,True
MAC004263,2013-01-13,0.3481827622014538,0.1766743648960739,0.32485549132947983,0.0,4.5,0.7152681917579464,True
MAC004263,2013-01-14,0.2931464174454828,0.1466512702078522,0.5491329479768786,0.0,4.5,0.6910354068867378,True
MAC004353,2013-08-11,0.2274875295353111,0.09240621295460083,0.5178979436405178,0.0,3.0,0.6776757011537857,True
MAC004353,2013-08-22,0.2341822000525072,0.09332112595415132,0.559025133282559,0.0,3.0,0.6730727557533688,True
MAC004353,2013-08-23,0.23254134943554738,0.09149129995505033,0.5399847677075399,0.0,3.0,0.6762680591346587,True
MAC004353,2013-08-30,0.23254134943554738,0.09057638695549983,0.49657273419649645,0.0,3.0,0.6795063816805608,True
MAC004353,2013-08-31,0.23195064321344183,0.09149129995505033,0.5102817974105102,0.0,3.0,0.6777232481527912,True
MAC004353,2013-09-02,0.21751115778419533,0.08874656095639881,0.4729626808834729,0.0,3.0,0.6852262675429189,True
MAC004428,2013-01-13,4.481377383462169,4.197470914396887,36.6529518783542,0.0,1.0,0.6707377962151169,True
MAC004428,2013-01-17,6.48723356758023,4.1284046692607,43.84973184257603,0.0,1.0,0.6756199851439458,True
MAC004428,2013-01-18,4.85254157882408,4.909532976653697,34.395348837209305,0.0,1.0,0.6809463205807355,True
MAC004428,2013-01-19,4.787420883110799,4.024319163424124,37.47942611806798,0.0,1.0,0.6709382094450295,True
MAC004428,2013-01-20,5.202037994846568,4.099221984435798,41.44007209302326,0.0,1.0,0.6756199851439458,True
MAC004428,2013-01-21,4.469547926914968,4.041828988326848,37.48121592128801,0.0,0.5,0.6700135620665005,True
MAC004428,2013-01-22,5.27512295619583,4.0145913424124515,40.890876207513415,0.0,1.0,0.6758485814261135,True
MAC004428,2013-01-23,5.016514371047084,4.0087546692607,43.47763881932021,0.0,1.0,0.6718467192132153,True
MAC004428,2013-01-27,4.282384680252987,4.197470914396887,33.543828622540246,0.0,1.0,0.6689250022890137,True
MAC004428,2013-02-08,5.723822921058796,4.054474902723735,36.311269946332736,0.0,1.0,0.6758485814261135,True
MAC004428,2013-02-09,4.674748208011244,4.0291830739299614,31.65831842576029,0.0,1.0,0.6709382094450295,True
MAC004428,2013-02-10,4.268798336847037,4.266537159533073,28.599284794275498,0.0,1.0,0.6700627877049422,True
MAC004428,2013-02-16,4.2248769735301,4.177042898832685,31.355992307692308,0.0,0.5,0.6712486207672679,True
MAC004428,2013-02-24,6.358397657531038,4.053501750972763,40.44543756708408,0.0,0.5,0.6766599792880842,True
MAC004428,2013-02-25,5.303818165846803,4.043774416342413,37.5223602862254,0.0,1.0,0.6758485814261135,True
MAC004428,2013-02-26,5.039939072382291,4.513618579766537,38.97316583184258,0.0,1.0,0.6748399673088314,True
MAC004428,2013-02-27,4.397634141485125,4.221790077821012,36.72093041144902,0.0,0.5,0.6728400560322707,True
MAC004428,2013-03-02,4.219489318341532,4.2237354085603105,34.01252218246869,0.0,1.0,0.6698307859963777,True
MAC004428,2013-03-03,4.6583508784258605,4.1595330739299605,34.95348837209303,0.0,1.0,0.6702576334385998,True
MAC004428,2013-03-07,4.001756875146404,4.2684824902723735,26.694096422182472,0.0,0.5,0.6712539945076612,True
MAC004428,2013-03-10,4.310377160927618,4.381323151750973,31.731663327370303,0.0,1.0,0.670743165866059,True
MAC004428,2013-03-12,5.0364254392129295,4.068093579766537,34.291592665474056,0.0,0.5,0.6741804867446668,True
MAC004428,2013-03-14,4.173694038416491,4.308365661478599,31.254024686940966,0.0,1.0,0.670516296418937,True
MAC004428,2013-03-16,3.6577653080346684,4.161478501945525,28.395349016100184,0.0,1.5,0.6689252354538862,True
MAC004428,2013-03-18,4.120285781213399,4.234435992217899,33.49910518783542,0.0,1.0,0.6696042251489212,True
MAC004428,2013-03-19,4.03665961583509,4.19455233463035,30.658318425760285,0.0,0.5,0.6701141863891557,True
MAC004428,2013-03-24,4.900796439447177,4.888132392996108,37.944543649373884,0.0,1.0,0.6809463205807355,True
MAC004428,2013-03-26,5.758140067931599,4.034046498054474,37.917710017889085,0.0,0.5,0.6756702081377678,True
MAC004428,2013-03-28,5.152026223940032,4.197470914396887,36.48837173524151,0.0,1.0,0.6739220147559583,True
MAC004428,2013-03-29,4.61243848676505,4.201361673151752,34.796064042933814,0.0,1.5,0.6821659351446903,True
MAC004428,2013-04-01,4.072265202623566,4.266537159533073,20.010733631484797,0.0,0.5,0.6714811135552157,True
MAC004428,2013-04-02,4.096509744670883,4.407587645914397,21.940966010733455,0.0,1.0,0.670516296418937,True
MAC004428,2013-04-03,4.978800632466619,4.069066245136187,38.66368461538462,0.0,1.0,0.6718467192132153,True
MAC004428,2013-04-04,4.74806740454439,4.082684824902723,36.86940912343471,0.0,1.0,0.6709382094450295,True
MAC004428,2013-04-06,4.61923169360506,4.049610992217898,38.93202164579607,0.0,1.0,0.6698042996732472,True
MAC004428,2013-12-10,2.8106113961115016,4.036965077821011,15.933810554561719,0.0,2.5,0.6800637256311741,True
MAC004454,2013-01-29,8.84511132623427,20.961538461538463,2.575,0.0,0.5,0.6686823826519455,True
MAC004468,2013-01-01,0.06270358306188925,0.025256849315068493,0.31832797427652737,0.16666666666666666,1.0,0.7360633371260975,True
MAC004468,2013-01-02,0.06070476754515842,0.024828767123287673,0.2813504823151125,0.1875,1.0,0.7411123205290212,True
MAC004468,2013-01-03,0.06329582469647616,0.02654109589041096,0.2942122186495177,0.1875,1.0,0.7398598139786322,True
MAC004468,2013-01-04,0.0638140361267397,0.032534246575342464,0.27813504823151125,0.14583333333333334,1.0,0.7291241085864091,True
MAC004468,2013-07-19,0.08061889250814332,0.025684931506849317,0.4067524115755627,0.020833333333333332,1.0,0.6817745803665444,True
MAC004468,2013-07-20,0.0800266508735564,0.023544520547945206,0.4228295819935691,0.020833333333333332,1.0,0.6803281400894731,True
MAC004468,2013-07-21,0.08631921824104233,0.023116438356164386,0.387459807073955,0.020833333333333332,1.0,0.6831598237991973,True
MAC004468,2013-07-22,0.07839798637844239,0.022688356164383562,0.36495176848874605,0.041666666666666664,0.5,0.7101835271965822,True
MAC004468,2013-07-23,0.07928634883032276,0.02183219178082192,0.3778135048231511,0.020833333333333332,1.0,0.6878031676976645,True
MAC004468,2013-07-24,0.08572697660645542,0.02696917808219178,0.37620578778135044,0.041666666666666664,1.0,0.6917670121121302,True
MAC004468,2013-07-25,0.0781758957654723,0.02696917808219178,0.35209003215434087,0.041666666666666664,1.0,0.6952862342284262,True
MAC004468,2013-07-26,0.07684335208765176,0.02696917808219178,0.3553054662379422,0.041666666666666664,0.5,0.7109046437414129,True
MAC004468,2013-07-27,0.08380219129404798,0.029537671232876716,0.3601286173633441,0.041666666666666664,0.5,0.7082641238294465,True
MAC004468,2013-07-28,0.07580692922712466,0.024828767123287673,0.3745980707395498,0.041666666666666664,1.0,0.6943460282001503,True
MAC004468,2013-07-29,0.0744743855493041,0.026113013698630137,0.36816720257234725,0.0625,0.5,0.7161793115902666,True
MAC004468,2013-07-30,0.0812851643470536,0.024400684931506853,0.3633440514469453,0.0625,1.0,0.7008914684057831,True
MAC004468,2013-07-31,0.07232750962392656,0.02011986301369863,0.36495176848874594,0.0625,0.5,0.7171490818182739,True
MAC004468,2013-08-01,0.07277169084986675,0.023544520547945206,0.33762057877813506,0.08333333333333333,1.0,0.7146710814530343,True
MAC004468,2013-08-02,0.08113710393840687,0.027397260273972605,0.34726688102893893,0.041666666666666664,1.0,0.6964632822939014,True
MAC004468,2013-08-03,0.0736600533017471,0.026113013698630137,0.3456591639871383,0.041666666666666664,0.5,0.7135550079263997,True
MAC004468,2013-08-04,0.0722534794196032,0.025256849315068493,0.34726688102893893,0.08333333333333333,0.5,0.726730234192187,True
MAC004468,2013-08-05,0.08047083209949658,0.030393835616438356,0.3633440514469453,0.08333333333333333,1.0,0.7084126683633084,True
MAC004468,2013-08-06,0.07010660349422565,0.02696917808219178,0.33762057877813506,0.08333333333333333,0.5,0.726730234192187,True
MAC004468,2013-12-21,0.0675155463429079,0.029109589041095896,0.4469453376205788,0.16666666666666666,0.5,0.7330866988179041,True
MAC004468,2013-12-22,0.06625703286941072,0.02696917808219178,0.4389067524115756,0.14583333333333334,1.0,0.7156160374805342,True
MAC004468,2013-12-23,0.06529464021320698,0.023116438356164386,0.40353697749196143,0.1875,1.0,0.7313987234237206,True
MAC004468,2013-12-24,0.06618300266508735,0.023116438356164386,0.4228295819935691,0.14583333333333334,1.0,0.7168275018114428,True
MAC004468,2013-12-25,0.0629997038791827,0.022688356164383562,0.3954983922829582,0.1875,1.0,0.7313987234237206,True
MAC004468,2013-12-26,0.06270358306188925,0.021404109589041098,0.409967845659164,0.1875,0.5,0.73931294576771,True
MAC004468,2013-12-27,0.06151909979271542,0.025684931506849317,0.40353697749196143,0.16666666666666666,0.5,0.7383423996848308,True
MAC004468,2013-12-28,0.0627776132662126,0.030821917808219176,0.4115755627009646,0.1875,1.0,0.7276282606130743,True
MAC004468,2013-12-29,0.06018655611489487,0.026113013698630137,0.3971061093247588,0.20833333333333334,0.5,0.7454216571661533,True
MAC004468,2013-12-30,0.06581285164347053,0.033818493150684935,0.4067524115755627,0.25,0.5,0.7497209155829183,True
MAC004468,2013-12-31,0.06122297897542196,0.031678082191780824,0.24437299035369775,0.1875,1.0,0.7424275077353828,True
MAC004513,2013-04-02,0.32740751947953706,0.7935323383084577,3.409490333919156,0.3333333333333333,2.5,0.7279275403435274,True
MAC004513,2013-04-03,0.4678114834707618,0.6716417910447762,0.7908611599297011,0.3125,2.5,0.6872698253241385,True
MAC004513,2013-04-04,0.470383538845601,0.6990049751243781,0.7416520210896309,0.4791666666666667,3.0,0.7162869421634905,True
MAC004513,2013-04-05,0.14781753536576142,0.5124378109452735,0.7908611599297011,0.4791666666666667,3.5,0.7487347049243245,True
MAC004513,2013-04-06,0.20863908011196006,0.6990049751243781,0.8084358523725833,0.5208333333333334,3.5,0.7427135895104877,True
MAC004513,2013-04-07,0.38959074060065063,0.7686567164179104,0.5166959578207382,0.375,3.5,0.7311766655865832,True
MAC004513,2013-04-08,0.5572282320901732,0.7014925373134328,0.7732864674868188,0.3333333333333333,2.5,0.6874755662222586,True
MAC004513,2013-04-09,0.18216203948861487,0.5422885572139303,0.6537785588752196,0.4583333333333333,3.0,0.7373810062109432,True
MAC004513,2013-04-10,0.47023224147061055,0.7313432835820894,0.4780316344463972,0.3541666666666667,3.0,0.7250833990367509,True
MAC004513,2013-04-11,0.4646342385959604,0.664179104477612,0.7135325131810193,0.375,3.0,0.7119287862906201,True
MAC004513,2013-04-12,0.17278160223920114,0.3582089552238806,0.7275922671353251,0.4375,2.5,0.7316943091151749,True
MAC004513,2013-04-13,0.15840835161509947,0.4253731343283582,0.6818980667838312,0.4791666666666667,3.0,0.7383794854115411,True
MAC004513,2013-04-14,0.39851728572509265,0.6791044776119403,0.42530755711775037,0.375,3.0,0.7273551127714569,True
MAC004513,2013-04-15,0.4246917315984568,0.7661691542288557,0.5342706502636203,0.3541666666666667,2.5,0.7038476382771629,True
MAC004513,2013-04-16,0.15810575686511838,0.29850746268656714,0.6045694200351492,0.4791666666666667,2.5,0.736661637863011,True
MAC004513,2013-04-17,0.42000151297374994,0.6019900497512437,0.7311072056239015,0.4166666666666667,3.0,0.7106899872908361,True
MAC004513,2013-04-18,0.46100310159618735,0.691542288557214,0.8119507908611597,0.4166666666666667,3.0,0.7139681346795812,True
MAC004513,2013-04-19,0.14448899311596944,0.39303482587064675,0.8400702987697714,0.4166666666666667,2.5,0.7251653776947905,True
MAC004513,2013-04-20,0.1464558589908465,0.24129353233830844,0.7627416520210897,0.4791666666666667,3.0,0.7507840234619145,True
MAC004513,2013-08-16,0.21242151448672364,0.4129353233830846,1.233743409490334,0.25,2.5,0.7032008321065002,True
MAC004513,2013-08-17,0.1488766169906952,0.12935323383084577,0.9701230228471002,0.4583333333333333,2.5,0.7454275494513976,True
MAC004513,2013-08-18,0.1525077539904683,0.13184079601990048,0.7838312829525481,0.4166666666666667,2.0,0.7302121802781284,True
MAC004513,2013-08-19,0.15795445949012785,0.12686567164179102,0.7592267135325131,0.4166666666666667,2.0,0.7310812888133275,True
MAC004513,2013-08-20,0.20364626673727212,0.22388059701492535,0.8717047451669595,0.3333333333333333,2.0,0.7128466901960416,True
MAC004513,2013-09-08,0.13858839549133822,0.12686567164179102,0.9349736379613356,0.4791666666666667,2.5,0.7456274505285646,True
MAC004513,2013-09-09,0.1550798093653075,0.20398009950248755,0.9103690685413005,0.4791666666666667,2.5,0.7385980564211435,True
MAC004513,2013-09-10,0.12935925561691505,0.12935323383084577,0.8752196836555359,0.4791666666666667,2.5,0.7484072667917183,True
MAC004513,2013-09-11,0.27309176185793177,0.5497512437810945,0.8857644991212653,0.4791666666666667,3.0,0.7226591651164802,True
MAC004520,2013-05-06,0.09646739130434784,0.7105263157894737,1.2303370786516856,0.875,19.0,0.8076186156142063,True
MAC004520,2013-05-25,0.1548913043478261,0.8771929824561404,0.44943820224719105,0.875,19.0,0.8022553820047438,True
MAC004520,2013-05-26,0.8556385869565218,1.3157894736842104,0.4606741573033708,0.25,2.5,0.6793751829598752,True
MAC004520,2013-08-14,0.12296195652173914,0.6666666666666666,0.4606741573033708,0.8333333333333334,15.5,0.8009057193182978,True
MAC004520,2013-08-20,0.20855978260869565,1.0175438596491229,0.44943820224719105,0.8333333333333334,20.0,0.8008995414752967,True
MAC004520,2013-08-21,1.1134510869565217,2.026315789473684,0.4775280898876405,0.25,2.0,0.6710678263399479,True
MAC004573,2013-04-23,0.0009225866012018224,0.006894390473205891,0.04955094456488077,0.9791666666666666,23.5,0.8472464596058272,True
MAC004573,2013-04-24,0.0015935586748031477,0.010028204324663116,0.04955094456488077,0.9583333333333334,23.0,0.8466734181236373,True
MAC004573,2013-04-28,0.31879560646982974,0.9909119398307741,0.04955094456488077,0.7083333333333334,9.0,0.7975907557172311,True
MAC004573,2013-04-29,0.14627191204508894,0.4575368223127546,0.9160730876432333,0.7291666666666666,11.0,0.794610347164579,True
MAC004573,2013-04-30,0.5001258093605879,1.5850830460670637,0.9241251161350263,0.75,14.0,0.7863828675424166,True
MAC004573,2013-05-03,0.16942044858433467,0.8003760576621749,0.12387736141220192,0.20833333333333334,1.0,0.7007917849274915,True
MAC004573,2013-05-07,0.6396880090568146,1.2610467565026637,0.12511613502632393,0.4166666666666667,9.0,0.7865466932539524,True
MAC004573,2013-06-01,0.5168162396914209,1.117518019429646,0.04955094456488077,0.8541666666666666,20.5,0.803005442479895,True
MAC004573,2013-10-02,0.45995135645370855,0.8987778125979317,0.22979250541963456,0.1875,0.5,0.6767202856523659,True
MAC004606,2013-02-12,7.168847409930096,4.643926622296173,19.2039911308204,0.0,0.5,0.6819778581545516,True
MAC004606,2013-02-14,7.728266714464958,4.850249584026622,8.75609756097561,0.0,0.5,0.6774765299037466,True
MAC004709,2013-01-20,11.628275563680683,13.083333333333334,25.70890479452055,0.0,1.5,0.7210093927572182,True
MAC004709,2013-01-28,12.646556855575868,12.555554629629631,0.9178082191780823,0.0,3.0,0.6909677489441386,True
MAC004709,2013-02-07,34.43631913467398,22.99074074074074,27.36301369863014,0.0,1.0,0.7165665505317399,True
MAC004709,2013-02-27,6.678854539914687,13.12962962962963,22.15068561643836,0.0,1.0,0.7131808405445447,True
MAC004709,2013-02-28,14.32480201096892,12.833333333333332,8.099315068493151,0.0,1.0,0.704116650524251,True
MAC004709,2013-03-01,17.307739305301645,13.361111111111112,38.78424657534247,0.0,1.0,0.7148716911546653,True
MAC004709,2013-03-02,24.734917672151127,13.166667592592592,19.246575342465754,0.0,0.5,0.7182860708821904,True
MAC004709,2013-03-09,7.943327239488117,10.111111111111112,12.578767123287673,0.0,1.5,0.717359971732992,True
MAC004709,2013-03-10,3.5332114564290067,9.472222222222221,10.188356164383563,0.0,1.5,0.6979611797608911,True
MAC004709,2013-03-16,6.544180377818404,10.351851851851853,10.845890410958905,0.0,1.5,0.7163899163275149,True
MAC004709,2013-03-22,3.154174283973187,12.759259259259258,5.380136986301371,0.0,2.0,0.6924320251174965,True
MAC004709,2013-03-23,16.425350274223035,13.675925925925927,0.8424657534246576,0.0,4.5,0.7198797028766831,True
MAC004709,2013-03-24,25.979281048141377,13.203703703703702,28.5547948630137,0.0,1.0,0.7148716911546653,True
MAC004709,2013-03-28,4.9067641681901275,9.425925925925926,17.54109589041096,0.0,2.5,0.7297061849404396,True
MAC004709,2013-03-29,13.834247471054235,13.13888888888889,25.50342465753425,0.0,1.5,0.7210093927572182,True
MAC004709,2013-03-30,4.794028031687995,8.722222222222221,11.006849315068493,0.0,1.0,0.7005285533020356,True
MAC004709,2013-04-08,4.391224862888483,23.055555555555557,6.39041095890411,0.0,1.0,0.6891883050863881,True
MAC004709,2013-10-16,0.5795246800731261,1.2962962962962965,0.4143835616438356,0.0,6.0,0.6695192020906902,True
MAC004709,2013-11-19,3.9299207190737357,11.657406481481482,9.91095890410959,0.0,1.0,0.694951726884655,True
MAC004709,2013-11-28,4.8756856185252895,12.861112037037039,14.29109589041096,0.0,1.0,0.7075203707825388,True
MAC004709,2013-12-08,14.699573369896404,13.305555555555555,0.44863013698630144,0.0,5.0,0.731530322929042,True
MAC004709,2013-12-09,6.8403413162705675,12.805555555555555,23.85274006849315,0.0,0.5,0.7165871444087829,True
MAC004709,2013-12-13,3.9293114564290064,10.416666666666666,0.8047945205479452,0.0,3.5,0.6859799310099923,True
MAC004709,2013-12-14,12.408896953077393,18.712962037037038,18.575342465753426,0.0,1.0,0.7153555272179053,True
MAC004709,2013-12-29,9.176721511273612,13.287036111111112,0.9280821917808221,0.0,3.5,0.6969569021330773,True
MAC004709,2013-12-30,3.4509445460085315,11.00925925925926,7.667808219178082,0.0,1.0,0.6725882410261954,True
MAC004751,2013-07-01,0.3040715010132647,0.05132254243979471,1.257142857142857,0.0,6.5,0.7296515584681026,True
MAC004751,2013-07-02,0.30397219614683313,0.05132254243979471,1.259259259259259,0.0,5.0,0.7186891034936266,True
MAC004751,2013-07-03,0.30297914748251814,0.05132254243979471,1.259259259259259,0.0,3.0,0.6775788508593186,True
MAC004751,2013-08-20,0.2561072505268483,0.0434267666798263,1.0857142857142856,0.0,5.5,0.7266955289995116,True
MAC004751,2013-08-21,0.27428004108381354,0.18476115278326097,1.0814814814814815,0.3125,7.5,0.7699044990636346,True
MAC004751,2013-08-22,1.4448858065783805,0.6427161468614291,0.1693121693121693,0.2708333333333333,6.5,0.7755901717590032,True
MAC004751,2013-08-25,0.860973191961138,0.4161073825503356,7.396825396825396,0.2916666666666667,3.5,0.7526740059296263,True
MAC004751,2013-08-26,0.23138033878540387,0.6332412159494671,0.1693121693121693,0.9375,19.0,0.8128509495711101,True
MAC004751,2013-08-27,0.8970208584757738,0.6435057244374259,0.1693121693121693,0.75,12.0,0.7931018104950607,True
MAC004751,2013-08-29,0.3179741823136752,0.3995262534544019,0.1693121693121693,0.375,9.0,0.7884755318825425,True
MAC004751,2013-08-30,0.1408143005998724,0.264508487958942,0.34074074074074073,0.25,5.0,0.7774856363815418,True
MAC004751,2013-08-31,0.17825223524454933,0.38768258981444925,0.1693121693121693,0.3958333333333333,8.5,0.7984067836604242,True
MAC004751,2013-10-09,1.6548162942145797,1.0438215554678247,6.023280423280423,0.0,5.0,0.6858068797147437,True
MAC004751,2013-10-30,2.377159892637338,1.6494275562574023,8.694179894179895,0.0,3.5,0.6693331469930875,True
MAC004751,2013-12-23,0.21559086502279476,0.036320568495854716,0.9354497354497354,0.0,3.5,0.6876910124151985,True
MAC004751,2013-12-24,0.21519364555706874,0.04105803395183577,0.9354497354497354,0.0,3.0,0.6798129482395918,True
MAC004751,2013-12-25,0.21102284116694559,0.035530990919857876,0.9206349206349206,0.0,3.5,0.6917706477558477,True
MAC004979,2013-08-13,0.14174589455488332,0.13043478260869565,1.0091463414634145,0.0,3.0,0.6791753069797966,True
MAC004979,2013-08-14,0.08110054739268222,0.02268431001890359,0.5335365853658536,0.0,4.0,0.7436824149997393,True
MAC004994,2013-09-13,2.2074521651560923,4.333333333333333,0.846031746031746,0.125,3.0,0.6925707823098487,True
MAC004994,2013-09-15,0.5000457749702463,1.0666666666666667,0.12698412698412698,0.7291666666666666,17.5,0.8008351705838285,True
MAC005179,2013-08-07,0.32670700086430426,0.1503623188405797,0.7731397459165155,0.3125,1.0,0.6733054674245529,True
MAC005179,2013-08-12,0.3242869490060501,0.1431159420289855,0.8366606170598913,0.3125,1.0,0.6723294017136366,True
MAC005179,2013-08-13,0.3101123595505618,0.1431159420289855,0.8185117967332125,0.2916666666666667,1.0,0.6714243413687275,True
MAC005179,2013-08-14,0.3120138288677614,0.14492753623188404,0.6424682395644283,0.3125,1.0,0.6800785154459084,True
MAC005179,2013-08-15,0.32255834053586857,0.1467391304347826,0.6805807622504539,0.3125,1.5,0.6922524891201941,True
MAC005179,2013-08-16,0.31823681936041487,0.14492753623188404,0.5952813067150636,0.3333333333333333,1.0,0.6847688702414068,True
MAC005179,2013-08-17,0.3191011235955056,0.1394927536231884,0.5934664246823957,0.3125,1.0,0.6810724411067216,True
MAC005179,2013-08-18,0.32117545375972345,0.1394927536231884,0.6805807622504538,0.2708333333333333,1.0,0.671891238239352,True
MAC005179,2013-08-19,0.3063094209161625,0.14130434782608695,0.7313974591651544,0.3541666666666667,1.5,0.6981454620239291,True
MAC005179,2013-08-20,0.33102852203975797,0.21739130434782605,0.5462794918330309,0.3333333333333333,1.0,0.6809720341703411,True
MAC005179,2013-08-22,0.32826274848746756,0.21376811594202896,0.6116152450090745,0.3333333333333333,1.0,0.6747938721350437,True
MAC005179,2013-08-25,0.30751944684528953,0.18840579710144925,0.6733212341197823,0.3333333333333333,1.5,0.6944319776472399,True
MAC005179,2013-08-26,0.31616248919619705,0.14855072463768115,0.7404718693284937,0.3125,1.0,0.6754590669193378,True
MAC005179,2013-08-27,0.3097666378565255,0.1431159420289855,0.8275862068965518,0.3125,1.0,0.6766117852808118,True
MAC005179,2013-08-31,0.3360414866032843,0.14130434782608695,0.6805807622504538,0.2916666666666667,1.0,0.6713927721046049,True
MAC005179,2013-09-01,0.3056179775280899,0.14492753623188404,0.8511796733212342,0.3541666666666667,1.0,0.6808846962062057,True
MAC005218,2013-02-09,0.38603039189549454,0.7327586206896552,2.068259385665529,0.3541666666666667,1.5,0.6853183840684643,True
MAC005218,2013-02-10,0.14422820581178353,0.06896551724137932,0.5870307167235495,0.4791666666666667,1.5,0.7445101976995964,True
MAC005218,2013-02-11,0.1431618235137297,0.09655172413793105,0.4948805460750854,0.4791666666666667,2.0,0.7511961003819428,True
MAC005218,2013-02-12,0.14929352172753932,0.06724137931034484,0.45392491467576795,0.5,2.0,0.757319914492856,True
MAC005218,2013-02-13,0.1263663023193815,0.06724137931034484,0.4675767918088738,0.5625,2.0,0.7591154125862974,True
MAC005218,2013-02-14,0.14076246334310852,0.09827586206896553,0.5665529010238908,0.5416666666666666,2.5,0.7593648826461219,True
MAC005218,2013-02-15,0.15942415355905093,0.0896551724137931,0.4368600682593857,0.4583333333333333,1.5,0.7434457114341757,True
MAC005218,2013-02-16,0.14956011730205276,0.10689655172413794,0.590443686006826,0.4375,1.0,0.7271662107862544,True
MAC005218,2013-02-17,0.16715542521994137,0.09137931034482759,0.5494880546075085,0.3541666666666667,1.0,0.7220113203360657,True
MAC005218,2013-02-27,0.15915755798453746,0.12413793103448276,0.4675767918088738,0.14583333333333334,7.0,0.7600083110441513,True
MAC005218,2013-02-28,0.13009864036257,0.06896551724137932,0.5426621160409557,0.375,1.0,0.7293761739963751,True
MAC005218,2013-03-17,0.14422820581178353,0.06206896551724138,0.590443686006826,0.375,1.0,0.7297964597874146,True
MAC005350,2013-12-01,1.9993863148204971,1.0359242325277598,26.60648148148148,0.25,6.0,0.7674289828846818,True
MAC005511,2013-09-07,0.11828967461529427,0.0812807881773399,0.5594713656387665,0.25,1.0,0.7137684912856586,True
